CustomerID,Recency,Frequency,Monetary,AOV,MedianDaysBetween,Monetary_log,Recency_log,KM_Cluster,PC1,PC2,Segment
12346,326,1,77183.6,77183.6,,11.253955234248428,5.7899601708972535,1,1.229098290695384,1.5452519111753775,Loyal Customers
12347,2,7,4310.0,23.68131868131868,0.0,8.368925174747135,1.0986122886681098,1,2.166996173420761,-1.1989934172783738,Loyal Customers
12348,75,4,1797.24,57.97548387096774,0.0,7.494563687769957,4.330733340286331,2,0.2163647842178795,0.3984400643892843,Potential Loyalists
12349,19,1,1757.55,24.07602739726028,0.0,7.472244884833674,2.995732273553991,2,0.5178853565399734,-0.6271297103719924,Potential Loyalists
12350,310,1,334.40000000000003,19.67058823529412,0.0,5.815323849389109,5.739792912179234,0,-1.391166350072947,0.7978163730459685,Champions
12352,36,8,2506.04,29.482823529411764,0.0,7.826858053356098,3.610917912644224,2,0.9675143739480307,0.3085539381050845,Potential Loyalists
12353,204,1,89.0,22.25,0.0,4.499809670330265,5.3230099791384085,0,-1.8620743844082397,0.3746676042451759,Champions
12354,232,1,1079.4,18.610344827586207,0.0,6.985086621918461,5.4510384535657,0,-0.7070082507340686,0.7791711314703947,Champions
12355,214,1,459.4,35.338461538461544,0.0,6.132095676847728,5.3706380281276624,0,-1.0887709448892997,0.6185020608563648,Champions
12356,23,3,2811.43,47.65135593220339,0.0,7.941804157314053,3.1780538303479458,2,0.8224937721659961,-0.3072927171080615,Potential Loyalists
12357,33,1,6207.67,47.38679389312977,0.0,8.733701981297274,3.5263605246161616,2,0.9167204650039754,-0.142925864639178,Potential Loyalists
12358,2,2,1168.06,61.47684210526315,0.0,7.063955286074528,1.0986122886681098,1,1.1583569064169776,-1.74287979223532,Loyal Customers
12359,58,4,6372.58,25.6958870967742,0.0,8.759916600117213,4.07753744390572,2,0.9326179450722746,0.4137008876736444,Potential Loyalists
12360,52,3,2662.06,20.63612403100775,0.0,7.887231116540211,3.970291913552122,2,0.4770848807624215,0.1600050394195183,Potential Loyalists
12361,287,1,189.9,18.99,0.0,5.251749730731702,5.662960480135946,0,-1.6338532593892872,0.6774601378236786,Champions
12362,3,10,5226.2300000000005,19.64748120300752,0.0,8.56163678004062,1.3862943611198906,1,2.3697973097360348,-0.7782200336854261,Loyal Customers
12363,110,2,552.0,24.0,0.0,6.315358001522335,4.709530201312334,0,-0.6586544088634049,0.3210678096334439,Champions
12364,8,4,1313.1,15.448235294117646,0.0,7.180907299649593,2.19722457733622,2,0.92292349634248,-0.9207585530630874,Potential Loyalists
12365,291,2,641.38,29.15363636363636,0.0,6.465180028897591,5.676753802268282,0,-0.9752693740376656,0.9201308510160052,Champions
12367,4,1,168.9,15.354545454545455,0.0,5.135210028677887,1.6094379124341005,2,-0.0586970596358597,-1.7656941630892946,Potential Loyalists
12370,51,4,3545.69,21.231676646706585,0.0,8.173770053153254,3.951243718581428,2,0.6988826372792633,0.2607432886133039,Potential Loyalists
12371,45,2,1887.96,29.96761904761905,0.0,7.543781692052325,3.828641396489095,2,0.2923459441104769,-0.0444875584160322,Potential Loyalists
12372,72,3,1298.04,24.962307692307693,0.0,7.169380809114136,4.290459441148391,2,-0.0003146589952501,0.2570745768823601,Potential Loyalists
12373,311,1,364.6,26.042857142857144,0.0,5.901539839579995,5.7430031878094825,0,-1.3506007154529345,0.8111115251404394,Champions
12374,25,1,742.9300000000001,22.513030303030305,0.0,6.61194694438522,3.258096538021482,2,-0.0054040367481088,-0.5834700782686841,Potential Loyalists
12375,11,2,457.5,26.91176470588235,0.0,6.127960291696519,2.4849066497880004,2,0.1458810315273087,-1.0360480239202887,Potential Loyalists
12377,315,2,1628.12,21.144415584415587,0.0,7.395795270713971,5.755742213586912,0,-0.555251626219213,1.0901933422029049,Champions
12378,130,1,4008.62,18.30420091324201,0.0,8.29645175271804,4.875197323201151,2,0.1614639809341851,0.6072588821986122,Potential Loyalists
12379,82,2,852.24,21.306,0.0,6.749040867823617,4.418840607796598,2,-0.3310846367816736,0.2041701068979623,Potential Loyalists
12380,22,4,2724.81,26.20009615384616,0.0,7.910520910634419,3.1354942159291497,2,0.8994531040104556,-0.2625588882122068,Potential Loyalists
12381,5,5,1845.31,21.21045977011494,0.0,7.520944331624911,1.791759469228055,1,1.3262458668331325,-1.0444008053359135,Loyal Customers
12383,185,5,1850.56,18.69252525252525,0.0,7.523783805985769,5.225746673713202,2,-0.0547193193800055,1.0126965484417054,Potential Loyalists
12384,29,2,585.27,21.676666666666662,0.0,6.373780434317173,3.4011973816621555,2,-0.1036238704599931,-0.4548275384177941,Potential Loyalists
12386,338,2,401.9,40.19,0.0,5.998688392197302,5.82600010738045,0,-1.2618301525603446,0.9479860473553524,Champions
12388,16,6,2780.6600000000003,27.806600000000003,0.0,7.930803150780257,2.833213344056216,1,1.181012812383713,-0.2922279048103705,Loyal Customers
12390,80,1,549.84,17.1825,0.0,6.311444385858925,4.394449154672439,0,-0.6087344059337787,0.0574890724259078,Champions
12391,22,1,460.89,4.6089,0.0,6.1353267674944725,3.1354942159291497,2,-0.1874501809412519,-0.7197695809188767,Potential Loyalists
12393,72,4,1582.6,24.728125,0.0,7.367456015231975,4.290459441148391,2,0.1708660865980905,0.3575524805237038,Potential Loyalists
12394,64,2,1272.48,47.12888888888889,0.0,7.149508589545504,4.174387269895637,2,-0.0382531404479518,0.1105834690737886,Potential Loyalists
12395,19,12,3018.63,19.350192307692307,0.0,8.012889586306857,2.995732273553991,1,1.6055347718727857,0.2620409154780961,Loyal Customers
12397,36,2,2409.9,19.12619047619048,0.0,7.7877554007552545,3.610917912644224,2,0.4984394451529002,-0.1427073658063546,Potential Loyalists
12398,46,1,1635.66,19.24305882352941,0.0,7.400412858792404,3.8501476017100575,2,0.1390679068733299,-0.1248686145158541,Potential Loyalists
12399,119,4,1108.65,18.790677966101697,0.0,7.011799929268738,4.787491742782046,2,-0.2018844175262578,0.6083275232973567,Potential Loyalists
12401,303,1,84.3,16.86,0.0,4.446174454497633,5.717027701406222,0,-2.046725258926065,0.6035823820367325,Champions
12402,323,1,225.6,20.50909090909091,0.0,5.423186348593906,5.780743515792329,0,-1.5980339546196811,0.7706176377702189,Champions
12403,50,1,427.7,85.53999999999999,0.0,6.060757373603932,3.9318256327243257,2,-0.544215077970307,-0.2526578397710225,Potential Loyalists
12405,149,1,1710.39,31.67388888888889,0.0,7.445061184797548,5.010635294096256,2,-0.306406985418243,0.576073306898247,Potential Loyalists
12406,22,2,3415.3,32.52666666666667,0.0,8.136313373066384,3.1354942159291497,2,0.8590453152620664,-0.3814766209624133,Potential Loyalists
12407,50,5,1708.12,22.18337662337662,0.0,7.443733897151405,3.9318256327243257,2,0.4272813711328921,0.2271675173566849,Potential Loyalists
12408,33,5,2888.55,27.51,0.0,7.968856059639959,3.5263605246161616,2,0.845447608556044,0.0535885566788597,Potential Loyalists
12409,79,3,11072.67,101.58412844036695,0.0,9.312325497408466,4.382026634673881,2,1.0032263262808745,0.5945845753118709,Potential Loyalists
12410,309,2,693.33,26.66653846153846,0.0,6.542947351813216,5.736572297479192,0,-0.9615930835882156,0.9662160131084594,Champions
12412,75,3,1226.88,20.112786885245903,0.0,7.113044384062484,4.330733340286331,2,-0.043878199587036,0.2737647606914736,Potential Loyalists
12413,67,3,758.1,19.95,0.0,6.632133521022722,4.219507705176107,2,-0.23258713443509,0.1437131454711593,Potential Loyalists
12414,217,3,562.4100000000001,31.245000000000005,0.0,6.334007604663526,5.384495062789089,0,-0.8462904921445504,0.80213603569893,Champions
12415,24,21,124914.53,174.46163407821228,0.0,11.735393027855736,3.218875824868201,1,3.9981227223024,1.5558647388953504,Loyal Customers
12417,3,9,3649.1,19.005729166666665,0.0,8.202509843461513,1.3862943611198906,1,2.12042583589798,-0.8999416470070635,Loyal Customers
12418,113,1,668.58,19.664117647058823,0.0,6.506650650150935,4.736198448394496,0,-0.6515320298445871,0.2879223618043323,Champions
12420,64,1,600.39,20.70310344827586,0.0,6.3992436425478765,4.174387269895637,2,-0.4775223930383292,-0.0627316435195435,Potential Loyalists
12421,16,4,807.04,17.93422222222222,0.0,6.694611562246261,2.833213344056216,2,0.4308107401477765,-0.6039902884499972,Potential Loyalists
12422,96,3,803.5600000000001,20.604102564102565,0.0,6.690295544136225,4.574710978503383,2,-0.3473357026291105,0.3641274710699399,Potential Loyalists
12423,1,8,1859.31,14.87448,0.0,7.528498419486568,0.6931471805599453,1,1.997202546174992,-1.4783460733594338,Loyal Customers
12424,163,2,1760.96,58.69866666666667,0.0,7.474182104762846,5.099866427824199,2,-0.2531734547090452,0.707708434397079,Potential Loyalists
12425,78,1,777.2,21.58888888888889,0.0,6.6569835605504535,4.3694478524670215,2,-0.4309106765082113,0.0880937407101804,Potential Loyalists
12426,195,1,582.73,19.424333333333333,0.0,6.369438547154207,5.278114659230517,0,-0.9362957425764578,0.5943938870619839,Champions
12427,22,3,825.8000000000001,26.63870967741936,0.0,6.717562827807614,3.1354942159291497,2,0.2452560230739925,-0.4942679368910348,Potential Loyalists
12428,26,9,7956.46,27.062789115646257,0.0,8.981865132439246,3.295836866004329,1,1.7301213759128573,0.3465450803668961,Loyal Customers
12429,9,4,3750.4,38.66391752577319,0.0,8.22988438262624,2.302585092994046,1,1.3897899704397827,-0.7192883283435828,Loyal Customers
12430,43,1,256.4,23.30909090909091,0.0,5.5506312951620265,3.784189633918261,0,-0.7324511111702127,-0.4083704314323492,Champions
12431,36,15,6487.45,27.48919491525424,0.0,8.777778952206313,3.610917912644224,1,1.9542927955782785,0.9544402242856928,Loyal Customers
12432,43,5,5059.32,46.84555555555556,0.0,8.529185001388596,3.784189633918261,2,1.013699180689003,0.2819213289078781,Potential Loyalists
12433,1,7,13375.87,31.847309523809525,0.0,9.50128237507538,0.6931471805599453,1,2.879975448172999,-1.2924743571859676,Loyal Customers
12434,85,2,806.14,16.122799999999998,0.0,6.6934971352559,4.454347296253507,2,-0.3723442947791204,0.2181096194701001,Potential Loyalists
12435,80,2,7829.89,217.49694444444447,0.0,8.965831447914955,4.394449154672439,2,0.7549874707722218,0.4819695546322984,Potential Loyalists
12436,100,1,509.01,31.813125,0.0,6.234430333369278,4.61512051684126,0,-0.7349555383565398,0.1794974580197842,Champions
12437,2,18,4951.41,24.75705,0.0,8.507629605767502,1.0986122886681098,1,3.05950330516823,-0.3628411749617164,Loyal Customers
12438,14,2,2906.85,29.66173469387755,0.0,7.975169255479829,2.70805020110221,2,0.952876350748709,-0.6587421649874556,Potential Loyalists
12441,367,1,173.55,15.77727272727273,0.0,5.162211233551045,5.908082938168931,0,-1.7759977516343597,0.8124610018545555,Champions
12442,3,1,172.06,14.338333333333331,0.0,5.153638355178593,1.3862943611198906,2,0.0400758358027124,-1.896911036514117,Potential Loyalists
12444,21,5,5005.46,28.27943502824859,0.0,8.518484357502437,3.091042453358316,1,1.2875288344547038,-0.1346377720556348,Loyal Customers
12445,22,1,133.4,33.35,0.0,4.900820428089049,3.1354942159291497,0,-0.786803875709779,-0.8826085283657513,Champions
12446,58,1,1002.31,17.281206896551726,0.0,6.9110598129904375,4.07753744390572,2,-0.1900486052679188,-0.0532263589542846,Potential Loyalists
12447,243,1,476.49,18.326538461538465,0.0,6.168543217293113,5.497168225293202,0,-1.12201008201456,0.6990926244966535,Champions
12448,44,1,449.45,20.42954545454545,0.0,6.110247083097449,3.80666248977032,2,-0.4698036502156787,-0.3210939820727241,Potential Loyalists
12449,22,4,4067.29,21.29471204188481,0.0,8.310978042729836,3.1354942159291497,1,1.0938753228816809,-0.2097361397122527,Loyal Customers
12450,156,2,197.88,24.735,0.0,5.292701627762401,5.056245805348308,0,-1.294724375788733,0.3938320369705361,Champions
12451,11,5,9035.52,25.52406779661017,0.0,9.109029423519525,2.4849066497880004,1,1.818237470364191,-0.4197750342923768,Loyal Customers
12452,17,2,430.5700000000001,19.57136363636364,0.0,6.067429722163682,2.8903717578961645,2,-0.0467256612356531,-0.801186586535205,Potential Loyalists
12453,134,1,707.09,16.443953488372095,0.0,6.562571204258897,4.90527477843843,0,-0.692443854358897,0.3965637507141022,Champions
12454,56,1,3528.34,235.22266666666667,0.0,8.168866163607964,4.04305126783455,2,0.4344995931912938,0.0920311485082399,Potential Loyalists
12455,73,6,2466.86,27.40955555555556,0.0,7.81110665732229,4.30406509320417,2,0.5308120483921137,0.5729227114753127,Potential Loyalists
12456,44,3,3181.04,25.44832,0.0,8.065277779528966,3.80666248977032,2,0.6293953137413616,0.0854876827461793,Potential Loyalists
12457,66,7,2363.23,37.511587301587305,0.0,7.768207666517555,4.204692619390966,2,0.6250018158735621,0.5820973464032575,Potential Loyalists
12458,71,2,947.4,24.931578947368426,0.0,6.854776354191251,4.276666119016055,2,-0.222517966211815,0.132964497669632,Potential Loyalists
12461,94,2,826.88,23.62514285714286,0.0,6.718868216346018,4.553876891600541,2,-0.40009202973753,0.2810676216710133,Potential Loyalists
12462,19,2,1189.59,19.186935483870965,0.0,7.082204261557526,2.995732273553991,2,0.4035354539319344,-0.6042278868028559,Potential Loyalists
12463,53,4,1344.78,16.202168674698793,0.0,7.204729049594601,3.9889840465642745,2,0.213220266151323,0.1555247129023777,Potential Loyalists
12464,10,8,1212.05,41.79482758620689,0.0,7.100893128209941,2.3978952727983707,2,1.1033574027018187,-0.5137226460910308,Potential Loyalists
12465,17,2,742.19,15.791276595744682,0.0,6.610951732080795,2.8903717578961645,2,0.2171546562917033,-0.7294927043865399,Potential Loyalists
12468,188,2,729.54,19.198421052631577,0.0,6.593783986707386,5.241747015059643,0,-0.7377210676050261,0.6765552708745809,Champions
12471,2,30,19824.05,43.09576086956522,0.0,9.894701568567964,1.0986122886681098,1,4.633108844232745,0.7123289617303499,Loyal Customers
12472,32,7,6572.11,19.386755162241887,0.0,8.790742363252102,3.49650756146648,1,1.4065214165389774,0.2928216582304578,Loyal Customers
12473,29,5,3938.55,23.44375,0.0,8.278821782571185,3.4011973816621555,2,1.0463203237655905,0.019510795949976,Potential Loyalists
12474,17,18,7375.79,17.395731132075472,0.0,8.906093863622669,2.8903717578961645,1,2.531689275676884,0.7628597324606005,Loyal Customers
12475,54,1,723.38,20.093888888888888,0.0,6.585316116572351,4.007333185232471,2,-0.3199368337022528,-0.1382414835414764,Potential Loyalists
12476,16,11,6816.42,29.255021459227468,0.0,8.82723638014411,2.833213344056216,1,1.9913072443799864,0.1977699825205492,Loyal Customers
12477,23,6,13219.74,44.0658,0.0,9.489542087633344,3.1780538303479458,1,1.7989669060519946,0.1199151079715317,Loyal Customers
12478,4,1,680.99,18.91638888888889,0.0,6.525014994979364,1.6094379124341005,2,0.6160542275560962,-1.582370375559802,Potential Loyalists
12479,11,1,527.2,17.006451612903227,0.0,6.269474999863032,2.4849066497880004,2,0.1395714278111998,-1.0917319378991155,Potential Loyalists
12480,28,4,3281.63,21.30928571428572,0.0,8.096400209353131,3.367295829986474,2,0.8963864205991584,-0.0992070018932803,Potential Loyalists
12481,23,10,5596.32,25.7894930875576,0.0,8.630043190742814,3.1780538303479458,1,1.681739963654059,0.3039442221123579,Loyal Customers
12483,17,8,2484.98,33.133066666666664,0.0,7.818422226986002,2.8903717578961645,1,1.2534729930640844,-0.1241165258902916,Loyal Customers
12484,33,6,4541.72,13.126358381502891,0.0,8.421281230578023,3.5263605246161616,1,1.1401154406982226,0.1876167785586851,Loyal Customers
12488,10,3,1298.66,23.612,0.0,7.169857970780942,2.3978952727983707,2,0.761764412623815,-0.8763786147268806,Potential Loyalists
12489,336,1,334.93,22.328666666666667,0.0,5.816902804925467,5.820082930352362,0,-1.4227203305849048,0.8461128610124422,Champions
12490,5,10,5417.93,22.114,0.0,8.597653657970227,1.791759469228055,1,2.2240644705208443,-0.5306233966325635,Loyal Customers
12491,39,1,460.4,17.70769230769231,0.0,6.134265345739653,3.688879454113936,2,-0.4107294732334777,-0.3884697861309947,Potential Loyalists
12492,63,2,263.21000000000004,13.160500000000004,0.0,5.5767442414854775,4.158883083359672,0,-0.7955901608840664,-0.1061597258796144,Champions
12493,166,2,433.74,19.715454545454545,0.0,6.07474815124472,5.117993812416755,0,-0.9398967594703352,0.5339715845506078,Champions
12494,16,7,1246.1,16.18311688311688,0.0,7.128576134926702,2.833213344056216,2,0.8665461267030456,-0.3236959910397987,Potential Loyalists
12497,82,1,1043.1,74.50714285714285,0.0,6.950910549296065,4.418840607796598,2,-0.3080918585707763,0.1564473835688783,Potential Loyalists
12498,21,3,403.7000000000001,17.55217391304348,0.0,6.00314605188182,3.091042453358316,2,-0.08369986726468,-0.6151274423779949,Potential Loyalists
12500,23,11,4257.82,69.80032786885245,0.0,8.356747405587967,3.1780538303479458,1,1.6240697619431872,0.3422454048850158,Loyal Customers
12501,337,1,2169.39,14.5596644295302,0.0,7.682662153888476,5.823045895483019,0,-0.5180855912371086,1.0939925597011475,Champions
12502,96,5,3723.87,25.332448979591835,0.0,8.222787230875806,4.574710978503383,2,0.5467202753756105,0.7149736524836966,Potential Loyalists
12504,18,2,482.05,53.5611111111111,0.0,6.180120167963518,2.9444389791664403,2,-0.0137790078318687,-0.7539394692619095,Potential Loyalists
12506,233,1,73.5,3.1956521739130435,0.0,4.310799125385514,5.455321115357702,0,-2.0071006842200827,0.4289812515026901,Champions
12507,134,3,1304.81,59.30954545454545,0.0,7.174578816863813,4.90527477843843,2,-0.2452835407975939,0.6259924448382499,Potential Loyalists
12508,26,2,398.27,5.772028985507246,0.0,5.989637879766574,3.295836866004329,2,-0.2477127140967183,-0.5686020167652076,Potential Loyalists
12509,284,1,176.5,25.214285714285715,0.0,5.178970608915471,5.652489180268651,0,-1.664972376154791,0.6615885354593876,Champions
12510,143,2,982.57,29.774848484848484,0.0,6.8911888096735625,4.969813299576001,0,-0.4838645173903159,0.5529151440660236,Champions
12512,66,2,138.03,4.059705882352941,0.0,4.934689737181452,4.204692619390966,0,-1.125748598363455,-0.1634138773847666,Champions
12513,113,1,612.29,17.494,0.0,6.418837907265026,4.736198448394496,0,-0.6941651781861156,0.2763393231697543,Champions
12514,267,1,1017.68,19.95450980392157,0.0,6.926262950537877,5.5909869805108565,0,-0.7919031462985479,0.855231497959574,Champions
12515,353,1,383.7,23.98125,0.0,5.95246380975825,5.869296913133774,0,-1.3767163445733337,0.8934699881156912,Champions
12516,78,2,1312.06,50.46384615384615,0.0,7.180115570136106,4.3694478524670215,2,-0.101914624545594,0.231448627682884,Potential Loyalists
12517,28,5,2502.84,8.812816901408452,0.0,7.825580832414862,3.367295829986474,2,0.8399185168166027,-0.0605791657089999,Potential Loyalists
12518,1,5,2056.89,16.58782258064516,0.0,7.629436465014086,0.6931471805599453,1,1.821162756418932,-1.6880834391806758,Loyal Customers
12519,64,1,340.84000000000003,18.93555555555556,0.0,5.83434279133577,4.174387269895637,0,-0.751782153028651,-0.1372455257791739,Champions
12520,79,5,2634.26,17.330657894736845,0.0,7.876737127834484,4.382026634673881,2,0.456277352478624,0.553922817980702,Potential Loyalists
12521,143,1,599.68,15.781052631578946,0.0,6.39806234681208,4.969813299576001,0,-0.7982928553456139,0.4135181724884609,Champions
12522,39,2,192.72,16.06,0.0,5.266413817535028,3.688879454113936,0,-0.7570569057483331,-0.4285941474858382,Champions
12523,19,11,1789.77,16.884622641509434,0.0,7.490400973937009,2.995732273553991,1,1.2768510897102965,0.1187708965389277,Loyal Customers
12524,9,8,4485.72,31.15083333333333,0.0,8.408877201532766,2.302585092994046,1,1.7767514853884911,-0.3982757961879584,Loyal Customers
12526,1,3,1316.66,18.54450704225352,0.0,7.183612715167257,0.6931471805599453,1,1.4546848249367177,-1.8955914639405689,Loyal Customers
12527,82,3,348.71000000000004,19.37277777777778,0.0,5.857104239599851,4.418840607796598,0,-0.689105402270659,0.1608687733307617,Champions
12528,9,6,1933.48,21.01608695652174,0.0,7.567593835498341,2.302585092994046,1,1.2182776325180271,-0.6579473664900706,Loyal Customers
12530,60,4,1662.28,25.186060606060607,0.0,7.416546835435133,4.110873864173311,2,0.2669914805824415,0.2564684169566724,Potential Loyalists
12531,15,1,125.22,7.365882352941177,0.0,4.838026416156094,2.772588722239781,2,-0.671203630020158,-1.1082469433876778,Potential Loyalists
12532,30,1,349.83000000000004,21.864375000000003,0.0,5.860301775655642,3.4339872044851463,2,-0.4411326825043533,-0.5772702343513872,Potential Loyalists
12534,131,1,1089.18,17.28857142857143,0.0,6.9940980992041535,4.882801922586371,0,-0.4738908467006603,0.4400250919175411,Champions
12535,92,2,716.35,21.069117647058825,0.0,6.575563866544399,4.532599493153256,0,-0.4611012237690615,0.2494211978775149,Champions
12536,43,3,12601.830000000002,48.2828735632184,0.0,9.441676670894656,3.784189633918261,1,1.3066843392402647,0.2535834275633215,Loyal Customers
12538,29,1,363.95,17.33095238095238,0.0,5.899760357897641,3.4011973816621555,2,-0.4087760443794113,-0.5917042605981614,Potential Loyalists
12539,22,4,5568.35,20.396886446886448,0.0,8.625033629522884,3.1354942159291497,1,1.2463495308292631,-0.1683102842421048,Loyal Customers
12540,20,17,13400.24,28.03397489539749,0.0,9.503102518971122,3.044522437723423,1,2.684469297011265,0.8595839445226715,Loyal Customers
12541,30,3,981.18,18.86884615384616,0.0,6.889774590946187,3.4339872044851463,2,0.2087072801443999,-0.2927753230429963,Potential Loyalists
12544,36,1,372.7,19.61578947368421,0.0,5.923453336491439,3.610917912644224,2,-0.4816956102525159,-0.4629707975794397,Potential Loyalists
12545,75,2,1000.39,20.0078,0.0,6.909144313826412,4.330733340286331,2,-0.2178869208005498,0.1725185217959821,Potential Loyalists
12546,47,2,1161.5,16.833333333333332,0.0,7.058328137461511,3.871201010907891,2,0.0395256262636986,-0.0830315656268963,Potential Loyalists
12547,198,2,207.8,25.975,0.0,5.341376856008484,5.293304824724492,0,-1.3665200883474344,0.5422346912252372,Champions
12548,166,1,95.2,19.04,0.0,4.566429357671661,5.117993812416755,0,-1.7472016869502434,0.2606645265583959,Champions
12550,79,1,964.83,16.92684210526316,0.0,6.872987835288763,4.382026634673881,2,-0.3311040096439705,0.1241198553667886,Potential Loyalists
12551,358,1,168.0,16.8,0.0,5.1298987149230735,5.883322388488279,0,-1.7817181990608966,0.7933689117203296,Champions
12552,39,2,437.82,21.891,0.0,6.084089306213804,3.688879454113936,2,-0.3600748817456684,-0.3207377423144482,Potential Loyalists
12553,8,10,3692.28,19.33130890052356,0.0,8.214270231095687,2.19722457733622,1,1.874712488780652,-0.3383482285857636,Loyal Customers
12556,50,2,603.71,4.989338842975207,0.0,6.404749004268278,3.9318256327243257,2,-0.3021918057833133,-0.132932666002408,Potential Loyalists
12557,16,5,11990.96,363.36242424242425,0.0,9.391991704219834,2.833213344056216,1,1.8154057873475544,-0.1738387556723766,Loyal Customers
12558,8,1,269.96,24.54181818181818,0.0,5.601971208509516,2.19722457733622,2,-0.068696366532311,-1.3520816066418568,Potential Loyalists
12559,311,2,561.71,26.74809523809524,0.0,6.33276439774036,5.7430031878094825,0,-1.0662257957034056,0.94234325634237,Champions
12560,5,3,2134.01,20.323904761904764,0.0,7.666226609492505,1.791759469228055,1,1.2467503269368696,-1.1739383245503436,Loyal Customers
12561,303,1,238.85,14.928125,0.0,5.480013727948073,5.717027701406222,0,-1.5447955656060883,0.7399521144100741,Champions
12562,8,7,3781.74,22.510357142857146,0.0,8.23820389374878,2.19722457733622,1,1.661287017059293,-0.5582429441554945,Loyal Customers
12564,261,1,456.9,21.75714285714286,0.0,6.12665081966305,5.568344503761097,0,-1.171000719791029,0.7361964697186547,Champions
12565,289,1,145.92000000000002,16.213333333333335,0.0,4.989888220951467,5.66988092298052,0,-1.7637730148471804,0.6470638714109236,Champions
12566,86,1,351.65,18.507894736842104,0.0,5.865476063654188,4.465908118654584,0,-0.8540179832835936,0.0414621374896238,Champions
12567,23,10,9401.28,21.07910313901345,0.0,9.148707492038316,3.1780538303479458,1,1.933551846188188,0.3723592202418175,Loyal Customers
12569,2,32,4124.6900000000005,21.93984042553192,0.0,8.324988557507531,1.0986122886681098,1,4.021042262793805,0.6539753426815146,Loyal Customers
12571,40,2,519.61,15.28264705882353,0.0,6.255001200981438,3.713572066704308,2,-0.2870369919442701,-0.2834042352118078,Potential Loyalists
12572,9,2,1020.42,17.007,0.0,6.928949094989139,2.302585092994046,2,0.6081547868201349,-1.0395908024462883,Potential Loyalists
12573,227,1,160.54000000000002,5.733571428571429,0.0,5.08475279001415,5.429345628954441,0,-1.620889263419688,0.5155129455049696,Champions
12574,316,1,218.45,19.85909090909091,0.0,5.391124416134243,5.75890177387728,0,-1.6048077017250153,0.753306767146692,Champions
12576,36,5,1315.83,14.952613636363637,0.0,7.182982612166326,3.610917912644224,2,0.4298671133122017,0.0005711114466832,Potential Loyalists
12577,35,3,657.8,4.474829931972788,0.0,6.490419998303485,3.58351893845611,2,-0.0453733150774348,-0.255893387072174,Potential Loyalists
12578,21,2,2794.51,24.51324561403509,0.0,7.935769837637909,3.091042453358316,2,0.779575244075268,-0.4345530985841619,Potential Loyalists
12579,78,1,440.42,15.18689655172414,0.0,6.0899968031722285,4.3694478524670215,0,-0.7061831454071044,0.0133047146511855,Champions
12580,247,1,415.7,17.320833333333333,0.0,6.032366538428407,5.513428746164983,0,-1.194669591000321,0.6908690232273018,Champions
12581,40,1,197.71,13.180666666666667,0.0,5.291846475417725,3.713572066704308,0,-0.8296643815398337,-0.4848008135354789,Champions
12582,239,2,511.36,23.24363636363637,0.0,6.239027502962935,5.480638923341991,0,-1.0061209849310453,0.7728405860650677,Champions
12583,3,15,7281.38,29.47927125506073,0.0,8.89321301083995,1.3862943611198906,1,2.905853272233186,-0.3627302441813254,Loyal Customers
12584,4,9,2338.15,24.355729166666663,0.0,7.757542894498013,1.6094379124341005,1,1.8145681396979303,-0.8249878304092588,Loyal Customers
12585,234,2,2040.1,23.44942528735632,0.0,7.621244157199997,5.459585514144159,0,-0.3265788265004077,0.9425538806291552,Champions
12586,17,1,196.94000000000003,17.903636363636366,0.0,5.2879639544685455,2.8903717578961645,2,-0.5001719327822514,-0.9783534662318616,Potential Loyalists
12587,8,1,144.0,36.0,0.0,4.976733742420574,2.19722457733622,2,-0.3722495954194181,-1.4345542579619874,Potential Loyalists
12588,39,1,214.9,21.49,0.0,5.3748153375207615,3.688879454113936,0,-0.7794429855814252,-0.4886458938020553,Champions
12589,29,2,646.68,18.47657142857143,0.0,6.473396747218991,3.4011973816621555,2,-0.0552600805861574,-0.4416875366019402,Potential Loyalists
12590,211,2,9864.26,145.06264705882353,0.0,9.196774773912752,5.356586274672012,2,0.4798045044114467,1.0886865389383484,Potential Loyalists
12591,317,1,452.85,17.41730769230769,0.0,6.117766746972636,5.762051382780177,0,-1.2532902076992831,0.8510417409377841,Champions
12592,92,2,437.6,24.31111111111112,0.0,6.083587835983788,4.532599493153256,0,-0.6999559321183711,0.1845265461220883,Champions
12593,109,3,418.1,19.90952380952381,0.0,6.038109554931026,4.700480365792417,0,-0.714600639734845,0.3534273813745207,Champions
12594,38,10,3338.2200000000003,28.290000000000003,0.0,8.113492525763553,3.6635616461296463,1,1.2355141840377777,0.5265939078447482,Loyal Customers
12596,51,2,618.27,22.898888888888887,0.0,6.428541364981557,3.951243718581428,2,-0.2984573043248071,-0.11816420629107,Potential Loyalists
12597,19,4,3811.22,18.50106796116505,0.0,8.245966975595675,2.995732273553991,1,1.1185732567337263,-0.3020193153318617,Loyal Customers
12598,10,8,3023.08,22.90212121212121,0.0,8.01436219197595,2.3978952727983707,1,1.5468472746846502,-0.3932304816355766,Loyal Customers
12599,29,7,1032.58,16.654516129032256,0.0,6.940783782995926,3.4011973816621555,2,0.5467321231068224,-0.008283470088037,Potential Loyalists
12600,29,10,2599.04,40.61,0.0,7.863282108506616,3.4011973816621555,1,1.2196509897558176,0.336451421561203,Loyal Customers
12601,190,5,577.0600000000001,20.609285714285715,0.0,6.359677669513258,5.25227342804663,0,-0.6305719509163434,0.8750315254226282,Champions
12602,59,1,153.12,12.76,0.0,5.037731519757957,4.0943445622221,0,-1.1063164745819023,-0.2902635237310134,Champions
12603,22,1,739.1999999999999,246.4,0.0,6.606920419952056,3.1354942159291497,2,0.0415088685246026,-0.6575634896761162,Potential Loyalists
12604,79,2,254.18,15.88625,0.0,5.541969178493598,4.382026634673881,0,-0.9022994083693284,0.0229009128792146,Champions
12607,60,1,1579.51,15.63871287128713,0.0,7.3655028587473295,4.110873864173311,2,0.0171643123046826,0.026683691524211,Potential Loyalists
12609,78,3,1126.85,18.78083333333333,0.0,7.0280684444921455,4.3694478524670215,2,-0.1007185169116463,0.2857432512859928,Potential Loyalists
12610,23,5,2099.54,19.80698113207547,0.0,7.6499497335130995,3.1780538303479458,2,0.8308284322747794,-0.1970889616880835,Potential Loyalists
12611,52,1,1193.32,18.35876923076923,0.0,7.085332264745334,3.970291913552122,2,-0.0622677627852082,-0.0944714722265455,Potential Loyalists
12612,74,1,704.04,37.054736842105264,0.0,6.558254538791405,4.31748811353631,2,-0.45792741096635,0.0439504581569625,Potential Loyalists
12613,57,5,3344.38,21.85869281045752,0.0,8.115335568501695,4.060443010546419,2,0.701569820792525,0.3927888792058148,Potential Loyalists
12614,278,1,315.6,15.78,0.0,5.757639147446912,5.631211781821365,0,-1.3754632258629265,0.7251747576788355,Champions
12615,2,4,2291.19,21.820857142857143,0.0,7.73726297143202,1.0986122886681098,1,1.6352784483503693,-1.5053652430557387,Loyal Customers
12616,95,2,713.3,22.290625,0.0,6.571303042160927,4.564348191467836,0,-0.4759502234272881,0.2678744617967734,Champions
12617,29,1,355.53000000000003,8.465,0.0,5.876418387786465,3.4011973816621555,2,-0.4201085872613278,-0.5947832094240304,Potential Loyalists
12618,22,1,177.31,16.11909090909091,0.0,5.183523608545955,3.1354942159291497,2,-0.6495512830570209,-0.845318247323,Potential Loyalists
12619,16,9,3641.24,40.45822222222222,0.0,8.200354155974704,2.833213344056216,1,1.536925296457764,-0.0336207639750824,Loyal Customers
12620,15,3,1339.41,14.558804347826088,0.0,7.20073081629489,2.772588722239781,2,0.6259212033938268,-0.6478906200721354,Potential Loyalists
12621,2,20,13689.67,29.31406852248394,0.0,9.524469857917657,1.0986122886681098,1,3.703210149540543,-0.0800125761052552,Loyal Customers
12622,232,1,180.1,16.37272727272727,0.0,5.199049364889368,5.4510384535657,0,-1.5741305933460985,0.5435818778942678,Champions
12623,276,1,305.1,16.950000000000003,0.0,5.723911845951367,5.6240175061873385,0,-1.3889418151021506,0.7164170423604914,Champions
12624,106,2,641.13,16.87184210526316,0.0,6.464790775403018,4.672828834461906,0,-0.5713306402957006,0.3187973062566883,Champions
12625,212,2,2683.82,31.207209302325584,0.0,7.895368965589599,5.3612921657094255,2,-0.1539232752531378,0.9198416477558664,Potential Loyalists
12626,23,9,6620.4800000000005,22.51863945578232,0.0,8.798074188898816,3.1780538303479458,1,1.6883040373500962,0.2517579691938738,Loyal Customers
12627,11,7,4478.53,19.47186956521739,0.0,8.407273409191232,2.4849066497880004,1,1.627564620400258,-0.3636398092862803,Loyal Customers
12628,4,3,786.46,19.1819512195122,0.0,6.668812575758953,1.6094379124341005,2,0.8358982418448037,-1.4147014523925412,Potential Loyalists
12630,10,2,1270.88,19.8575,0.0,7.148251399827164,2.3978952727983707,2,0.6762593133356039,-0.9535792245299908,Potential Loyalists
12631,57,1,640.5,20.661290322580644,0.0,6.463809184055691,4.060443010546419,2,-0.4003077743780414,-0.122459849426638,Potential Loyalists
12633,59,4,2163.98,21.425544554455445,0.0,7.680166402518632,4.0943445622221,2,0.4016327985141977,0.2813415343305598,Potential Loyalists
12635,90,2,1689.18,16.724554455445546,0.0,7.432590311121191,4.51085950651685,2,-0.0362629007775912,0.3494474742323806,Potential Loyalists
12637,67,8,6021.9,15.440769230769227,0.0,8.70332414988414,4.219507705176107,1,1.1480528400430847,0.7886687291163363,Loyal Customers
12638,33,1,671.69,17.222820512820515,0.0,6.511284599453549,3.5263605246161616,2,-0.1622647346729845,-0.4360763294811582,Potential Loyalists
12639,239,1,486.1,22.095454545454547,0.0,6.188469440812497,5.480638923341991,0,-1.1056820535277123,0.6918210972469238,Champions
12640,24,3,1174.58,22.16188679245283,0.0,7.06951692181073,3.218875824868201,2,0.3825649055102231,-0.397903171306663,Potential Loyalists
12641,115,1,185.9,18.59,0.0,5.230573714461517,4.7535901911063645,0,-1.2780692848481174,0.1300164591327039,Champions
12642,25,3,1013.26,21.55872340425532,0.0,6.921914561540048,3.258096538021482,2,0.2951156469011043,-0.3938823095217522,Potential Loyalists
12643,128,6,3344.64,139.36,0.0,8.11541328460481,4.859812404361672,2,0.4548383112532926,0.945917141996625,Potential Loyalists
12644,130,1,477.91,15.416451612903224,0.0,6.171512688316606,4.875197323201151,0,-0.8701954271660417,0.3269664044762772,Champions
12645,34,4,1775.18,24.31753424657534,0.0,7.482220269767765,3.555348061489413,2,0.5225016297372758,-0.0675907089481528,Potential Loyalists
12646,5,2,1346.97,29.932666666666663,0.0,7.206355036031724,1.791759469228055,2,0.9484672611403426,-1.3089487725316966,Potential Loyalists
12647,22,12,3722.82,30.514918032786888,0.0,8.222505302105255,3.1354942159291497,1,1.6510424965022976,0.3733983299515537,Loyal Customers
12648,155,1,318.05,15.145238095238096,0.0,5.765347830314356,5.049856007249537,0,-1.1376972077108856,0.3779993444560818,Champions
12649,107,3,623.51,20.113225806451613,0.0,6.4369673422476765,4.68213122712422,0,-0.5135684997639548,0.3950492909464465,Champions
12650,3,1,314.44,15.722,0.0,5.753968489569372,1.3862943611198906,2,0.3315365376580755,-1.817723814800928,Potential Loyalists
12651,335,1,114.0,12.666666666666666,0.0,4.74493212836325,5.817111159963204,0,-1.9419665674717623,0.7029334763767863,Champions
12652,331,1,919.98,19.16625,0.0,6.82543832049292,5.805134968916488,0,-0.9270583615480492,0.9701920690678812,Champions
12653,149,2,2209.85,51.391860465116274,0.0,7.701132335950876,5.010635294096256,2,-0.1070691677799305,0.6842012309115513,Potential Loyalists
12654,11,5,601.98,15.841578947368422,0.0,6.401884028681278,2.4849066497880004,2,0.5039164799565019,-0.7768640929791316,Potential Loyalists
12656,17,5,4051.17,32.152142857142856,0.0,8.30700781907883,2.8903717578961645,1,1.2656363594082796,-0.2827208060009646,Loyal Customers
12657,11,4,1643.18,34.961276595744685,0.0,7.4049970586737315,2.4849066497880004,2,0.9159134665827768,-0.718897911069667,Potential Loyalists
12658,19,1,686.05,19.056944444444444,0.0,6.532407069777784,2.995732273553991,2,0.0615934372872718,-0.751100074629645,Potential Loyalists
12659,30,1,91.68,18.336,0.0,4.529152699564175,3.4339872044851463,0,-1.087406493805631,-0.7528569506982743,Champions
12660,11,1,245.1,18.85384615384616,0.0,5.50573795739701,2.4849066497880004,2,-0.2312234426744905,-1.192473531645207,Potential Loyalists
12662,1,11,3849.78,16.73817391304348,0.0,8.256031004164345,0.6931471805599453,1,2.575465408726211,-1.1593283570798418,Loyal Customers
12664,8,9,4881.88,131.94270270270272,0.0,8.49349048870337,2.19722457733622,1,1.9352590260281013,-0.3758679371548443,Loyal Customers
12665,325,1,63.0,21.0,0.0,4.158883083359672,5.786897381366708,0,-2.214331302420208,0.6075340367079588,Champions
12667,58,1,620.13,18.791818181818183,0.0,6.431540399799522,4.07753744390572,2,-0.4228556171360252,-0.1164779065825936,Potential Loyalists
12668,12,4,3807.15,23.64689440993789,0.0,8.244898785891763,2.5649493574615367,1,1.2914653347520098,-0.5601696368673679,Loyal Customers
12669,151,3,2744.03,27.16861386138613,0.0,7.917547282845659,5.0238805208462765,2,0.0676836988828388,0.7950312410683985,Potential Loyalists
12670,10,5,2996.05,32.56576086956522,0.0,8.005383750527514,2.3978952727983707,1,1.3174429533080043,-0.6174665053210164,Loyal Customers
12672,330,1,225.9,22.59,0.0,5.424509391785796,5.802118375377063,0,-1.6059960174195,0.7835942301314718,Champions
12673,5,2,610.52,14.536190476190477,0.0,6.415947661051908,1.791759469228055,2,0.5647239254887737,-1.4132083464905882,Potential Loyalists
12674,39,4,1970.6,23.742168674698792,0.0,7.586600674831223,3.688879454113936,2,0.5194256307557257,0.0261538515112959,Potential Loyalists
12676,25,6,1331.39,29.58644444444445,0.0,7.194729601037682,3.258096538021482,2,0.6526128219216664,-0.134844622569854,Potential Loyalists
12678,42,12,17628.46,106.83915151515151,0.0,9.7773266453142,3.7612001156935615,1,2.154032861158308,0.9532437071817016,Loyal Customers
12679,59,4,1113.02,23.187916666666663,0.0,7.015730373647435,4.0943445622221,2,0.0790486398673654,0.1936983524905399,Potential Loyalists
12680,1,4,862.81,16.592499999999998,0.0,6.761352837213469,0.6931471805599453,1,1.324692451555274,-1.876939557404468,Loyal Customers
12681,15,22,13787.54,21.610564263322885,0.0,9.531593091360708,2.772588722239781,1,3.182843259293866,1.0722252347555694,Loyal Customers
12682,4,31,12288.22,23.406133333333333,0.0,9.416477734313304,1.6094379124341005,1,4.270314235640716,1.0295483924585267,Loyal Customers
12683,4,15,8476.57,24.64119186046512,0.0,9.045179131116988,1.6094379124341005,1,2.8898070003723166,-0.2090372995704739,Loyal Customers
12684,8,7,2283.63,21.748857142857144,0.0,7.733959364615189,2.19722457733622,1,1.4164759440367007,-0.6247558860165351,Loyal Customers
12685,28,6,2863.08,18.23617834394904,0.0,7.960002460651312,3.367295829986474,2,0.9801954056449622,0.0315024411353381,Potential Loyalists
12686,372,1,89.14,12.734285714285717,0.0,4.501364017262502,5.921578419643816,0,-2.102272114680932,0.733374074168692,Champions
12688,114,1,4873.81,28.50181286549708,0.0,8.491836408313453,4.74493212836325,2,0.3087613268852347,0.555011397740111,Potential Loyalists
12689,26,2,1247.61,17.327916666666667,0.0,7.1297862115656185,3.295836866004329,2,0.3058301017117881,-0.4182094684589054,Potential Loyalists
12690,206,1,389.01,24.313125,0.0,5.966172379820607,5.332718793265369,0,-1.154062520216955,0.5739047407797475,Champions
12691,28,6,1035.8,32.36875,0.0,6.94389432559801,3.367295829986474,2,0.4868741924692798,-0.1025284454812329,Potential Loyalists
12693,127,4,855.91,21.946410256410257,0.0,6.753332895580138,4.852030263919617,0,-0.3533501790646843,0.612888286137077,Champions
12694,70,2,869.67,23.5045945945946,0.0,6.769263030204804,4.262679877041316,2,-0.2584046151087164,0.1133079667986819,Potential Loyalists
12695,7,4,582.1,21.55925925925926,0.0,6.368358698228111,2.079441541679836,2,0.5758438733053307,-1.0984826504145893,Potential Loyalists
12697,29,3,957.59,23.355853658536585,0.0,6.865463454791294,3.4011973816621555,2,0.2101036752025185,-0.315620965732125,Potential Loyalists
12700,8,4,4939.99,18.432798507462685,0.0,8.505320994961897,2.19722457733622,1,1.565927275545253,-0.7460602746947861,Loyal Customers
12701,80,2,797.71,15.0511320754717,0.0,6.682997926190526,4.394449154672439,2,-0.3533298072467508,0.180849830894722,Potential Loyalists
12702,20,1,219.0,18.25,0.0,5.393627546352362,3.044522437723423,2,-0.5109251909129863,-0.8720901067453013,Potential Loyalists
12703,71,1,283.55,13.502380952380951,0.0,5.650908985049133,4.276666119016055,0,-0.8820115133158954,-0.1001835526929277,Champions
12704,7,8,2340.84,26.600454545454543,0.0,7.758692224146705,2.079441541679836,1,1.550912152226493,-0.6176868596129207,Loyal Customers
12705,15,9,6868.29,20.56374251497006,0.0,8.834816031986259,2.772588722239781,1,1.869361286717124,0.0137586530860808,Loyal Customers
12707,292,1,603.42,18.285454545454545,0.0,6.404269320519532,5.680172609017068,0,-1.0812328925434824,0.839793415509015,Champions
12708,30,10,2712.91,17.27968152866242,0.0,7.906145678459555,3.4339872044851463,1,1.2272618143359248,0.3617442439008684,Loyal Customers
12709,15,15,9736.52,46.81019230769231,0.0,9.18374174409217,2.772588722239781,1,2.488855528489041,0.5058875161944006,Loyal Customers
12710,97,3,1149.02,14.922337662337664,0.0,7.047534612510416,4.584967478670572,2,-0.1780246149033999,0.4173924323978353,Potential Loyalists
12712,29,13,4396.13,33.053609022556394,0.0,8.388707334356674,3.4011973816621555,1,1.6997905876572632,0.6288099393156382,Loyal Customers
12713,1,1,848.55,22.33026315789473,0.0,6.744706797531768,0.6931471805599453,2,1.0915655058514648,-2.1021869842604675,Potential Loyalists
12714,9,5,4708.86,18.18092664092664,0.0,8.45741346257719,2.302585092994046,1,1.5752705924643964,-0.6149252783403931,Loyal Customers
12715,106,1,353.86,16.85047619047619,0.0,5.871723345495433,4.672828834461906,0,-0.9342803879398872,0.166217508993153,Champions
12716,4,2,1053.49,15.267971014492751,0.0,6.960812516706486,1.6094379124341005,2,0.9026493243288536,-1.4505354424542811,Potential Loyalists
12717,151,2,1030.98,18.74509090909091,0.0,6.939234566008755,5.0238805208462765,0,-0.4823029061212351,0.5916352308539814,Champions
12718,71,1,238.25,12.539473684210526,0.0,5.477509030333064,4.276666119016055,0,-0.9661973131084072,-0.1230560687845826,Champions
12719,5,2,644.95,16.53717948717949,0.0,6.47072210140631,1.791759469228055,2,0.5913169547486321,-1.4059832623175912,Potential Loyalists
12720,3,25,5781.7300000000005,16.33257062146893,0.0,8.662631168498327,1.3862943611198906,1,3.544056564999664,0.3503603060666876,Loyal Customers
12721,32,6,2656.13,16.497701863354038,0.0,7.885001871924596,3.49650756146648,2,0.8917686779868012,0.0989983690613771,Potential Loyalists
12722,85,4,997.63,18.82320754716981,0.0,6.906384339674138,4.454347296253507,2,-0.1189572196925758,0.3948918871652123,Potential Loyalists
12723,4,5,725.07,10.508260869565218,0.0,6.587646428909591,1.6094379124341005,2,0.9465222083788336,-1.2767066227892452,Potential Loyalists
12724,5,4,1031.41,19.46056603773585,0.0,6.9396511539657,1.791759469228055,2,0.9690125269245252,-1.1954275066112807,Potential Loyalists
12725,371,1,427.8,17.825,0.0,6.060990609756592,5.918893854273146,0,-1.3439916430124297,0.9374905038089272,Champions
12726,28,7,2609.1,21.041129032258063,0.0,7.867143813759015,3.367295829986474,2,1.0101275612805944,0.0936043876117703,Potential Loyalists
12727,11,7,3980.7,28.63812949640288,0.0,8.2894641427604,2.4849066497880004,1,1.5703681388112718,-0.3791795731033902,Loyal Customers
12728,71,4,836.33,18.18108695652174,0.0,6.7302182580203365,4.276666119016055,2,-0.1329608215473323,0.2652356633842577,Potential Loyalists
12729,114,1,453.01,17.423461538461538,0.0,6.118119224230488,4.74493212836325,0,-0.8436800330359175,0.2419035622803142,Champions
12731,24,12,18895.91,68.96317518248175,0.0,9.846753695617958,3.218875824868201,1,2.4060511548759087,0.6375865063695901,Loyal Customers
12732,180,1,236.26,19.688333333333336,0.0,5.469156586232957,5.198497031265826,0,-1.3413333714850584,0.427955683799616,Champions
12733,234,1,383.95,17.452272727272728,0.0,5.953113455724059,5.459585514144159,0,-1.211472547502211,0.6481666531459422,Champions
12734,353,1,110.4,27.6,0.0,4.713127327493184,5.869296913133774,0,-1.9784150770924007,0.7299939152412865,Champions
12735,315,2,779.5699999999999,18.12953488372093,0.0,6.660024422032584,5.755742213586912,0,-0.9124688899819547,0.9931406607083116,Champions
12736,333,1,234.0,58.5,0.0,5.459585514144159,5.811140992976701,0,-1.5925985696114933,0.7936249146205733,Champions
12738,372,1,155.35,14.122727272727271,0.0,5.05209708390385,5.921578419643816,0,-1.8348908240496729,0.8060191388665854,Champions
12739,78,2,1013.04,26.658947368421053,0.0,6.921697631104842,4.3694478524670215,2,-0.227376715430808,0.1973617187298616,Potential Loyalists
12740,64,1,427.6,15.837037037037035,0.0,6.060524083039477,4.174387269895637,0,-0.6419709770605909,-0.1074108280562402,Champions
12743,134,2,546.43,4.077835820895522,0.0,6.305234599635373,4.90527477843843,0,-0.7423658627137651,0.4369700471478913,Champions
12744,52,7,21279.29,95.85265765765766,0.0,9.965536571182271,3.970291913552122,1,1.7861640142378297,0.7315485414077346,Loyal Customers
12747,2,11,4196.01,40.73796116504855,0.0,8.342127645985029,1.0986122886681098,1,2.454046330050889,-0.9051258924341145,Loyal Customers
12748,1,210,33719.73,7.33675587467363,0.0,10.425868060754532,0.6931471805599453,3,18.556926512844303,13.922650021118526,At-Risk / Lost Customers
12749,4,5,4090.88,20.55718592964824,0.0,8.316759801128319,1.6094379124341005,1,1.7860079649380918,-1.0486259782750784,Loyal Customers
12750,129,1,275.88,18.392,0.0,5.623584199327089,4.867534450455582,0,-1.133130421350932,0.2501017455449115,Champions
12752,81,1,4366.78,82.3920754716981,0.0,8.38201014985595,4.406719247264253,2,0.3915874287178958,0.3379583226892368,Potential Loyalists
12753,23,6,21429.39,108.77862944162436,0.0,9.972565287088774,3.1780538303479458,1,2.033475008612213,0.1836288264686165,Loyal Customers
12754,236,3,3010.74,47.78952380952381,0.0,8.010273263812737,5.468060141135132,2,-0.0661012699662231,1.0732954936483703,Potential Loyalists
12755,281,2,3811.95,952.9875,0.0,8.246158446737232,5.641907070938114,2,-0.0965756288202305,1.13418201067266,Potential Loyalists
12756,87,1,112.08,28.02,0.0,4.72809553282539,4.477336814478207,0,-1.4108176253345486,-0.1017203159739939,Champions
12757,16,13,7857.1,21.17816711590297,0.0,8.969300125921881,2.833213344056216,1,2.210309480557649,0.3652102022314321,Loyal Customers
12758,117,2,2791.59,28.779278350515465,0.0,7.934724759609325,4.770684624465665,2,0.1029317152585006,0.5712995086422468,Potential Loyalists
12759,52,3,1531.44,16.12042105263158,0.0,7.334616515331031,3.970291913552122,2,0.208790103777088,0.0871117887878384,Potential Loyalists
12762,8,2,1898.52,27.51478260869565,0.0,7.549356501658852,2.19722457733622,2,0.951775654845932,-1.0208589880988423,Potential Loyalists
12763,138,2,494.08,27.448888888888888,0.0,6.204719365671822,4.934473933130692,0,-0.8029201328251233,0.44119976312585,Champions
12764,317,1,1693.88,37.64177777777778,0.0,7.435367220848186,5.762051382780177,0,-0.6135942522889438,1.024841313667994,Champions
12766,4,7,6989.63,22.547193548387096,0.0,8.852325959921869,1.6094379124341005,1,2.196055898989553,-0.8292803801080946,Loyal Customers
12769,239,1,1143.6,35.7375,0.0,7.042810509975002,5.480638923341991,0,-0.6908988644501565,0.8045139170586586,Champions
12770,211,1,1351.45,112.62083333333334,0.0,7.209673041460572,5.356586274672012,0,-0.5599498761409696,0.7522250787904153,Champions
12772,60,1,892.47,16.226727272727274,0.0,6.795112758210396,4.110873864173311,2,-0.2597604820879129,-0.0485542563426957,Potential Loyalists
12775,17,5,1386.04,21.00060606060606,0.0,7.23492725912033,2.8903717578961645,2,0.7451404946319891,-0.424134798290368,Potential Loyalists
12778,20,6,822.23,16.4446,0.0,6.713235627004493,3.044522437723423,2,0.5048209285771793,-0.3262728646081843,Potential Loyalists
12779,38,8,3981.36,26.72053691275168,0.0,8.289629887368429,3.6635616461296463,1,1.1709988089653256,0.4011263631608535,Loyal Customers
12781,64,2,826.74,33.0696,0.0,6.718699095412067,4.174387269895637,2,-0.2474114524049373,0.053757058114573,Potential Loyalists
12782,5,5,2330.92,22.630291262135923,0.0,7.754447241564618,1.791759469228055,1,1.4396116935967038,-1.0136003413231671,Loyal Customers
12783,2,6,2225.91,26.49892857142857,0.0,7.708370253328926,1.0986122886681098,1,1.771281201252062,-1.3604752280291086,Loyal Customers
12784,9,2,574.42,9.73593220338983,0.0,6.355100208942306,2.302585092994046,2,0.3295507496333969,-1.1152849853068103,Potential Loyalists
12785,364,1,311.95,22.28214285714285,0.0,5.74604343337071,5.899897353582492,0,-1.489251720108085,0.884569441203692,Champions
12787,10,3,463.66,23.183,0.0,6.141305955347142,2.3978952727983707,2,0.2624016867841301,-1.0120509253836805,Potential Loyalists
12789,65,1,91.85,22.9625,0.0,4.530985287798715,4.189654742026425,0,-1.390709022581508,-0.3000221948232004,Champions
12790,192,1,324.92,15.472380952380954,0.0,5.786651952478496,5.262690188904886,0,-1.2130299580679005,0.5082825658784691,Champions
12791,374,1,192.6,96.3,0.0,5.265794174842477,5.926926025970411,0,-1.7332934031067853,0.83740994345869,Champions
12792,257,1,400.54,16.0216,0.0,5.995307154825432,5.552959584921617,0,-1.2285749971610818,0.7096569246698895,Champions
12793,335,2,545.48,22.72833333333333,0.0,6.303497710423594,5.817111159963204,0,-1.1102667888932272,0.9828683935291184,Champions
12794,53,2,860.41,19.12022222222222,0.0,6.758570581561217,3.9889840465642745,2,-0.1534201712455346,-0.052027463236451,Potential Loyalists
12795,19,1,430.48,30.74857142857143,0.0,6.067221159507229,2.995732273553991,2,-0.1642546488466572,-0.8124609454308894,Potential Loyalists
12797,366,1,254.03,19.540769230769232,0.0,5.541381185297377,5.905361848054571,0,-1.5908151051246229,0.8608460945357527,Champions
12798,10,3,6977.04,872.13,0.0,8.85052335403181,2.3978952727983707,1,1.5777286365144134,-0.6546885566986804,Loyal Customers
12802,187,1,427.58,17.1032,0.0,6.060477418394936,5.236441962829949,0,-1.069521338244,0.5286809348575479,Champions
12808,37,3,483.65,17.273214285714285,0.0,6.183426980938617,3.6375861597263857,2,-0.2161832777815639,-0.2640050891270276,Potential Loyalists
12809,178,1,489.31,19.5724,0.0,6.195037844125316,5.187385805840755,0,-0.9844447124266676,0.5170490057483738,Champions
12811,261,3,514.85,16.608064516129033,0.0,6.245816025546385,5.568344503761097,0,-0.963115740813638,0.9006162317652404,Champions
12812,45,1,229.64,15.309333333333337,0.0,5.440858053330147,3.828641396489095,0,-0.8036400532771284,-0.3962266374033961,Champions
12814,102,1,125.92,62.96,0.0,4.843556966714995,4.634728988229636,0,-1.4181188803105362,0.0077768714216242,Champions
12815,148,2,1063.46,22.6268085106383,0.0,6.970222907300612,5.003946305945459,0,-0.4592335717092706,0.5837835553681147,Champions
12816,96,2,572.2,19.731034482758623,0.0,6.351234695954017,4.574710978503383,0,-0.5869650764581641,0.2450526977114743,Champions
12817,281,1,166.04000000000002,41.510000000000005,0.0,5.118233304694274,5.641907070938114,0,-1.690200575923143,0.647238955322883,Champions
12818,262,1,1542.08,110.14857142857144,0.0,7.341535698070348,5.572154032177765,0,-0.5827067751325244,0.8987288725182646,Champions
12820,3,4,942.34,15.97186440677966,0.0,6.849426769082011,1.3862943611198906,2,1.0884275834438664,-1.450174445849204,Potential Loyalists
12821,214,1,92.72,15.453333333333331,0.0,4.540311613639595,5.3706380281276624,0,-1.8615832254782751,0.4085359933347007,Champions
12822,71,2,948.88,20.62782608695652,0.0,6.856335660826602,4.276666119016055,2,-0.2217609217452593,0.133170179765497,Potential Loyalists
12823,75,5,1759.5,351.9,43.0,7.473353138595107,4.330733340286331,2,0.2810821416134078,0.469992833795066,Potential Loyalists
12824,60,1,397.12,15.8848,0.0,5.986753467377863,4.110873864173311,0,-0.6522194854935108,-0.155181797956998,Champions
12826,3,7,1474.72,16.205714285714286,0.0,7.296901285267718,1.3862943611198906,1,1.5307220570589035,-1.1680981041430452,Loyal Customers
12827,6,3,430.15,17.206,0.0,6.066456057398334,1.9459101490553128,2,0.4080075941875511,-1.2926321743391054,Potential Loyalists
12828,3,6,1018.71,18.19125,0.0,6.927273552128017,1.3862943611198906,1,1.276252439116027,-1.291204836847791,Loyal Customers
12829,337,2,293.0,26.63636363636364,0.0,5.683579767338681,5.823045895483019,0,-1.4136263999359202,0.9046519194075726,Champions
12830,38,6,6814.64,179.33263157894737,0.0,8.826975250212882,3.6635616461296463,1,1.2818501721691338,0.3233043662183911,Loyal Customers
12831,262,1,215.05,23.89444444444445,0.0,5.375509862377943,5.572154032177765,0,-1.5372136990906071,0.6393980229969043,Champions
12832,32,2,383.03,14.186296296296298,0.0,5.950720674536128,3.49650756146648,2,-0.3473865774445227,-0.453547451254918,Potential Loyalists
12833,145,1,417.38,17.390833333333333,0.0,6.036390110460975,4.983606621708336,0,-0.979437450604044,0.374072643211554,Champions
12834,283,1,312.38,17.354444444444443,0.0,5.747416511676263,5.648974238161206,0,-1.3875765591825069,0.734464822487361,Champions
12836,59,4,2612.86,14.930628571428572,0.0,7.868583334984023,4.0943445622221,2,0.4931093515503483,0.3061948817654628,Potential Loyalists
12837,173,1,134.1,11.175,0.0,4.906015244966153,5.159055299214529,0,-1.5988617084682673,0.3300509993572486,Champions
12838,34,2,683.13,5.55390243902439,0.0,6.528147958043258,3.555348061489413,2,-0.090731335476796,-0.3421398320124983,Potential Loyalists
12839,3,14,5591.42,17.80707006369427,0.0,8.629167388389371,1.3862943611198906,1,2.7026438431796294,-0.4719100498019084,Loyal Customers
12840,144,4,2726.77,24.13070796460177,0.0,7.911239704558553,4.976733742420574,2,0.1586152877289238,0.8403121169779352,Potential Loyalists
12841,5,25,4022.35,9.577023809523808,0.0,8.299870167916959,1.791759469228055,1,3.2047167857078254,0.5453556984527141,Loyal Customers
12842,70,2,1118.99,32.9114705882353,0.0,7.021075035677852,4.262679877041316,2,-0.1361497096053276,0.1465235126544181,Potential Loyalists
12843,66,8,1702.26,16.526796116504855,0.0,7.440299340765267,4.204692619390966,2,0.5408171873485372,0.6131948005724882,Potential Loyalists
12844,29,2,325.96000000000004,6.268461538461539,0.0,5.789837839256022,3.4011973816621555,2,-0.3871284104619407,-0.5318531433206836,Potential Loyalists
12845,267,4,354.09000000000003,13.114444444444446,0.0,5.872371278471126,5.5909869805108565,0,-1.0785230114815163,0.9392684436549305,Champions
12847,22,1,871.54,9.577362637362636,0.0,6.771408498297926,3.1354942159291497,2,0.1213679460806193,-0.6358665046624135,Potential Loyalists
12849,31,2,1050.89,20.605686274509807,0.0,6.958343825092949,3.4657359027997265,2,0.154202231134789,-0.339065899079061,Potential Loyalists
12851,97,1,135.18,2.7036,0.0,4.9139775400548205,4.584967478670572,0,-1.3638982597982487,-0.0127379548822808,Champions
12852,295,1,311.55,18.326470588235296,0.0,5.744764456377822,5.69035945432406,0,-1.405523658702228,0.7589019061569374,Champions
12853,135,6,1957.1,25.09102564102564,0.0,7.579729894309281,4.912654885736052,2,0.173492028147878,0.906906243840224,Potential Loyalists
12854,79,3,1324.5,12.040909090909093,0.0,7.18954502572908,4.382026634673881,2,-0.0273850835368302,0.3145768291908286,Potential Loyalists
12855,373,1,38.1,12.7,0.0,3.66612246699132,5.924255797414532,0,-2.508860246266432,0.6248041635343777,Champions
12856,8,6,2179.93,6.942452229299363,0.0,7.687506670317465,2.19722457733622,1,1.318908034415704,-0.7052338516697675,Loyal Customers
12857,211,2,1106.4,24.05217391304348,0.0,7.009770204388867,5.356586274672012,0,-0.5819877500140019,0.8002072409427644,Champions
12863,52,1,521.2,104.24,0.0,6.258050656265029,3.970291913552122,2,-0.4639135646978418,-0.2035949834366805,Potential Loyalists
12864,138,1,147.12,49.04,0.0,4.998022756045412,4.934473933130692,0,-1.4637872781712875,0.2076785186144791,Champions
12865,26,2,1568.23,16.507684210526318,0.0,7.358340332174572,3.295836866004329,2,0.4167932877797707,-0.388061780069931,Potential Loyalists
12866,283,1,559.12,21.504615384615384,0.0,6.3281510464875765,5.648974238161206,0,-1.1056295346848592,0.8110672645941149,Champions
12867,26,7,4036.82,7.503382899628253,0.0,8.30346022135619,3.295836866004329,1,1.2507251273099498,0.1083581758939026,Loyal Customers
12868,186,6,1607.0600000000002,15.0192523364486,0.0,7.382783762475618,5.231108616854587,2,-0.0503182836501711,1.0716597860248285,Potential Loyalists
12871,84,2,380.64,34.60363636363636,0.0,5.9444777558836455,4.442651256490317,0,-0.7312855152434117,0.1123042500052461,Champions
12872,327,2,599.97,9.090454545454548,0.0,6.398545016483998,5.793013608384144,0,-1.0544208403700313,0.9809729347328026,Champions
12873,282,1,374.0,93.5,0.0,5.926926025970411,5.645446897643238,0,-1.2990046410067146,0.7560305918663593,Champions
12875,143,2,343.2300000000001,171.61500000000004,219.0,5.841310038608051,4.969813299576001,0,-0.9935813980668629,0.414429703716267,Champions
12876,58,2,2218.02,26.09435294117647,0.0,7.704820935960926,4.07753744390572,2,0.2703380713044142,0.1258261656614079,Potential Loyalists
12877,4,12,1535.77,9.972532467532467,0.0,7.337438090181038,1.6094379124341005,1,1.8356522439126024,-0.6573505149501213,Loyal Customers
12878,236,2,854.99,18.19127659574468,0.0,6.752258693830513,5.468060141135132,0,-0.7518833211054642,0.8330050958465548,Champions
12879,45,3,573.22,57.322,0.0,6.353012598149689,3.828641396489095,2,-0.2107581933340404,-0.127206724537692,Potential Loyalists
12881,276,1,298.0,42.57142857142857,0.0,5.700443573390687,5.6240175061873385,0,-1.4003356779120029,0.7133214334679375,Champions
12882,9,2,1463.04,112.54153846153848,0.0,7.288955016552379,2.302585092994046,2,0.7829379145693196,-0.992103816376833,Potential Loyalists
12883,25,4,703.47,16.749285714285715,0.0,6.55744574703956,3.258096538021482,2,0.1931808754125928,-0.3676074077492694,Potential Loyalists
12884,88,1,309.05,44.15,0.0,5.736733574795887,4.48863636973214,0,-0.9256717579109474,0.0380928782092381,Champions
12885,63,3,1175.22,16.552394366197184,0.0,7.070061185792191,4.158883083359672,2,0.0044313582413126,0.165168496308915,Potential Loyalists
12886,68,2,1378.4,16.809756097560978,0.0,7.229403900997191,4.23410650459726,2,-0.0235037529771051,0.1568898756508402,Potential Loyalists
12888,214,2,354.12,70.824,0.0,5.87245576052578,5.3706380281276624,0,-1.139811212691356,0.658604536369482,Champions
12890,24,1,380.47,4.639878048780488,0.0,5.944032210673093,3.218875824868201,2,-0.3138889000009335,-0.6950626397445453,Potential Loyalists
12891,186,3,331.0,110.33333333333331,53.5,5.805134968916488,5.231108616854587,0,-1.04131316264535,0.6405065348816085,Champions
12893,31,1,188.14,5.533529411764706,0.0,5.242487481587366,3.4657359027997265,0,-0.7538623225898698,-0.639748431062757,Champions
12895,42,2,372.8,16.945454545454545,0.0,5.923720895021463,3.7612001156935615,2,-0.4670463761352367,-0.2985762019454891,Potential Loyalists
12897,205,2,216.5,54.125,0.0,5.382198850528739,5.327876168789581,0,-1.360617597405115,0.5683252262961971,Champions
12901,9,28,17654.54,152.19431034482758,0.0,9.778804894130932,2.302585092994046,1,3.942154220557245,1.2694374722993331,Loyal Customers
12902,265,1,138.68,13.868,0.0,4.939354092091292,5.583496308781699,0,-1.7535334395712656,0.5886596512241531,Champions
12904,18,2,509.58,7.0775,0.0,6.235547334435847,2.9444389791664403,2,0.0131309204166494,-0.7466282865160486,Potential Loyalists
12906,12,5,2919.81,46.34619047619047,0.0,7.979616254055095,2.5649493574615367,1,1.2376855731547782,-0.5208114569013331,Loyal Customers
12908,176,2,750.0,375.0,136.0,6.621405651764134,5.176149732573829,0,-0.6979046926817931,0.6409104645672298,Champions
12909,40,5,2178.67,23.94142857142857,0.0,7.686928768177821,3.713572066704308,2,0.6332101293125583,0.1285274936401568,Potential Loyalists
12910,23,8,3075.04,41.00053333333333,0.0,8.031398334442155,3.1780538303479458,1,1.2410672776630656,0.0762781573908444,Loyal Customers
12912,3,5,1662.3,69.2625,0.0,7.416558859796489,1.3862943611198906,1,1.4387857056955502,-1.3010156786776783,Loyal Customers
12913,5,5,2483.63,49.6726,0.0,7.817879034084852,1.791759469228055,1,1.4704078734130857,-1.00523329937372,Loyal Customers
12915,149,2,363.65,16.529545454545453,0.0,5.898937989430242,5.010635294096256,0,-0.9820357886871416,0.4464807582702596,Champions
12916,139,4,3006.15,28.09485981308412,0.0,8.008748065349305,4.941642422609304,2,0.2200815964948942,0.8321567732292977,Potential Loyalists
12917,128,1,594.0,297.0,0.0,6.38856140554563,4.859812404361672,0,-0.7586249583686345,0.3463819485051146,Champions
12919,8,6,1335.19,26.7038,0.0,7.197577559553778,2.19722457733622,2,1.0810471070653425,-0.7698585021667154,Potential Loyalists
12920,17,1,164.23,5.865357142857143,0.0,5.1073384426629,2.8903717578961645,2,-0.5878657456162226,-1.0021790775597472,Potential Loyalists
12921,9,37,16587.09,23.037625,0.0,9.716440246960428,2.302585092994046,1,4.587011985801364,1.9303663301556024,Loyal Customers
12922,161,1,405.38,14.477857142857143,0.0,6.007288682454868,5.087596335232384,0,-1.035427037430806,0.4325166927050847,Champions
12923,64,1,176.97,6.102413793103448,0.0,5.181614996761894,4.174387269895637,0,-1.0686819557015037,-0.2233443198031252,Champions
12924,88,4,933.7,31.12333333333333,0.0,6.840225622188537,4.48863636973214,2,-0.1648803121773389,0.4067019503506948,Potential Loyalists
12925,5,2,694.05,15.423333333333332,0.0,6.5439837854231016,1.791759469228055,2,0.6268855537900727,-1.3963195974722364,Potential Loyalists
12928,35,5,2062.7,24.55595238095238,0.0,7.632255767200078,3.58351893845611,2,0.6590189404589554,0.0434228860333893,Potential Loyalists
12929,312,1,117.85,14.73125,0.0,4.777862193806203,5.746203190540153,0,-1.8974351554631952,0.664808143360979,Champions
12930,78,2,415.8,16.632,0.0,6.032606490439157,4.3694478524670215,0,-0.659031088627947,0.0800851516446968,Champions
12931,22,15,42055.96,512.8775609756098,0.0,10.646780168946004,3.1354942159291497,1,3.0530749286566623,0.91622674569592,Loyal Customers
12933,24,3,607.53,5.731415094339623,0.0,6.411046212773516,3.218875824868201,2,0.0628769138322014,-0.4847594909233447,Potential Loyalists
12935,2,7,2160.7,16.749612403100773,0.0,7.678650228164007,1.0986122886681098,1,1.831867202078252,-1.2900449106264609,Loyal Customers
12936,17,4,1063.9,17.15967741935484,0.0,6.970636177021338,2.8903717578961645,2,0.541811894746743,-0.5333469815420029,Potential Loyalists
12937,15,4,1504.27,12.535583333333332,0.0,7.316727563085719,2.772588722239781,2,0.7572527993406413,-0.5582393679417986,Potential Loyalists
12938,26,1,114.14,12.682222222222222,0.0,4.746148779247664,3.295836866004329,0,-0.9264426396103612,-0.8069764161771591,Champions
12939,64,8,11581.8,246.42127659574467,0.0,9.357276518099342,4.174387269895637,1,1.4837103028643726,0.847905005831708,Loyal Customers
12940,55,2,913.54,9.227676767676767,0.0,6.818421206622862,4.02535169073515,2,-0.1390023633411217,-0.0223510746867178,Potential Loyalists
12942,131,3,683.9,9.118666666666666,0.0,6.529272842203859,4.882801922586371,0,-0.5495336475866472,0.527412935002265,Champions
12944,36,2,604.51,20.15033333333333,0.0,6.406071078133402,3.610917912644224,2,-0.1723692638295132,-0.3249599906960361,Potential Loyalists
12945,288,1,462.95,20.128260869565217,0.0,6.139776787799188,5.666426688112432,0,-1.204110813678002,0.796672366607022,Champions
12947,144,6,1603.99,16.535979381443298,0.0,7.380872805015112,4.976733742420574,2,0.0511519733586943,0.9190546159724816,Potential Loyalists
12948,16,7,2064.95,17.801293103448273,0.0,7.63334544803145,2.833213344056216,1,1.111611982712188,-0.2571138269586913,Loyal Customers
12949,31,8,4167.22,19.382418604651164,0.0,8.335244365149629,3.4657359027997265,1,1.272778973818024,0.2886591401218074,Loyal Customers
12950,2,3,1843.0,80.1304347826087,0.0,7.519692404116539,1.0986122886681098,1,1.454632691204086,-1.608414704247001,Loyal Customers
12951,9,6,1064.07,16.89,0.0,6.970795803683085,2.302585092994046,2,0.9285317689436572,-0.7366686822396264,Potential Loyalists
12952,6,4,1387.79,17.566962025316457,0.0,7.236188143419333,1.9459101490553128,2,1.050928437363302,-1.0639867768968387,Potential Loyalists
12953,10,1,329.85,19.40294117647059,0.0,5.801665100458068,2.3978952727983707,2,-0.0525243746244152,-1.2055527759346094,Potential Loyalists
12955,1,11,4757.16,26.428666666666665,0.0,8.46761631787212,0.6931471805599453,1,2.6781902271265685,-1.1314189582540854,Loyal Customers
12956,306,1,108.07,5.687894736842105,0.0,4.691989877940651,5.726847747587197,0,-1.931334735505396,0.6418884761320682,Champions
12957,10,8,4017.54,16.880420168067225,0.0,8.298673931566155,2.3978952727983707,1,1.6848808239263071,-0.3557280217908123,Loyal Customers
12962,7,2,266.39,16.649375,0.0,5.588708266810736,2.079441541679836,2,0.0472928534759246,-1.350024459142584,Potential Loyalists
12963,8,8,1856.63,19.54347368421053,0.0,7.527056760684021,2.19722457733622,1,1.3910396784375,-0.5776970359861128,Loyal Customers
12965,89,1,771.91,7.081743119266055,0.0,6.65016261231351,4.499809670330265,2,-0.4866991054889306,0.1652718036760974,Potential Loyalists
12966,10,1,160.18,16.018,0.0,5.0825217528963655,2.3978952727983707,2,-0.4016689749161456,-1.300412188189042,Potential Loyalists
12967,358,2,1660.9,87.41578947368421,0.0,7.415716805133478,5.883322388488279,0,-0.5969368170299632,1.1692328890768346,Champions
12968,112,1,135.95,27.19,0.0,4.919615895709087,4.727387818712341,0,-1.418491818716274,0.0733057943103752,Champions
12970,7,4,452.24,2.9949668874172186,0.0,6.116421786512366,2.079441541679836,2,0.4535283257333923,-1.1317146721687803,Potential Loyalists
12971,4,86,11189.91,36.68822950819672,0.0,9.32285712060894,1.6094379124341005,3,8.350691527316503,5.1064806516327454,At-Risk / Lost Customers
12974,198,1,144.8,18.1,0.0,4.982235819574558,5.293304824724492,0,-1.615898407674906,0.4205112180463885,Champions
12976,212,1,738.6,33.57272727272727,0.0,6.60610949951297,5.3612921657094255,0,-0.854874745389336,0.6754298567860333,Champions
12977,156,1,39.24,4.359999999999999,0.0,3.694861525791484,5.056245805348308,0,-2.145491961366137,0.108716570087856,Champions
12980,158,9,7374.900000000001,368.745,0.0,8.905973207660795,5.068904202220232,2,0.9795315623225092,1.398480196252895,Potential Loyalists
12981,30,2,372.22,18.611,0.0,5.922168058105325,3.4339872044851463,2,-0.3360814650107001,-0.4947591220135832,Potential Loyalists
12982,243,1,390.54,13.947857142857144,0.0,5.970087681348397,5.497168225293202,0,-1.2183603840899804,0.672915123776967,Champions
12984,19,1,97.5,24.375,0.0,4.590056548178043,2.995732273553991,0,-0.8814191050517765,-1.0073080052122654,Champions
12985,1,2,1239.38,16.30763157894737,0.0,7.123173063265281,0.6931471805599453,1,1.350326237575891,-1.9779143949711009,Loyal Customers
12987,74,2,558.7,19.95357142857143,0.0,6.327400925897314,4.31748811353631,2,-0.4949919082377148,0.0878500234066429,Potential Loyalists
12988,292,1,535.32,5.818695652173914,0.0,6.284730997853663,5.680172609017068,0,-1.1392688321488855,0.8240255785841353,Champions
12989,3,15,6924.11,108.18921875,0.0,8.842909215405916,1.3862943611198906,1,2.881430744221876,-0.3693656229068865,Loyal Customers
12990,31,3,409.5,31.5,0.0,6.017375928892483,3.4657359027997265,2,-0.2276232493912807,-0.3888347572060437,Potential Loyalists
12991,23,2,503.76,16.25032258064516,0.0,6.22408306878471,3.1780538303479458,2,-0.0864761165772988,-0.6082212203818459,Potential Loyalists
12993,23,4,414.76,15.361481481481482,0.0,6.030108170700187,3.1780538303479458,2,-0.0306208779929215,-0.4851065560134867,Potential Loyalists
12994,4,3,974.42,15.974098360655738,0.0,6.882868147474188,1.6094379124341005,2,0.9398223722426322,-1.3864662114054145,Potential Loyalists
12995,85,1,211.32,70.44,0.0,5.358094570583897,4.454347296253507,0,-1.0956982716894237,-0.0323887288282494,Champions
12997,22,4,1226.89,20.794745762711862,0.0,7.113052528147638,3.1354942159291497,2,0.512281644255347,-0.3677498523095263,Potential Loyalists
12999,196,3,455.88,16.28142857142857,0.0,6.124420774356607,5.2832037287379885,0,-0.9072704488889726,0.7138236872136714,Champions
13000,107,3,534.85,17.253225806451614,0.0,6.283854271159006,4.68213122712422,0,-0.5879050033079944,0.374852739061224,Champions
13001,4,13,9818.82,28.964070796460177,0.0,9.192158071241616,1.6094379124341005,1,2.8111351911934004,-0.3383510186412437,Loyal Customers
13002,318,1,120.95,17.27857142857143,0.0,4.80361112466193,5.765191102784844,0,-1.8925775724153855,0.679577042168328,Champions
13003,106,3,149.05,24.84166666666667,0.0,5.010968571886377,4.672828834461906,0,-1.2021472471986083,0.2013798237919931,Champions
13004,12,18,5655.91,13.999777227722772,0.0,8.640633085723934,2.5649493574615367,1,2.53380593006623,0.5329381317044773,Loyal Customers
13005,174,2,513.7,19.75769230769231,0.0,6.243584206658709,5.1647859739235145,0,-0.8767628143768297,0.5842673897944155,Champions
13006,56,1,81.57,20.3925,0.0,4.413646418429337,4.04305126783455,0,-1.3886622303636555,-0.4033053363826548,Champions
13008,323,1,229.47,16.390714285714285,0.0,5.4401207021224,5.780743515792329,0,-1.589812314088692,0.7728513827225544,Champions
13011,372,1,50.55,16.85,0.0,3.942552210462969,5.921578419643816,0,-2.373575639332646,0.6596633741621218,Champions
13012,9,8,1661.84,18.6723595505618,0.0,7.416282262898624,2.302585092994046,1,1.2948459455875028,-0.5292051481798862,Loyal Customers
13013,1,13,4810.9400000000005,21.967762557077627,0.0,8.478855608188903,0.6931471805599453,1,2.8336770983006065,-0.9812352855106636,Loyal Customers
13014,11,10,3466.28,31.511636363636367,0.0,8.151125703889235,2.4849066497880004,1,1.7282500113328951,-0.1743755482394021,Loyal Customers
13015,53,5,3346.28,19.012954545454548,0.0,8.115903354718549,3.9889840465642745,2,0.73061112511781,0.3500647553930016,Potential Loyalists
13016,73,3,789.89,16.806170212765956,0.0,6.673158893621945,4.30406509320417,2,-0.2467076718069454,0.1997687193136192,Potential Loyalists
13017,7,1,204.0,204.0,,5.3230099791384085,2.079441541679836,2,-0.1567189457034482,-1.4594222614283936,Potential Loyalists
13018,16,28,7277.7,15.890174672489085,0.0,8.892707553816384,2.833213344056216,1,3.2983501417494705,1.4703657341754874,Loyal Customers
13021,4,9,2616.38,19.97236641221374,0.0,7.869929096421559,1.6094379124341005,1,1.8691317196600397,-0.8101634020166139,Loyal Customers
13023,64,2,689.9,17.2475,0.0,6.537995095494749,4.174387269895637,2,-0.3351433712722467,0.0299210937240229,Potential Loyalists
13026,1,5,975.36,24.384,0.0,6.883831370862763,0.6931471805599453,1,1.459170959573998,-1.7864333178869332,Loyal Customers
13027,114,6,6912.0,265.84615384615387,0.0,8.841158975945264,4.74493212836325,2,0.8534331483777128,0.9728420377676936,Potential Loyalists
13028,23,2,661.3199999999999,14.695999999999998,0.0,6.49574882283055,3.1780538303479458,2,0.0454177978013616,-0.5723868434863069,Potential Loyalists
13029,31,3,1247.5,124.75,0.0,7.129698109719828,3.4657359027997265,2,0.3124099505783087,-0.2421126486464599,Potential Loyalists
13030,11,2,799.48,8.075555555555555,0.0,6.685211547739895,2.4849066497880004,2,0.4164269076909419,-0.962543170116738,Potential Loyalists
13032,52,2,1010.18,14.227887323943662,0.0,6.918873244715984,3.970291913552122,2,-0.0680686399967635,-0.0420778657648818,Potential Loyalists
13033,357,1,190.55,17.322727272727274,0.0,5.255148871146658,5.8805329864007,0,-1.7197862927742364,0.8082195139414782,Champions
13034,55,2,642.77,17.372162162162162,0.0,6.467341519456512,4.02535169073515,2,-0.3094517980217697,-0.0686606357665589,Potential Loyalists
13035,74,2,921.88,34.1437037037037,0.0,6.827499215216475,4.31748811353631,2,-0.2521938375569105,0.1538160508406831,Potential Loyalists
13037,138,3,881.07,18.355625,0.0,6.782271417936915,4.934473933130692,0,-0.4475031119227327,0.591732987047558,Champions
13038,80,3,908.46,32.445,0.0,6.812851016782114,4.394449154672439,2,-0.2152709466534318,0.2723288196416761,Potential Loyalists
13040,9,2,676.99,15.743953488372092,0.0,6.519132538569087,2.302585092994046,2,0.409188560866226,-1.09364811634059,Potential Loyalists
13043,273,1,516.42,39.72461538461538,0.0,6.248854923817375,5.613128106388071,0,-1.1296980789664195,0.7791382459647191,Champions
13044,291,1,560.47,16.983939393939394,0.0,6.330558344434147,5.676753802268282,0,-1.115643390304729,0.8280228555299941,Champions
13045,99,1,305.28000000000003,16.96,0.0,5.724499716244923,4.605170185988092,0,-0.9785217279971776,0.1062749206048784,Champions
13046,31,2,629.31,17.980285714285714,0.0,6.446211761854101,3.4657359027997265,2,-0.0944382452352784,-0.4066192549992711,Potential Loyalists
13047,32,10,3237.54,18.822906976744186,0.0,8.082877889943946,3.49650756146648,1,1.2878979993663555,0.4225017108384759,Loyal Customers
13048,14,4,1835.91,13.499338235294118,0.0,7.515840091091689,2.70805020110221,2,0.8799019066857994,-0.570629353623942,Potential Loyalists
13049,64,2,656.6800000000001,46.90571428571429,0.0,6.488718490843878,4.174387269895637,2,-0.3590671974369405,0.0234212077542446,Potential Loyalists
13050,15,17,5836.86,14.483523573200992,0.0,8.672119570311168,2.772588722239781,1,2.3904927916407965,0.5871025593273643,Loyal Customers
13052,212,1,348.15000000000003,19.34166666666667,0.0,5.8555016292920445,5.3612921657094255,0,-1.2192953935294846,0.5764200812744837,Champions
13055,78,3,1214.41,15.97907894736842,0.0,7.102836747411359,4.3694478524670215,2,-0.0644184533349891,0.29560564839253,Potential Loyalists
13058,25,3,271.40000000000003,33.925000000000004,0.0,5.607271574275358,3.258096538021482,2,-0.3431444466826359,-0.5672917716535566,Potential Loyalists
13059,250,1,183.4,22.925,0.0,5.2171073111224935,5.525452939131784,0,-1.5953188299898822,0.5905330046181355,Champions
13060,254,1,307.53000000000003,20.502,0.0,5.731819083350057,5.541263545158426,0,-1.3517904266553988,0.6678961085675648,Champions
13061,72,1,248.61,24.861,0.0,5.519899699795292,4.290459441148391,0,-0.9511690838232488,-0.1092032259229887,Champions
13062,191,1,346.98,31.543636363636367,0.0,5.85214500685857,5.2574953720277815,0,-1.1791418724308296,0.5138101618781759,Champions
13064,13,4,1119.49,16.22449275362319,0.0,7.02152136861392,2.6390573296152584,2,0.6676827435485111,-0.6771550188210337,Potential Loyalists
13065,373,1,205.86,14.704285714285716,0.0,5.3320422359496575,5.924255797414532,0,-1.700055028470622,0.8445491847213662,Champions
13066,24,2,470.8,9.808333333333334,0.0,6.156555166973575,3.218875824868201,2,-0.1356937615473419,-0.592678989362484,Potential Loyalists
13067,82,1,115.46,7.697333333333334,0.0,4.757547866408974,4.418840607796598,0,-1.3729709814993307,-0.1328705885223858,Champions
13068,10,2,344.0,172.0,309.0,5.84354441703136,2.3978952727983707,2,0.0428231568995107,-1.1256780668149011,Potential Loyalists
13069,1,24,4436.12,10.437929411764706,0.0,8.39776079631407,0.6931471805599453,1,3.619471543258625,-0.1740759095894208,Loyal Customers
13070,192,1,228.8,25.422222222222224,0.0,5.437209365414655,5.262690188904886,0,-1.3826845794990537,0.4621889483292916,Champions
13072,267,1,177.15,25.307142857142857,0.0,5.182625892051845,5.5909869805108565,0,-1.6384401627404894,0.6252350902700189,Champions
13075,130,1,919.61,41.80045454545455,0.0,6.825036493805135,4.875197323201151,0,-0.5529091606350903,0.4131701972153918,Champions
13077,1,4,729.27,6.5113392857142856,0.0,6.593414328773672,0.6931471805599453,1,1.2431581877654374,-1.8990916752812423,Loyal Customers
13078,3,26,12627.94,35.27357541899441,0.0,9.443746284664895,1.3862943611198906,1,3.99830359638747,0.5277447449288891,Loyal Customers
13079,4,5,220.1,36.68333333333334,17.0,5.3986150878634005,1.6094379124341005,2,0.369246657250562,-1.4335471394208252,Potential Loyalists
13080,179,1,58.08,9.68,0.0,4.078892457663179,5.19295685089021,0,-2.014077395248368,0.2412531418921564,Champions
13081,12,11,28337.38,27.56554474708172,0.0,10.251972348590336,2.5649493574615367,1,2.791006616410997,0.2250296545482816,Loyal Customers
13082,126,9,3613.63,49.50178082191781,0.0,8.192744778040643,4.844187086458591,2,0.7237180236216428,1.1698108581623337,Potential Loyalists
13083,4,2,303.75,16.875,0.0,5.719491768361381,1.6094379124341005,2,0.299987229234388,-1.6142732521781569,Potential Loyalists
13085,158,2,416.08,18.91272727272727,0.0,6.0332780499213925,5.068904202220232,0,-0.9402696116502134,0.4991001145695967,Champions
13089,3,97,58825.83,32.35744224422442,0.0,10.982353322333951,1.3862943611198906,3,10.07137006176536,6.009586960703516,At-Risk / Lost Customers
13090,9,14,8910.82,57.48916129032258,0.0,9.09513376447656,2.302585092994046,1,2.560020092147852,0.1383490722776575,Loyal Customers
13091,28,1,345.82,16.467619047619046,0.0,5.848805913370403,3.367295829986474,2,-0.4198674703218182,-0.6187301681832861,Potential Loyalists
13092,71,5,477.83,19.1132,0.0,6.171345628362577,4.276666119016055,2,-0.329278781823458,0.2658675112254713,Potential Loyalists
13093,276,8,7832.47,49.260817610062894,0.0,8.966160858120457,5.6240175061873385,2,0.710278014731879,1.6645435409388614,Potential Loyalists
13094,21,12,1927.32,80.305,0.0,7.564404436501881,3.091042453358316,1,1.3494280201755229,0.2599672379677859,Loyal Customers
13095,71,1,74.39999999999999,12.4,0.0,4.32280727501391,4.276666119016055,0,-1.526805826256718,-0.275368302792057,Champions
13097,33,10,6010.42,14.20903073286052,0.0,8.701416272499749,3.5263605246161616,1,1.576181575952453,0.521970589420229,Loyal Customers
13098,1,28,28882.44,50.49377622377622,0.0,10.271023699486712,0.6931471805599453,1,4.829002373995343,0.3704212239863149,Loyal Customers
13099,99,1,207.36,207.36,,5.339267352876991,4.605170185988092,0,-1.165552310958935,0.0554604123508997,Champions
13101,234,1,101.19,12.64875,0.0,4.626833825624118,5.459585514144159,0,-1.8553822393548167,0.47322224655041,Champions
13102,1,24,6424.09,21.131875,0.0,8.767965917447414,0.6931471805599453,1,3.799206389561938,-0.1252435866271661,Loyal Customers
13103,40,1,243.94,30.4925,0.0,5.501013282593141,3.713572066704308,0,-0.7281137497594402,-0.4572104305345518,Champions
13104,3,6,1098.48,54.924,0.0,7.002592619742972,1.3862943611198906,1,1.312819899339266,-1.281269790504484,Loyal Customers
13106,133,1,76.5,76.5,,4.350277936359301,4.897839799950911,0,-1.7635208558952975,0.1002956763373992,Champions
13107,44,4,1531.62,26.407241379310346,0.0,7.334733968170588,3.80666248977032,2,0.3497308741858339,0.0634750502451101,Potential Loyalists
13108,373,1,350.06,35.006,0.0,5.8609571490282,5.924255797414532,0,-1.443266466716877,0.914316301329408,Champions
13109,60,2,786.54,16.734893617021275,0.0,6.668914163060628,4.110873864173311,2,-0.2460148947457503,0.0091499467533381,Potential Loyalists
13110,31,7,1488.67,10.266689655172414,0.0,7.306309897899894,3.4657359027997265,2,0.6982154734371357,0.07858581097267,Potential Loyalists
13113,1,24,12245.96,60.92517412935324,0.0,9.41303302190997,0.6931471805599453,1,4.112386921805683,-0.040155284550178,Loyal Customers
13115,12,4,2294.78,19.12316666666667,0.0,7.73882793403321,2.5649493574615367,2,1.0457675807638316,-0.626923481881951,Potential Loyalists
13116,138,1,501.14,16.704666666666665,0.0,6.218878965272838,4.934473933130692,0,-0.8710607311905917,0.368716930284625,Champions
13117,22,8,984.91,12.959342105263158,0.0,6.893565072546089,3.1354942159291497,2,0.7057807060798211,-0.0992993090299482,Potential Loyalists
13118,20,5,1197.81,15.162151898734177,0.0,7.089084677082725,3.044522437723423,2,0.612280812430964,-0.3510466436046838,Potential Loyalists
13120,239,1,30.6,30.6,,3.4531571205928664,5.480638923341991,0,-2.433678105989544,0.33101664858159,Champions
13121,269,1,283.73,5.674600000000001,0.0,5.6515413628105104,5.598421958998375,0,-1.4137743060809054,0.6915409551165461,Champions
13122,94,2,922.39,16.77072727272727,0.0,6.828051680471256,4.553876891600541,2,-0.3470833812257647,0.2954695893314794,Potential Loyalists
13124,90,3,3866.33,16.452468085106382,0.0,8.26031962543717,4.51085950651685,2,0.4406153565486558,0.5329806113397332,Potential Loyalists
13126,5,8,2099.64,14.997428571428571,0.0,7.6499973391858,1.791759469228055,1,1.6139464743850993,-0.80432621093053,Loyal Customers
13127,78,1,259.17,17.278000000000002,0.0,5.561335263505108,4.3694478524670215,0,-0.9628486941916607,-0.0564289804519923,Champions
13130,94,1,64.0,32.0,0.0,4.174387269895637,4.553876891600541,0,-1.7104544101305117,-0.1289155707184468,Champions
13131,23,3,1073.3,24.393181818181816,0.0,6.979424565672496,3.1780538303479458,2,0.3552578045499845,-0.4342364797644298,Potential Loyalists
13132,262,1,77.3,25.766666666666666,0.0,4.360547602996758,5.572154032177765,0,-2.029978588822735,0.5055182843999071,Champions
13133,274,2,109.8,15.685714285714283,0.0,4.707726774313183,5.616771097666572,0,-1.8043682618292856,0.6523864763955989,Champions
13134,86,4,1793.58,18.301836734693875,0.0,7.492526290257111,4.465908118654584,2,0.160961326148709,0.4791317402322151,Potential Loyalists
13135,197,1,3096.0,3096.0,,8.038189179973203,5.288267030694535,2,-0.1302029524721838,0.8205928907206009,Potential Loyalists
13136,56,5,2607.61,20.53236220472441,0.0,7.866572791402729,4.04305126783455,2,0.5877963243505264,0.349559084206384,Potential Loyalists
13137,11,8,3650.41,5.185241477272727,0.0,8.202868673351237,2.4849066497880004,1,1.6033410715135614,-0.3162514751553361,Loyal Customers
13138,22,6,962.39,15.276031746031746,0.0,6.870458314237744,3.1354942159291497,2,0.544532170861421,-0.2510483734890062,Potential Loyalists
13139,16,7,5064.9400000000005,29.79376470588236,0.0,8.530294986827844,2.833213344056216,1,1.5470816137206969,-0.138800689027856,Loyal Customers
13140,108,3,423.72,9.211304347826088,0.0,6.051430128275416,4.691347882229144,0,-0.7044572314961917,0.3497147152986741,Champions
13141,85,5,2388.75,17.694444444444443,0.0,7.778944036943872,4.454347296253507,2,0.3796862200418578,0.5843384263676452,Potential Loyalists
13142,19,1,307.09000000000003,13.351739130434783,0.0,5.7303919480814,2.995732273553991,2,-0.3277854675472492,-0.8568907814772233,Potential Loyalists
13144,333,1,110.95,36.98333333333333,0.0,4.718052343044764,5.811140992976701,0,-1.9526134449550263,0.6958121475051562,Champions
13145,40,4,618.52,103.08666666666666,35.0,6.428944984648157,3.713572066704308,2,-0.0525569749823438,-0.1117588432400009,Potential Loyalists
13146,26,1,228.91,13.465294117647058,0.0,5.437687927995845,3.295836866004329,2,-0.590699897228877,-0.7157581668203372,Potential Loyalists
13147,10,4,712.8,178.2,20.0,6.57060281105606,2.3978952727983707,2,0.5458407056396665,-0.881073469942161,Potential Loyalists
13148,29,12,3707.12,11.621065830721005,0.0,8.21828028862164,3.4011973816621555,1,1.5420330433469294,0.5319789973721556,Loyal Customers
13149,14,4,1676.06,19.48906976744186,0.0,7.424797539358498,2.70805020110221,2,0.8357006838806387,-0.5826384238278671,Potential Loyalists
13151,296,1,1257.87,16.998243243243245,0.0,7.1379697721602025,5.6937321388027,0,-0.7304791659291421,0.94469422729139,Champions
13153,6,1,486.22,32.41466666666667,0.0,6.188715766456242,1.9459101490553128,2,0.317334580965559,-1.4252065113914234,Potential Loyalists
13155,33,4,971.76,11.432470588235294,0.0,6.880137391945464,3.5263605246161616,2,0.2418588368731008,-0.1643706746836808,Potential Loyalists
13157,49,4,1741.22,20.014022988505747,0.0,7.462915441057162,3.912023005428146,2,0.3695504329145775,0.1434866941743477,Potential Loyalists
13158,95,4,1201.06,15.203291139240504,0.0,7.091792030654675,4.564348191467836,2,-0.0732222661449968,0.4852312888544252,Potential Loyalists
13159,9,4,1437.85,11.883057851239668,0.0,7.271599462399201,2.302585092994046,2,0.9245419686711848,-0.8456919787607529,Potential Loyalists
13160,22,1,91.8,22.95,0.0,4.530446639792155,3.1354942159291497,0,-0.9666206100394504,-0.9314630995599548,Champions
13161,313,1,112.75,14.09375,0.0,4.73400305783106,5.749392985908253,0,-1.9200128416648228,0.6609333233392387,Champions
13162,122,4,1688.29,21.370759493670885,0.0,7.432063601299488,4.812184355372417,2,-0.0077860647451979,0.6785520570860885,Potential Loyalists
13165,46,2,1021.48,24.32095238095238,0.0,6.929986327823459,3.8501476017100575,2,-0.0143094103741545,-0.1125701845303918,Potential Loyalists
13166,283,1,417.2,10.17560975609756,0.0,6.035959786994534,5.648974238161206,0,-1.247488596373089,0.7725254478125666,Champions
13167,19,4,791.33,12.174307692307693,0.0,6.674977971699642,2.995732273553991,2,0.355856992045034,-0.5092423871617351,Potential Loyalists
13168,36,4,1319.19,10.070152671755723,0.0,7.185530944616075,3.610917912644224,2,0.3560892365902624,-0.0734433186501276,Potential Loyalists
13169,64,2,712.88,54.83692307692308,0.0,6.570714880987815,4.174387269895637,2,-0.3192578924364332,0.0342370338373353,Potential Loyalists
13170,27,1,116.01,3.6253125,0.0,4.7622594012308666,3.332204510175204,0,-0.9332606339189022,-0.7830696019384396,Champions
13171,22,3,468.41,10.182826086956522,0.0,6.151476586982076,3.1354942159291497,2,-0.0295792444061428,-0.568938179301119,Potential Loyalists
13173,4,2,353.65000000000003,8.224418604651163,0.0,5.871131387648096,1.6094379124341005,2,0.3736083708937808,-1.5942710576104189,Potential Loyalists
13174,16,3,2817.03,8.971433121019109,0.0,7.943793338250078,2.833213344056216,2,0.9622742757753312,-0.5135661317849219,Potential Loyalists
13176,46,1,492.84,6.845,0.0,6.202211578085641,3.8501476017100575,2,-0.4426596564001491,-0.2829187023540092,Potential Loyalists
13177,65,1,282.45,16.61470588235294,0.0,5.6470357407703125,4.189654742026425,0,-0.8488657438675382,-0.1528083043323403,Champions
13178,26,11,5725.47,21.60554716981132,0.0,8.652854564021988,3.295836866004329,1,1.7204167017158631,0.4518477127327657,Loyal Customers
13182,45,1,121.18,11.016363636363636,0.0,4.805495367221621,3.828641396489095,0,-1.1121090835946312,-0.4800348672604916,Champions
13183,8,9,3957.78,42.10404255319149,0.0,8.283691175973804,2.19722457733622,1,1.8334013123569624,-0.4035417515124235,Loyal Customers
13184,15,10,1701.29,9.39939226519337,0.0,7.439729682398054,2.772588722239781,1,1.267060978146348,-0.0959112104917753,Loyal Customers
13185,268,1,71.4,71.4,,4.282206299391671,5.594711379601839,0,-2.077093755735463,0.5086948905920172,Champions
13186,40,3,1575.89,19.947974683544302,0.0,7.363209831835215,3.713572066704308,2,0.3260141705402012,-0.0628741583336707,Potential Loyalists
13187,337,1,236.02,6.378918918918919,0.0,5.468144525760303,5.823045895483019,0,-1.5932354549372123,0.8018841207597796,Champions
13188,11,1,114.6,57.3,0.0,4.750135956238277,2.4849066497880004,2,-0.5980687448922963,-1.2921420636162142,Potential Loyalists
13189,19,2,260.68,8.988965517241379,0.0,5.567122383230129,2.995732273553991,2,-0.33203786202991,-0.804076466342344,Potential Loyalists
13192,95,2,911.94,14.475238095238096,0.0,6.81667016102037,4.564348191467836,2,-0.3568243149010144,0.3002398876336206,Potential Loyalists
13193,61,1,117.88,4.0648275862068965,0.0,4.778114580969449,4.127134385045092,0,-1.2455601494262096,-0.3048697331698118,Champions
13194,136,1,60.7,20.23333333333333,0.0,4.122283930911342,4.919980925828125,0,-1.883124965614288,0.0834828863830504,Champions
13196,11,4,1797.78,16.343454545454545,0.0,7.494863936311281,2.4849066497880004,2,0.959543898788834,-0.7070439194798923,Potential Loyalists
13198,10,6,3401.24,15.049734513274338,0.0,8.132189317204716,2.3978952727983707,1,1.4540222389006296,-0.526389503644276,Loyal Customers
13199,4,38,9817.12,82.49680672268909,0.0,9.191984936991869,1.6094379124341005,1,4.68642848229288,1.5203904127737866,Loyal Customers
13200,19,4,870.09,18.915,0.0,6.769745301020691,2.995732273553991,2,0.4018665969849917,-0.4967419959799258,Potential Loyalists
13203,10,4,869.46,15.253684210526316,0.0,6.769021807549381,2.3978952727983707,2,0.6421732677857729,-0.8549007889999155,Potential Loyalists
13207,15,2,250.26,31.2825,0.0,5.526488259576272,2.772588722239781,2,-0.2619398276206209,-0.9430840386966146,Potential Loyalists
13208,59,6,1223.9,8.214093959731544,0.0,7.11061448699364,4.0943445622221,2,0.2751451313654986,0.3549152897112032,Potential Loyalists
13209,30,8,5891.61,18.35392523364486,0.0,8.681454302434092,3.4339872044851463,1,1.4536445079387137,0.3153110586125542,Loyal Customers
13210,94,1,353.48,16.067272727272726,0.0,5.8706519268912345,4.553876891600541,0,-0.8869167278815601,0.0948321270613248,Champions
13211,10,3,1197.42,21.3825,0.0,7.088759301542255,2.3978952727983707,2,0.722390951753271,-0.8870760259240807,Potential Loyalists
13212,20,3,788.08,5.549859154929578,0.0,6.670867709875668,3.044522437723423,2,0.2592059933084546,-0.5549131646444578,Potential Loyalists
13213,57,5,1520.58,16.895333333333333,0.0,7.327504547645857,4.060443010546419,2,0.3190773068775065,0.2888691421358944,Potential Loyalists
13216,268,1,333.74,66.748,0.0,5.813354111085492,5.594711379601839,0,-1.3337204178412003,0.7106626651454412,Champions
13217,122,3,533.98,133.495,9.0,6.282229363019668,4.812184355372417,0,-0.6410464888684543,0.4525313076340396,Champions
13218,127,1,62.64,12.528,0.0,4.153242203469586,4.852030263919617,0,-1.840741317862052,0.0468686861779519,Champions
13220,78,4,819.2900000000001,39.01380952380953,0.0,6.7096579362724444,4.3694478524670215,2,-0.1802919483543339,0.3180935257613501,Potential Loyalists
13221,240,2,847.41,12.839545454545457,0.0,6.743364009514037,5.484796933490655,0,-0.7629390543531008,0.8418560232057875,Champions
13223,200,2,163.2,32.64,0.0,5.101085197018328,5.303304908059076,0,-1.4872073683859215,0.5165281136769814,Champions
13224,60,2,2155.95,19.9625,0.0,7.676450465777419,4.110873864173311,2,0.243144687810604,0.1420501561827505,Potential Loyalists
13225,3,7,6463.84,201.995,0.0,8.774133542253146,1.3862943611198906,1,2.247919355277636,-0.9732421214852852,Loyal Customers
13226,273,1,108.21,6.7631250000000005,0.0,4.693272634209637,5.613128106388071,0,-1.884934373048092,0.573947414114698,Champions
13227,202,1,257.7,28.633333333333333,0.0,5.555669089191984,5.313205979041787,0,-1.3455073170455114,0.508070005036276,Champions
13228,81,1,358.0,179.0,0.0,5.883322388488279,4.406719247264253,0,-0.821527234241148,0.0083661026480932,Champions
13229,226,1,160.95,16.095,0.0,5.087287645617338,5.424950017481403,0,-1.6178891458249778,0.5132146386929042,Champions
13230,4,14,2806.97,4.5940589198036,0.0,7.940217081327946,1.6094379124341005,1,2.2783320552748307,-0.4291391325210529,Loyal Customers
13232,13,7,1357.6,6.558454106280193,0.0,7.214210036757201,2.6390573296152584,2,0.9862785090042132,-0.4286864910201241,Potential Loyalists
13233,74,2,605.12,14.072558139534884,0.0,6.407077986267962,4.31748811353631,2,-0.4563086394709925,0.0983599156868771,Potential Loyalists
13235,212,1,1031.07,17.77706896551724,0.0,6.939321773198559,5.3612921657094255,0,-0.6930999525017862,0.719382596590897,Champions
13236,25,2,744.85,20.69027777777778,0.0,6.614524507599939,3.258096538021482,2,0.0708624659188189,-0.5087795111379181,Potential Loyalists
13238,17,4,700.73,22.60419354838709,0.0,6.553548714657728,2.8903717578961645,2,0.3393156388509181,-0.5883633724641343,Potential Loyalists
13239,262,1,329.56,14.98,0.0,5.800788185931274,5.572154032177765,0,-1.3307407743347752,0.6954948386785067,Champions
13240,96,4,663.65,9.905223880597015,0.0,6.499260586313608,4.574710978503383,0,-0.3650682148988464,0.4132793608104867,Champions
13242,112,3,270.40000000000003,20.800000000000004,0.0,5.603593747400769,4.727387818712341,0,-0.9363899035340326,0.3122278037835825,Champions
13243,203,1,600.07,10.346034482758622,0.0,6.3987114002985646,5.318119993844216,0,-0.9381878084416304,0.6222156072869129,Champions
13244,93,1,121.74,4.508888888888889,0.0,4.810068296960951,4.543294782270004,0,-1.3975710209683965,-0.0514033074366155,Champions
13245,51,1,430.5,26.90625,0.0,6.067267510523482,3.951243718581428,2,-0.5488711083008695,-0.2401690112306898,Potential Loyalists
13246,18,6,1987.3,14.094326241134752,0.0,7.595035281264035,2.9444389791664403,2,0.9732236490267344,-0.2699012165237767,Potential Loyalists
13247,18,4,501.12,20.0448,0.0,6.218839134950008,2.9444389791664403,2,0.1550492656641409,-0.6001310588543372,Potential Loyalists
13248,125,2,465.68,17.91076923076923,0.0,6.145643797955656,4.836281906951478,0,-0.7920743852259721,0.3745970448930472,Champions
13249,92,3,711.41,30.93086956521739,0.0,6.56865358837482,4.532599493153256,2,-0.3894410747574703,0.3228602606172173,Potential Loyalists
13253,157,2,1030.4,28.622222222222224,0.0,6.9386723816168585,5.062595033026967,0,-0.4981602860233834,0.6147484127858625,Champions
13255,9,2,399.51,30.73153846153846,0.0,5.992738734985712,2.302585092994046,2,0.153623999542947,-1.1630826831645706,Potential Loyalists
13256,14,1,0.0,0.0,,0.0,2.70805020110221,0,-2.9940890176214,-1.785066407986929,Champions
13258,12,3,698.5799999999999,18.383684210526315,0.0,6.550480154971372,2.5649493574615367,2,0.3938088055430521,-0.8580244032563382,Potential Loyalists
13259,62,1,292.32,3.36,0.0,5.681264163225599,4.143134726391533,0,-0.8135212940472837,-0.1761556644754447,Champions
13260,61,1,557.62,69.7025,0.0,6.325469456665338,4.127134385045092,2,-0.4943182705768089,-0.1007641476071936,Potential Loyalists
13261,269,2,944.1,104.9,0.0,6.8512907420010105,5.598421958998375,0,-0.7562800459903778,0.9241458173820394,Champions
13262,263,1,200.29,18.208181818181817,0.0,5.3047466543129405,5.575949103146316,0,-1.5730969835052568,0.6323369096514682,Champions
13263,1,35,7454.07,4.444883720930233,0.0,8.916649616826117,0.6931471805599453,1,4.696558463105767,0.7122249823083923,Loyal Customers
13265,53,5,2107.66,23.1610989010989,0.0,7.653807953637001,3.9889840465642745,2,0.5062634833655918,0.2891115416829756,Potential Loyalists
13266,11,12,3834.26,20.504064171122995,0.0,8.251992508113439,2.4849066497880004,1,1.9272511034539088,-0.0123694574482983,Loyal Customers
13267,3,19,4521.49,21.428862559241704,0.0,8.416818006100614,1.3862943611198906,1,2.974623538526468,-0.1281673801767702,Loyal Customers
13268,18,11,3214.69,7.306113636363636,0.0,8.075797232617925,2.9444389791664403,1,1.5817093836254572,0.1652670832753042,Loyal Customers
13269,1,15,5346.2300000000005,16.91844936708861,0.0,8.584333948798262,0.6931471805599453,1,3.03491709457527,-0.8186209048249665,Loyal Customers
13270,366,1,590.0,590.0,,6.3818160174060985,5.905361848054571,0,-1.1827834039029546,0.9717045965052028,Champions
13271,37,1,217.38,2.264375,0.0,5.38623666458592,3.6375861597263857,0,-0.7532499240652364,-0.5178605161087634,Champions
13272,31,2,276.56,18.43733333333333,0.0,5.626037126031348,3.4657359027997265,2,-0.4926336069314813,-0.514805312986082,Potential Loyalists
13273,113,1,138.98,8.68625,0.0,4.941499555261394,4.736198448394496,0,-1.4114139856106955,0.0814693459292672,Champions
13276,64,2,590.9300000000001,19.69766666666667,0.0,6.383388384649479,4.174387269895637,2,-0.4102050379670908,0.0095275216064487,Potential Loyalists
13277,16,4,258.4,32.3,0.0,5.558371271882344,2.833213344056216,2,-0.1208347187993789,-0.7538673421544803,Potential Loyalists
13278,41,1,542.73,11.798478260869564,0.0,6.298452800117238,3.737669618283368,2,-0.350656718643642,-0.3375904932777193,Potential Loyalists
13279,78,1,137.75,15.305555555555555,0.0,4.932673752626544,4.3694478524670215,0,-1.2680642992288178,-0.1393532842519487,Champions
13280,122,3,814.86,9.586588235294116,0.0,6.704242771617076,4.812184355372417,0,-0.4361586826166547,0.5081974610355422,Champions
13282,18,3,1132.14,30.59837837837838,0.0,7.032747819149021,2.9444389791664403,2,0.4751874095305013,-0.5671220890206059,Potential Loyalists
13283,60,2,93.66,13.38,0.0,4.5502915244781015,4.110873864173311,0,-1.2746076736749057,-0.2703093557157434,Champions
13284,331,1,201.19,15.476153846153846,0.0,5.309207849379209,5.805134968916488,0,-1.6631893201142995,0.7701919831048145,Champions
13285,23,4,2709.12,14.487272727272726,0.0,7.904748193336201,3.1780538303479458,2,0.8795181695465167,-0.2378300549670371,Potential Loyalists
13291,156,1,361.11,8.597857142857142,0.0,5.8919480330707374,5.056245805348308,0,-1.078804919079966,0.3985257374246536,Champions
13292,39,2,578.94,18.675483870967746,0.0,6.362924649913461,3.688879454113936,2,-0.2247001265549155,-0.2839576526302524,Potential Loyalists
13294,190,2,873.74,16.18037037037037,0.0,6.773926699344786,5.25227342804663,0,-0.654499037756179,0.7066217974425832,Champions
13295,360,1,201.2,20.12,0.0,5.309257306586371,5.8888779583328805,0,-1.6968758588739616,0.8203548138204735,Champions
13296,137,1,87.4,17.48,0.0,4.481871969643598,4.927253685157205,0,-1.7114723530296514,0.1352706351713206,Champions
13297,8,4,2089.85,35.421186440677964,0.0,7.645325960844005,2.19722457733622,1,1.148399082511107,-0.859498887114342,Loyal Customers
13298,1,1,360.0,180.0,0.0,5.8888779583328805,0.6931471805599453,2,0.6760600033763923,-2.215076050052506,Potential Loyalists
13299,268,1,142.5,28.5,0.0,4.966335035199676,5.594711379601839,0,-1.7449487740407272,0.5989356610936832,Champions
13300,169,1,371.89,18.5945,0.0,5.921283469984221,5.135798437050262,0,-1.0965862751402136,0.4500418313702533,Champions
13301,104,4,618.09,7.630740740740741,0.0,6.428250657915328,4.653960350157523,0,-0.4314452396462098,0.4513776544929151,Champions
13302,155,1,63.75,63.75,,4.170533700579648,5.049856007249537,0,-1.9119805877265128,0.1676335926005816,Champions
13304,351,1,300.42,14.305714285714286,0.0,5.7085046409915305,5.863631175598097,0,-1.4928779625586897,0.857896891329922,Champions
13305,4,10,2000.86,24.701975308641973,0.0,7.601832027360015,1.6094379124341005,1,1.813985498263496,-0.7711764767494165,Loyal Customers
13307,120,1,15.0,15.0,,2.772588722239781,4.795790545596741,0,-2.4884103816944187,-0.1689316983983218,Champions
13308,23,3,1385.51,25.6575925925926,0.0,7.23454507743516,3.1780538303479458,2,0.4791189921805277,-0.4005845216646854,Potential Loyalists
13309,7,5,1456.79,13.614859813084111,0.0,7.284676869273055,2.079441541679836,2,1.0957320827889707,-0.9032641005031076,Potential Loyalists
13310,28,3,1132.03,15.722638888888888,0.0,7.032650739053453,3.367295829986474,2,0.3049202117871328,-0.3138726431845673,Potential Loyalists
13311,4,2,598.57,23.02192307692308,0.0,6.396212731621162,1.6094379124341005,2,0.6285357321545217,-1.5250096122477763,Potential Loyalists
13313,22,5,1555.3200000000002,19.94,0.0,7.35007933912113,3.1354942159291497,2,0.7023734213616109,-0.2621339934114148,Potential Loyalists
13314,2,3,775.94,12.51516129032258,0.0,6.655363127308804,1.0986122886681098,2,1.035000220300106,-1.7224250298243309,Potential Loyalists
13316,37,4,5977.73,68.70954022988505,0.0,8.695963449808062,3.6375861597263857,1,1.0786700363114374,0.1417644310114456,Loyal Customers
13317,66,6,2273.68,18.336129032258064,0.0,7.729594662150938,4.204692619390966,2,0.5312400812198903,0.5026534838695815,Potential Loyalists
13318,1,3,640.76,32.038,0.0,6.464214402021743,0.6931471805599453,2,1.1054164386749858,-1.9904845077171556,Potential Loyalists
13319,5,26,10845.55,22.784768907563027,0.0,9.29160233605445,1.791759469228055,1,3.7612185437427432,0.750521816487035,Loyal Customers
13320,78,4,1548.7,14.610377358490569,0.0,7.345816642793289,4.3694478524670215,2,0.1285635504323904,0.402006755586409,Potential Loyalists
13321,72,2,567.36,51.57818181818182,0.0,6.342755020769874,4.290459441148391,2,-0.4766571536872285,0.073687001609709,Potential Loyalists
13322,17,1,199.48,7.9792,0.0,5.300714491147758,2.8903717578961645,2,-0.49398153826986,-0.9766715923475804,Potential Loyalists
13323,3,5,787.85,37.516666666666666,0.0,6.670576188703463,1.3862943611198906,2,1.0766105949802491,-1.3994153620951837,Potential Loyalists
13324,36,10,7121.95,94.95933333333332,0.0,8.871077244439467,3.610917912644224,1,1.6245137124005011,0.5949939867012402,Loyal Customers
13325,82,1,675.3,56.275,0.0,6.516636764580894,4.418840607796598,2,-0.5189320860381464,0.0991640114633544,Potential Loyalists
13327,39,8,3627.77,33.59046296296296,0.0,8.196649026863438,3.688879454113936,1,1.1156649097649505,0.4040252486761885,Loyal Customers
13328,316,1,1308.48,76.96941176470588,0.0,7.17738539082617,5.75890177387728,0,-0.737576744030564,0.9889255304528044,Champions
13329,32,2,789.0,46.41176470588236,0.0,6.672032945461067,3.49650756146648,2,0.0028110366632822,-0.3584019447243454,Potential Loyalists
13330,93,3,1140.93,21.52698113207548,0.0,7.040475092365302,4.543294782270004,2,-0.164676767564885,0.3915021514993436,Potential Loyalists
13332,14,1,350.90000000000003,16.709523809523812,0.0,5.86334704432754,2.70805020110221,2,-0.1474299098031349,-1.011655020181588,Potential Loyalists
13334,82,3,3536.82,13.197089552238806,0.0,8.17126599722425,4.418840607796598,2,0.4344217562794019,0.4661208832671613,Potential Loyalists
13336,77,1,795.12,15.590588235294115,0.0,6.679749928251019,4.356708826689592,2,-0.4147295230955011,0.0834669613393157,Potential Loyalists
13338,158,1,487.02,25.632631578947368,0.0,6.190356388619899,5.068904202220232,0,-0.9390230618127848,0.4454691387842688,Champions
13339,201,1,860.12,15.928148148148148,0.0,6.758233867538541,5.308267697401205,0,-0.75967337854038,0.663737972936904,Champions
13340,45,7,10736.48,80.12298507462687,0.0,9.28149570365981,3.828641396489095,1,1.511082786713024,0.5564804168885277,Loyal Customers
13341,261,1,775.85,18.472619047619048,0.0,6.65524728153801,5.568344503761097,0,-0.9143667663202704,0.8059215806624489,Champions
13343,178,1,353.43,18.60157894736842,0.0,5.870510865261174,5.187385805840755,0,-1.1420027885787687,0.474241909527383,Champions
13344,68,3,2543.7200000000003,21.37579831932773,0.0,7.841775903285653,4.23410650459726,2,0.3488183781154952,0.3120160642507926,Potential Loyalists
13345,288,1,389.5,19.475,0.0,5.967427969279741,5.666426688112432,0,-1.2877862861088465,0.7739385018178495,Champions
13347,70,1,341.36,42.67,0.0,5.835862815013409,4.262679877041316,0,-0.7865861690220861,-0.0841638093622404,Champions
13348,64,1,233.76,16.697142857142858,0.0,5.458563715690134,4.174387269895637,0,-0.9342231581622408,-0.1868130874817461,Champions
13349,11,1,247.32,15.4575,0.0,5.514718236994854,2.4849066497880004,2,-0.2268635106229351,-1.191288977762563,Potential Loyalists
13350,16,2,979.12,24.478,0.0,6.887675013147945,2.833213344056216,2,0.3745129933160261,-0.7272251782843338,Potential Loyalists
13351,66,1,373.94,23.37125,0.0,5.926766013169045,4.204692619390966,0,-0.7191099635575934,-0.1069035109280175,Champions
13352,60,1,397.98,16.5825,0.0,5.988911290320265,4.110873864173311,0,-0.6511718609395473,-0.1548971678943556,Champions
13354,71,1,743.53,14.579019607843136,0.0,6.612753146812557,4.276666119016055,2,-0.4150354972817467,0.026689583483038,Potential Loyalists
13355,122,1,674.7,21.084375,0.0,6.515749190558129,4.812184355372417,0,-0.6777026364307523,0.3346328616710404,Champions
13356,80,1,768.24,18.29142857142857,0.0,6.645403014442647,4.394449154672439,2,-0.4465972572190245,0.1015402610132154,Potential Loyalists
13357,257,1,609.95,6.777222222222223,0.0,6.415015122762531,5.552959584921617,0,-1.0248064839689608,0.7650189763276078,Champions
13358,269,1,439.03,15.13896551724138,0.0,6.086842906406214,5.598421958998375,0,-1.2024351009552474,0.7489598949133756,Champions
13359,64,1,439.56,19.11130434782609,0.0,6.088046644954226,4.174387269895637,0,-0.628608753922032,-0.1037804335655989,Champions
13362,9,4,3090.74,18.618915662650604,0.0,8.036489318202769,2.302585092994046,1,1.2958965308418686,-0.7447983218745243,Loyal Customers
13363,18,2,992.5,16.541666666666668,0.0,6.901234061991872,2.9444389791664403,2,0.3363222941533247,-0.6588201298590435,Potential Loyalists
13364,71,1,134.96,13.496,0.0,4.912360724827916,4.276666119016055,0,-1.2405772123317858,-0.1976025917811081,Champions
13365,34,2,2225.37,17.385703125,0.0,7.708127735453272,3.555348061489413,2,0.4821496751492472,-0.1864932720648289,Potential Loyalists
13366,50,1,56.16,56.16,,4.045854353061666,3.9318256327243257,0,-1.522451909499183,-0.518435889343985,Champions
13368,257,2,623.4,21.49655172413793,0.0,6.436791188641277,5.552959584921617,0,-0.9392190947756424,0.8422419435494677,Champions
13369,366,1,308.28000000000003,22.020000000000003,0.0,5.734247015460021,5.905361848054571,0,-1.4971786091320192,0.886286278826162,Champions
13370,372,1,754.87,19.355641025641027,0.0,6.62786940372116,5.921578419643816,0,-1.0698522561219033,1.0138731593640062,Champions
13372,90,1,378.64,16.46260869565217,0.0,5.939223435262291,4.51085950651685,0,-0.8363086617066234,0.0781126657662899,Champions
13373,61,3,3312.25,20.963607594936708,0.0,8.105684859760789,4.127134385045092,2,0.5200077456937267,0.2827583092872109,Potential Loyalists
13375,89,1,778.65,21.044594594594592,0.0,6.658845101030894,4.499809670330265,2,-0.4824837511189753,0.1664170771176572,Potential Loyalists
13376,99,3,1019.76,19.240754716981133,0.0,6.928302726869797,4.605170185988092,2,-0.2440443330824447,0.413765052440142,Potential Loyalists
13379,26,3,572.56,5.902680412371134,0.0,6.351862551846838,3.295836866004329,2,0.0031627125026709,-0.4464717931575185,Potential Loyalists
13381,32,6,3639.31,21.15877906976744,0.0,8.199824121839633,3.49650756146648,2,1.044615101418533,0.1405253520930824,Potential Loyalists
13382,281,1,222.99,14.866,0.0,5.411601408001375,5.641907070938114,0,-1.5477701557366972,0.6859360050116052,Champions
13384,31,7,4151.93,27.315328947368425,0.0,8.331569388203366,3.4657359027997265,1,1.195979676013724,0.2138238173982555,Loyal Customers
13385,330,1,534.57,15.273428571428571,0.0,6.283331600299074,5.802118375377063,0,-1.1890372320400635,0.8968781396702907,Champions
13388,131,2,677.1,19.345714285714287,0.0,6.519294769689797,4.882801922586371,0,-0.6293931027157444,0.4517461953672279,Champions
13389,11,3,797.96,15.646274509803922,0.0,6.683310881934879,2.4849066497880004,2,0.4905192270237523,-0.8884433088225664,Potential Loyalists
13390,75,1,544.08,41.8523076923077,0.0,6.30093257288162,4.330733340286331,0,-0.5881892420890695,0.0179410971486175,Champions
13391,204,1,59.8,59.8,,4.107589788972121,5.3230099791384085,0,-2.0524974122615416,0.3229313995701482,Champions
13394,2,8,2520.02,16.258193548387098,0.0,7.832418860516229,1.0986122886681098,1,1.981537074992116,-1.1954113154399817,Loyal Customers
13395,185,1,307.72,14.653333333333334,0.0,5.732434717229364,5.225746673713202,0,-1.2244809356900077,0.4790043487048052,Champions
13396,29,2,1360.99,31.65093023255814,0.0,7.216702144538598,3.4011973816621555,2,0.3056152118319135,-0.343641001993295,Potential Loyalists
13397,73,5,1544.13,40.635000000000005,0.0,7.342863328186895,4.30406509320417,2,0.228464489336123,0.4368079776439634,Potential Loyalists
13398,192,1,457.34,17.59,0.0,6.127611266781323,5.262690188904886,0,-1.0474939715199765,0.5532571877909181,Champions
13402,127,2,621.23,15.92897435897436,0.0,6.433309799308897,4.852030263919617,0,-0.6587518048868255,0.4219741381054671,Champions
13403,18,1,75.0,25.0,0.0,4.330733340286331,2.9444389791664403,0,-0.9866727053995856,-1.0722354899742643,Champions
13404,1,2,252.49,22.953636363636363,0.0,5.5353243745214,0.6931471805599453,2,0.5794245840531018,-2.187361362496992,Potential Loyalists
13405,74,3,572.451,21.201888888888888,0.0,6.351672492640208,4.31748811353631,2,-0.4081929516222753,0.1654021624772811,Potential Loyalists
13408,2,62,28117.04,58.82225941422595,0.0,10.244166642215127,1.0986122886681098,3,7.203257388227026,3.1376438095678485,At-Risk / Lost Customers
13410,24,5,1003.06,35.82357142857143,0.0,6.911807059422235,3.218875824868201,2,0.4560268443937623,-0.27000492660877,Potential Loyalists
13411,107,1,213.55,11.863888888888887,0.0,5.368542811437534,4.68213122712422,0,-1.1823195476530537,0.1054164097840358,Champions
13414,134,3,1390.5,57.9375,0.0,7.238137580965946,4.90527477843843,2,-0.2144257161890289,0.6343762351170429,Potential Loyalists
13416,44,2,712.5,37.5,0.0,6.570182436916891,3.80666248977032,2,-0.1714896190102297,-0.186075121071413,Potential Loyalists
13417,5,2,640.83,22.886785714285715,0.0,6.4643234711171225,1.791759469228055,2,0.5882104152495076,-1.4068272808439723,Potential Loyalists
13418,12,18,6127.43,20.156019736842108,0.0,8.720693878671442,2.5649493574615367,1,2.5726755012685114,0.5434986406619392,Loyal Customers
13419,64,1,221.06,13.81625,0.0,5.40294761562612,4.174387269895637,0,-0.9612248138022088,-0.1941491917255574,Champions
13420,150,2,159.85,19.98125,0.0,5.080472253685035,5.017279836814924,0,-1.382076223781887,0.3424997400319718,Champions
13421,40,2,1851.08,17.798846153846153,0.0,7.524064610817457,3.713572066704308,2,0.329094184787557,-0.1160069985150975,Potential Loyalists
13422,64,1,2626.3,20.67952755905512,0.0,7.873711981871112,4.174387269895637,2,0.2383330212143237,0.1317597614697389,Potential Loyalists
13425,108,3,1624.21,20.823205128205128,0.0,7.393392317183492,4.691347882229144,2,-0.0529336463284585,0.5267277474557571,Potential Loyalists
13426,1,10,3641.32,23.193121019108283,0.0,8.200376120238847,0.6931471805599453,1,2.473429829578281,-1.2410201479078522,Loyal Customers
13427,19,3,582.6,20.089655172413792,0.0,6.369215816648631,2.995732273553991,2,0.1323941571166705,-0.6239248589436431,Potential Loyalists
13428,10,1,218.47,2.952297297297297,0.0,5.391215548914767,2.3978952727983707,2,-0.2517979201552112,-1.2596935857627256,Potential Loyalists
13429,11,4,1006.8,15.02686567164179,0.0,6.915525016246498,2.4849066497880004,2,0.6782744462307596,-0.7834622714535199,Potential Loyalists
13430,19,2,679.45,13.866326530612248,0.0,6.522754344006327,2.995732273553991,2,0.1319221260621451,-0.6780227575259619,Potential Loyalists
13431,67,2,1269.1,27.589130434782607,0.0,7.146850916510274,4.219507705176107,2,-0.057706571358585,0.1372569517946622,Potential Loyalists
13434,74,2,534.24,53.424,0.0,6.282715244436788,4.31748811353631,0,-0.5166868379693154,0.0819557083248078,Champions
13435,5,7,3809.89,37.72168316831683,0.0,8.245618036642021,1.791759469228055,1,1.8281056473853488,-0.8001107635493554,Loyal Customers
13436,2,1,196.89,16.4075,0.0,5.287711320760812,1.0986122886681098,2,0.220974119894567,-2.0515278214061685,Potential Loyalists
13437,14,7,3408.06,20.40754491017964,0.0,8.134191872452362,2.70805020110221,1,1.4051574125494717,-0.266013254027926,Loyal Customers
13439,255,1,283.71,5.253888888888889,0.0,5.651471118359793,5.545177444479562,0,-1.3923749513721446,0.6596418771107665,Champions
13441,92,1,296.64,22.818461538461538,0.0,5.69588470252906,4.532599493153256,0,-0.9632011696084496,0.0590355574050183,Champions
13447,23,3,1129.14,19.13796610169492,0.0,7.030096797837492,3.1780538303479458,2,0.3798592088529275,-0.4275525019774014,Potential Loyalists
13448,17,6,3539.3700000000003,18.150615384615385,0.0,8.17198652044002,2.8903717578961645,1,1.2750985180103749,-0.2261803715336794,Loyal Customers
13449,24,1,291.88,15.362105263157895,0.0,5.679762968811981,3.218875824868201,2,-0.4421918025193774,-0.729921371379713,Potential Loyalists
13450,27,6,2043.72,28.784788732394368,0.0,7.623016139787193,3.332204510175204,2,0.8307142413242035,-0.0339654123781507,Potential Loyalists
13451,26,5,2976.15,6.718171557562077,0.0,7.998721746041357,3.295836866004329,2,0.9527441956964527,-0.0805398370161452,Potential Loyalists
13452,259,2,590.0,295.0,11.0,6.3818160174060985,5.560681631015528,0,-0.969018071142889,0.8396153577246078,Champions
13453,166,2,356.98,20.99882352941177,0.0,5.880477118918354,5.117993812416755,0,-1.0342154821002918,0.5083460454880222,Champions
13455,25,2,1058.34,23.007391304347824,0.0,6.965401351674954,3.258096538021482,2,0.241213420136168,-0.4624967063042262,Potential Loyalists
13456,18,6,1766.72,28.0431746031746,0.0,7.477445859614847,2.9444389791664403,2,0.916133902233632,-0.2854119814676512,Potential Loyalists
13458,7,14,9646.57,25.252801047120418,0.0,9.174461349151194,2.079441541679836,1,2.6883596201990883,0.0151651840103787,Loyal Customers
13460,29,2,183.44,10.790588235294118,0.0,5.217324207338505,3.4011973816621555,0,-0.6650841808311546,-0.6073711979831952,Champions
13461,39,3,1445.0,53.51851851851852,0.0,7.27655640271871,3.688879454113936,2,0.2938838249866952,-0.0890934577387414,Potential Loyalists
13462,253,1,151.5,16.833333333333332,0.0,5.0271645960474665,5.537334267018537,0,-1.6923189531212803,0.572594497615067,Champions
13464,58,1,674.68,16.45560975609756,0.0,6.515719591185634,4.07753744390572,2,-0.3819865605994727,-0.1053741556461299,Potential Loyalists
13466,184,1,307.90000000000003,18.111764705882354,0.0,5.733017599924536,5.220355825078324,0,-1.222027871852981,0.4758524859105197,Champions
13467,11,2,1083.71,10.946565656565657,0.0,6.989067949142608,2.4849066497880004,2,0.5639494039686835,-0.9224626496689908,Potential Loyalists
13468,2,37,5704.97,18.89062913907285,0.0,8.64926827413607,1.0986122886681098,1,4.553555762536734,1.0685026772757644,Loyal Customers
13470,99,2,165.0,16.5,0.0,5.111987788356544,4.605170185988092,0,-1.2008816052348608,0.0998314164719014,Champions
13471,1,4,2531.58,9.736846153846152,0.0,7.836993824962504,0.6931471805599453,1,1.8469169065243387,-1.7350559228820803,Loyal Customers
13473,61,2,422.64,20.125714285714285,0.0,6.048884037975468,4.127134385045092,0,-0.553585591679227,-0.0628968876466187,Champions
13474,236,1,229.59,3.58734375,0.0,5.440641241760233,5.468060141135132,0,-1.463689609143474,0.5856441495827992,Champions
13475,191,4,1431.78,16.648604651162792,0.0,7.267371891966778,5.2574953720277815,0,-0.26700294405661,0.9235389684720068,Champions
13476,179,2,1238.47,21.35293103448276,0.0,7.122439147874555,5.19295685089021,0,-0.4614182457682232,0.7170661626322534,Champions
13477,38,6,1454.58,18.41240506329114,0.0,7.283159725605137,3.6635616461296463,2,0.5323266507586942,0.1196656427426181,Potential Loyalists
13479,201,2,300.95,20.063333333333333,0.0,5.71026144075391,5.308267697401205,0,-1.1934496338137712,0.5998545618293634,Champions
13481,46,5,1804.56,16.55559633027523,0.0,7.498626071957096,3.8501476017100575,2,0.4868108665032937,0.1854885928720505,Potential Loyalists
13482,232,1,184.64,16.785454545454545,0.0,5.223809314372975,5.4510384535657,0,-1.5621096204830272,0.5468478668844015,Champions
13483,66,1,140.34,14.034,0.0,4.951168335262708,4.204692619390966,0,-1.192763321338147,-0.2355908201227175,Champions
13484,241,1,313.8,39.225,0.0,5.751937516543248,5.488937726156687,0,-1.3209592735668108,0.6392102764019442,Champions
13485,233,1,454.24,19.749565217391304,0.0,6.120824752413689,5.455321115357702,0,-1.1283319711265942,0.6677347180090627,Champions
13486,78,3,1122.41,16.2668115942029,0.0,7.024123981607583,4.3694478524670215,2,-0.1026335564122766,0.2852229524719141,Potential Loyalists
13487,58,3,575.4,16.923529411764704,0.0,6.356801864125367,4.07753744390572,2,-0.3091110408623555,0.0223647643034556,Potential Loyalists
13488,17,13,8968.31,21.25191943127962,0.0,9.101564029017188,2.8903717578961645,1,2.251514708673709,0.4168905907428938,Loyal Customers
13489,105,4,449.52,32.10857142857143,0.0,6.110402471179496,4.663439094112067,0,-0.589576404388915,0.415128649374089,Champions
13491,52,10,1215.82,14.137441860465117,0.0,7.103996177364903,3.970291913552122,2,0.6219294251429146,0.5771455489612346,Potential Loyalists
13492,136,3,1269.84,25.3968,0.0,7.147433378135437,4.919980925828125,2,-0.26438259660878,0.6312197688464056,Potential Loyalists
13493,275,2,618.63,77.32875,0.0,6.429122525704993,5.62040086571715,0,-0.9700905704896646,0.8816231015612876,Champions
13494,312,1,316.26000000000005,17.570000000000004,0.0,5.759721626980309,5.746203190540153,0,-1.4207417111025422,0.7943214164283835,Champions
13495,8,5,2044.87,42.60145833333333,0.0,7.623578405880983,2.19722457733622,1,1.2128557232193415,-0.7880169520611494,Loyal Customers
13496,11,2,653.33,18.66657142857143,0.0,6.483611811351871,2.4849066497880004,2,0.3185500940921404,-0.9891354101329412,Potential Loyalists
13497,283,2,348.05,18.31842105263157,0.0,5.855215178416411,5.648974238161206,0,-1.260225136857766,0.8230346976462509,Champions
13499,18,5,1159.11,27.597857142857144,0.0,7.056270107190766,2.9444389791664403,2,0.6366376847262913,-0.4153182136446172,Potential Loyalists
13500,23,3,1166.77,17.950307692307693,0.0,7.062851226189096,3.1780538303479458,2,0.3957615068208909,-0.4232319922588623,Potential Loyalists
13501,288,1,1340.32,25.775384615384613,0.0,7.201409482704207,5.666426688112432,0,-0.6886873947226564,0.9367082215033072,Champions
13502,17,3,292.0,16.22222222222222,0.0,5.680172609017068,2.8903717578961645,2,-0.1597241677209593,-0.7779176009311459,Potential Loyalists
13503,71,1,216.85,12.755882352941176,0.0,5.383806752563451,4.276666119016055,0,-1.011689834772162,-0.1354159731433786,Champions
13504,64,1,295.93,13.451363636363636,0.0,5.693496420787701,4.174387269895637,0,-0.8201631648453904,-0.1558240247302658,Champions
13505,73,4,4393.63,20.435488372093022,0.0,8.388138619999735,4.30406509320417,2,0.6609312836865262,0.5003356201289303,Potential Loyalists
13506,316,2,458.52,17.635384615384616,0.0,6.130182466419805,5.75890177387728,0,-1.1709794053588896,0.925143621422114,Champions
13507,3,4,2479.16,15.303456790123455,0.0,7.816078353206984,1.3862943611198906,1,1.557737606410774,-1.3226671812185684,Loyal Customers
13508,244,1,110.97,9.2475,0.0,4.718230978272105,5.501258210544727,0,-1.82778410688332,0.510237177739109,Champions
13509,9,7,979.72,22.26636363636364,0.0,6.888286995786739,2.302585092994046,2,0.96348877868046,-0.6732015286074683,Potential Loyalists
13510,1,4,1791.56,15.578782608695652,0.0,7.491400044716921,0.6931471805599453,1,1.6791308835064462,-1.7806418592382127,Loyal Customers
13512,261,1,251.21,16.747333333333334,0.0,5.530262073815315,5.568344503761097,0,-1.460547874740728,0.6575291412950676,Champions
13513,127,1,205.1,20.51,0.0,5.328361487896413,4.852030263919617,0,-1.2702200799928436,0.201874117330903,Champions
13514,74,1,152.20000000000002,38.05,0.0,5.031744257306491,4.31748811353631,0,-1.199049224687275,-0.1574055977573046,Champions
13515,73,4,891.12,15.103728813559322,0.0,6.793600652679757,4.30406509320417,2,-0.1132180192828022,0.2900062957874117,Potential Loyalists
13516,21,3,1389.41,31.5775,0.0,7.2373539466601775,3.091042453358316,2,0.5155089324278106,-0.4523278616053861,Potential Loyalists
13517,60,3,2128.42,15.09517730496454,0.0,7.663604921153483,4.110873864173311,2,0.3119232607902985,0.2147063209239622,Potential Loyalists
13518,86,1,659.44,17.353684210526318,0.0,6.492906279563631,4.465908118654584,0,-0.5494001728186766,0.1242240259415433,Champions
13519,78,1,122.75,15.34375,0.0,4.8182634014488,4.3694478524670215,0,-1.3236106050753893,-0.1544447103290185,Champions
13520,59,6,3624.35,38.97150537634408,0.0,8.195706114352095,4.0943445622221,2,0.8019578785020702,0.4980455214826893,Potential Loyalists
13521,1,3,1093.65,2.508371559633028,0.0,6.998189956453345,0.6931471805599453,1,1.3646619453597022,-1.920049861518512,Loyal Customers
13522,30,1,125.8,25.160000000000004,0.0,4.842611042003125,3.4339872044851463,0,-0.9352222484114048,-0.7115098754165187,Champions
13523,33,5,3964.88,23.051627906976744,0.0,8.285483051435902,3.5263605246161616,2,0.9991702354384157,0.0953535962185951,Potential Loyalists
13524,41,5,680.1800000000001,25.19185185185185,0.0,6.523826588404497,3.737669618283368,2,0.0588227895125189,-0.010460027180045,Potential Loyalists
13525,15,2,628.78,104.79666666666668,0.0,6.445370552049637,2.772588722239781,2,0.1841781707013129,-0.8218778362189503,Potential Loyalists
13527,34,7,2287.51,10.257892376681616,0.0,7.735656229758609,3.555348061489413,2,0.8705902480474673,0.1888907587210683,Potential Loyalists
13529,79,2,307.76,20.517333333333333,0.0,5.732564276081653,4.382026634673881,0,-0.8097653546364108,0.0480415736349311,Champions
13531,205,2,483.8,21.99090909090909,0.0,6.1837364347551045,5.327876168789581,0,-0.9714705373476592,0.6740529430265909,Champions
13532,34,1,210.31,3.1865151515151515,0.0,5.353326249578836,3.555348061489413,0,-0.7361231939232431,-0.5714565818286932,Champions
13533,183,3,270.79,3.563026315789474,0.0,5.605029709281564,5.214935757608986,0,-1.1319540589587658,0.6044249920572691,Champions
13534,2,25,5870.08,19.83135135135135,0.0,8.677793882270105,1.0986122886681098,1,3.6672238383275153,0.1800585306424846,Loyal Customers
13536,1,7,3448.29,19.26418994413408,0.0,8.145923691744827,0.6931471805599453,1,2.221947855554866,-1.471254469010122,Loyal Customers
13538,43,7,1280.85,51.234,0.0,7.156059625954846,3.784189633918261,2,0.497076034409262,0.2494988230860002,Potential Loyalists
13539,86,3,631.34,17.063243243243242,0.0,6.449427224173901,4.465908118654584,0,-0.4204790969135529,0.2671900137396012,Champions
13544,40,2,291.41,3.349540229885058,0.0,5.678156927017229,3.713572066704308,2,-0.5670952920685395,-0.3594935280852079,Potential Loyalists
13546,12,3,626.99,6.397857142857143,0.0,6.442524242774538,2.5649493574615367,2,0.3413961343546299,-0.8722644492987639,Potential Loyalists
13548,96,2,682.41,5.503306451612903,0.0,6.527094972292893,4.574710978503383,0,-0.501584788789909,0.2682497452945038,Champions
13549,26,7,918.2,18.00392156862745,0.0,6.823503726534546,3.295836866004329,2,0.5322052097085173,-0.0868571504202521,Potential Loyalists
13551,319,1,91.8,22.950000000000003,0.0,4.530446639792155,5.768320995793772,0,-2.026459052986588,0.6454195647408623,Champions
13552,66,12,3740.07,34.31256880733945,0.0,8.227126945747532,4.204692619390966,1,1.222882917816134,1.0143844639641022,Loyal Customers
13555,74,4,4149.28,30.50941176470588,0.0,8.330931080828272,4.31748811353631,2,0.6277535768817143,0.5008290638579761,Potential Loyalists
13557,28,2,584.0600000000001,17.17823529411765,0.0,6.371714406075083,3.367295829986474,2,-0.0909799359618877,-0.4754047644562107,Potential Loyalists
13558,6,4,605.06,3.457485714285714,0.0,6.406978991069148,1.9459101490553128,2,0.6483468115481381,-1.1733645429495043,Potential Loyalists
13560,7,1,174.37,5.283939393939394,0.0,5.166898027681201,2.079441541679836,2,-0.2325114077725104,-1.480014384002193,Potential Loyalists
13561,216,1,141.86,10.132857142857144,0.0,4.961865129726826,5.37989735354046,0,-1.6606460177866893,0.4696871849532068,Champions
13562,82,3,1799.3300000000002,21.943048780487807,0.0,7.495725260414088,4.418840607796598,2,0.1064462541294249,0.3770129224343037,Potential Loyalists
13563,84,2,777.53,15.867959183673468,0.0,6.657407526177046,4.442651256490317,2,-0.3851576110792042,0.2063440533601915,Potential Loyalists
13564,144,3,1749.02,21.07253012048193,0.0,7.467382495423682,4.976733742420574,2,-0.1318927929405709,0.7074140617382171,Potential Loyalists
13565,19,2,240.22,6.321578947368421,0.0,5.485709380155097,2.995732273553991,2,-0.3715639321987544,-0.8148153400978344,Potential Loyalists
13566,41,2,874.71,4.969943181818182,0.0,6.775034985898857,3.737669618283368,2,-0.044260638829575,-0.2003758131797225,Potential Loyalists
13568,173,1,192.85,4.382954545454545,0.0,5.267084664116938,5.159055299214529,0,-1.423562251893441,0.3776782672723621,Champions
13569,17,2,373.75,4.397058823529412,0.0,5.926259136982707,2.8903717578961645,2,-0.115264079484363,-0.819807851382173,Potential Loyalists
13570,243,1,239.49,8.870000000000001,0.0,5.482678508639762,5.497168225293202,0,-1.4549978797448753,0.6086228685439541,Champions
13571,13,12,2092.32,6.1358357771261005,0.0,7.646506601347098,2.6390573296152584,1,1.571234264292036,8.892741712009026e-05,Loyal Customers
13572,206,1,1384.25,41.946969696969695,0.0,7.233635907747459,5.332718793265369,0,-0.5387080872756173,0.7410909432534554,Champions
13573,50,2,294.40000000000003,11.323076923076924,0.0,5.68833037009728,3.9318256327243257,0,-0.6500135558103051,-0.2274326718718962,Champions
13575,23,5,732.07,15.914565217391305,0.0,6.597241195280628,3.1780538303479458,2,0.3197376976513428,-0.335947665659321,Potential Loyalists
13576,10,18,6717.34,53.31222222222223,0.0,8.812596379192264,2.3978952727983707,1,2.684541472333497,0.4555672043492813,Loyal Customers
13577,25,4,1687.6,20.33253012048193,0.0,7.4316550622354,3.258096538021482,2,0.6176101118926955,-0.2522938445938899,Potential Loyalists
13579,15,2,467.04,20.30608695652174,0.0,6.148553762350757,2.772588722239781,2,0.0400734108496644,-0.8610297887657511,Potential Loyalists
13581,309,1,118.0,11.8,0.0,4.77912349311153,5.736572297479192,0,-1.8929458996279116,0.6592062720721658,Champions
13583,156,1,781.03,14.73641509433962,0.0,6.661893102980819,5.056245805348308,0,-0.7049960469103205,0.5000862080144226,Champions
13584,307,1,142.4,5.933333333333334,0.0,4.96563792816552,5.730099782973574,0,-1.7997875144013755,0.679932076185211,Champions
13587,64,1,712.4,89.05,0.0,6.570042272924791,4.174387269895637,2,-0.3945995380393732,-0.040202258041183,Potential Loyalists
13588,16,9,2478.95,14.246839080459768,0.0,7.815993677665464,2.833213344056216,1,1.3503180143043214,-0.0843202652495746,Loyal Customers
13589,15,2,379.65,18.07857142857143,0.0,5.941880317752221,2.772588722239781,2,-0.0602666916485787,-0.8882912819710874,Potential Loyalists
13590,11,6,1981.92,22.780689655172413,0.0,7.592325784791223,2.4849066497880004,1,1.1568918825047263,-0.5454869632066118,Loyal Customers
13591,65,3,1117.13,19.26086206896552,0.0,7.019412926024925,4.189654742026425,2,-0.0325454687813267,0.1769177936435696,Potential Loyalists
13592,36,4,247.96,15.4975,0.0,5.5172922409900265,3.610917912644224,2,-0.453841825615296,-0.2934942215231266,Potential Loyalists
13593,108,5,2037.08,15.9146875,0.0,7.6197634671830015,4.691347882229144,2,0.2069998938074959,0.7052886301614189,Potential Loyalists
13594,53,1,396.97,15.268076923076924,0.0,5.986376625559036,3.9889840465642745,2,-0.6033359731082484,-0.2282351464313845,Potential Loyalists
13596,6,2,697.04,4.199036144578313,0.0,6.54827640771067,1.9459101490553128,2,0.5669166187280705,-1.3034276897666957,Potential Loyalists
13598,47,1,180.17,4.504250000000001,0.0,5.199435816987919,3.871201010907891,0,-0.9379829947323294,-0.4025814190596858,Champions
13599,1,21,5153.67,20.86506072874494,0.0,8.547658378883066,0.6931471805599453,1,3.4672016431202235,-0.3773552126005844,Loyal Customers
13600,312,1,219.52,11.553684210526315,0.0,5.395988393721483,5.746203190540153,0,-1.597334451297605,0.7463427751167133,Champions
13601,45,2,693.32,7.003232323232324,0.0,6.54293294933599,3.828641396489095,2,-0.1935668233690184,-0.1765056377204696,Potential Loyalists
13602,65,1,428.89,18.647391304347824,0.0,6.063529362008149,4.189654742026425,0,-0.6466577982553279,-0.0978702446919407,Champions
13603,26,1,164.34,6.086666666666667,0.0,5.108003959824529,3.295836866004329,0,-0.7507616953113369,-0.7592455015172027,Champions
13606,29,3,280.54,6.524186046511629,0.0,5.640274533399819,3.4011973816621555,2,-0.3847264065766635,-0.4772308886743181,Potential Loyalists
13607,40,1,678.01,6.918469387755102,0.0,6.520635854990748,3.713572066704308,2,-0.2330862747849273,-0.3227159681065433,Potential Loyalists
13610,12,7,1131.88,5.008318584070797,0.0,7.032518341914804,2.5649493574615367,2,0.9278990595008184,-0.4970383309214484,Potential Loyalists
13611,89,3,1171.8,15.835135135135134,0.0,7.067149331132387,4.499809670330265,2,-0.1342215728228795,0.368976047418271,Potential Loyalists
13614,24,4,1610.46,8.01223880597015,0.0,7.384895879352644,3.218875824868201,2,0.6106967048017491,-0.2819521843738506,Potential Loyalists
13615,319,1,417.69,18.160434782608696,0.0,6.037130789291114,5.768320995793772,0,-1.2949628402686295,0.8441604324122803,Champions
13617,40,3,544.18,12.367727272727272,0.0,6.301116015363744,3.713572066704308,2,-0.1896331232595,-0.2029708379889137,Potential Loyalists
13618,174,1,177.34,13.64153846153846,0.0,5.183691840706733,5.1647859739235145,0,-1.466356396319222,0.3701105241911295,Champions
13621,117,1,213.85,11.255263157894737,0.0,5.3699401102210045,4.770684624465665,0,-1.2172881271700322,0.1586381334762766,Champions
13623,31,5,747.78,9.231851851851852,0.0,6.618445215404971,3.4657359027997265,2,0.2142264991702202,-0.1608488952900965,Potential Loyalists
13626,253,1,257.23,13.53842105263158,0.0,5.5538506606638975,5.537334267018537,0,-1.4366124988611992,0.6420676154593895,Champions
13627,59,5,1638.47,17.80945652173913,0.0,7.402128297855622,4.0943445622221,2,0.3416601973516069,0.3190171761136608,Potential Loyalists
13629,23,11,7792.36,132.07389830508475,0.0,8.961027368080067,3.1780538303479458,1,1.917448108115685,0.4219536331172362,Loyal Customers
13630,5,7,2031.78,28.61661971830986,0.0,7.617159593311352,1.791759469228055,1,1.5229886317853083,-0.8830082814959676,Loyal Customers
13631,100,11,3070.42,279.1290909090909,8.5,8.029895274358873,4.61512051684126,2,0.8868948905990554,1.1598359884075196,Potential Loyalists
13632,25,5,2121.27,14.529246575342466,0.0,7.660241549534091,3.258096538021482,2,0.8036041059272495,-0.1477913160849747,Potential Loyalists
13634,33,5,1575.16,8.378510638297874,0.0,7.362746788107369,3.5263605246161616,2,0.5511811315596743,-0.0263609686202124,Potential Loyalists
13635,68,1,1071.03,17.274677419354838,0.0,6.977309326313799,4.23410650459726,2,-0.2209109399465352,0.0492864864302194,Potential Loyalists
13636,37,5,949.12,15.065396825396826,0.0,6.856588292406893,3.6375861597263857,2,0.2606671995258154,-0.0265098475599654,Potential Loyalists
13637,52,3,810.5,8.024752475247524,0.0,6.698884386954646,3.970291913552122,2,-0.0998582910209176,0.0032548272327998,Potential Loyalists
13638,16,1,122.64,15.33,0.0,4.817374117263916,2.833213344056216,2,-0.70563463951288,-1.0746611176789491,Potential Loyalists
13639,74,1,1033.34,25.8335,0.0,6.941518821134943,4.31748811353631,2,-0.2718523327241086,0.0945053644694421,Potential Loyalists
13642,216,1,354.8,5.375757575757576,0.0,5.874368775231734,5.37989735354046,0,-1.2176248570476305,0.5900520048268911,Champions
13643,31,3,519.44,18.551428571428573,0.0,6.254674607635275,3.4657359027997265,2,-0.1124145742080635,-0.3575336080393079,Potential Loyalists
13644,16,4,2624.26,17.974383561643837,0.0,7.87293521773988,2.833213344056216,2,1.0028877024203249,-0.4485621811267503,Potential Loyalists
13645,120,1,252.1,50.42,0.0,5.533784667551078,4.795790545596741,0,-1.1478478110726515,0.195286958952296,Champions
13647,10,4,1678.12,21.2420253164557,0.0,7.426025125637361,2.3978952727983707,2,0.961148840127401,-0.7682380272371218,Potential Loyalists
13649,257,2,346.6,15.069565217391306,0.0,5.851052393391237,5.552959584921617,0,-1.2235956912307573,0.7649794088400426,Champions
13650,17,6,1836.34,19.128541666666667,0.0,7.516074152465826,2.8903717578961645,2,0.9566526027151584,-0.312699230294459,Potential Loyalists
13651,35,2,94.2,15.7,0.0,4.55597994179732,3.58351893845611,0,-1.059560414974048,-0.5854084496131352,Champions
13652,46,3,1095.08,17.38222222222222,0.0,6.999495457544853,3.8501476017100575,2,0.0944524148374451,-0.0290509338254556,Potential Loyalists
13654,43,6,2707.33,16.30921686746988,0.0,7.90408748775984,3.784189633918261,2,0.785228992735577,0.2738177089297671,Potential Loyalists
13655,114,2,932.97,16.66017857142857,0.0,6.83944431779864,4.74493212836325,2,-0.4184610996098546,0.411401330951385,Potential Loyalists
13656,165,2,379.65,7.747959183673469,0.0,5.941880317752221,5.111987788356544,0,-1.0019864745933058,0.5128483070263805,Champions
13657,11,2,382.14,23.88375,0.0,5.948400457636955,2.4849066497880004,2,0.05870460598748,-1.059733065826252,Potential Loyalists
13658,10,5,2639.17,24.43675925925926,0.0,7.878598588006555,2.3978952727983707,1,1.2558886678635377,-0.6341902448092539,Loyal Customers
13659,206,2,1573.2,15.126923076923076,0.0,7.36150248570835,5.332718793265369,0,-0.4016136799596188,0.8323078988171465,Champions
13662,86,3,897.76,16.938867924528303,0.0,6.80101603553803,4.465908118654584,2,-0.2497824820773279,0.3135667314194854,Potential Loyalists
13663,179,1,189.47,14.574615384615385,0.0,5.249494701850468,5.19295685089021,0,-1.4457491835877494,0.3956627477709045,Champions
13666,60,3,84.65,7.054166666666667,0.0,4.450269224770129,4.110873864173311,0,-1.2481534765122786,-0.2091523389226543,Champions
13667,149,1,305.02,3.505977011494253,0.0,5.723650459293667,5.010635294096256,0,-1.1421531015879152,0.3490086886640304,Champions
13668,3,21,6363.59,13.539553191489365,0.0,8.758505094148523,1.3862943611198906,1,3.290543047570687,0.0656043810608676,Loyal Customers
13669,51,2,218.55,24.28333333333333,0.0,5.391579997007726,3.951243718581428,0,-0.8019027767285201,-0.2549457620546937,Champions
13670,75,1,349.7,13.988,0.0,5.859931157146132,4.330733340286331,0,-0.8022957391415826,-0.0402296906948336,Champions
13672,301,2,186.39,31.065,0.0,5.233192006587575,5.71042701737487,0,-1.5869555003808753,0.7777920313335019,Champions
13673,19,2,396.92,6.106461538461539,0.0,5.986250980055095,2.995732273553991,2,-0.1285506339196189,-0.7487908372829303,Potential Loyalists
13675,151,2,486.8200000000001,19.472800000000003,0.0,6.189946485351331,5.0238805208462765,0,-0.8460827955014231,0.4927995436694917,Champions
13678,152,1,232.6,14.5375,0.0,5.453610250954072,5.030437921392435,0,-1.2812293150448986,0.3252491467575407,Champions
13680,1,4,3722.42,19.08933333333333,0.0,8.22239787975808,0.6931471805599453,1,2.0340308457947955,-1.6842187674771956,Loyal Customers
13681,18,4,827.83,14.523333333333332,0.0,6.720015067761323,2.9444389791664403,2,0.3983705330172094,-0.5340228836431783,Potential Loyalists
13682,187,1,59.5,19.83333333333333,0.0,4.102643365036796,5.236441962829949,0,-2.020051146125753,0.2704306316002658,Champions
13684,286,1,67.23,2.241,0.0,4.222884350827332,5.659482215759621,0,-2.1319679564714966,0.539663250675046,Champions
13685,3,7,3119.44,79.98564102564103,0.0,8.045729296501372,1.3862943611198906,1,1.8942785824107464,-1.0693231029334491,Loyal Customers
13686,183,1,72.0,9.0,0.0,4.290459441148391,5.214935757608986,0,-1.9202090351850296,0.2823239805136716,Champions
13689,63,1,910.0,151.66666666666666,0.0,6.814542897259958,4.158883083359672,2,-0.2696531381221587,-0.0172370724937358,Potential Loyalists
13690,59,1,172.25,19.13888888888889,0.0,5.1547356380700124,4.0943445622221,0,-1.0495108929700332,-0.2748299638822554,Champions
13692,25,3,1488.32,28.081509433962264,0.0,7.30607491892943,3.258096538021482,2,0.4816257702074117,-0.3432092054223183,Potential Loyalists
13694,4,50,65039.62,114.50637323943664,0.0,11.082767276771584,1.6094379124341005,3,6.504585763133923,2.6620030333860853,At-Risk / Lost Customers
13695,31,15,2504.13,27.823666666666668,0.0,7.826095908379989,3.4657359027997265,1,1.550692697895938,0.7419533354565438,Loyal Customers
13697,39,1,151.3,12.608333333333334,0.0,5.025852259901116,3.688879454113936,0,-0.9488648048406644,-0.5346762611185761,Champions
13699,155,1,308.58000000000004,22.04142857142857,0.0,5.735216540145732,5.049856007249537,0,-1.1523259702487962,0.3740248427304461,Champions
13700,26,10,2265.12,11.498071065989848,0.0,7.725824396937778,3.295836866004329,1,1.195327810632182,0.2552161849333539,Loyal Customers
13703,318,1,99.5,99.5,,4.61015772749913,5.765191102784844,0,-1.9864993325992104,0.6540593541917845,Champions
13704,5,9,2308.06,17.224328358208954,0.0,7.744595794291895,1.791759469228055,1,1.7348891846910697,-0.7174975245366977,Loyal Customers
13705,8,3,711.86,25.423571428571428,0.0,6.569285047698251,2.19722457733622,2,0.5509653695650972,-1.0757858450013966,Potential Loyalists
13706,303,1,330.79,16.5395,0.0,5.8045022386644325,5.717027701406222,0,-1.387256165766752,0.7827541364467572,Champions
13707,267,2,806.41,16.800208333333334,0.0,6.693831593776871,5.5909869805108565,0,-0.8297336393253414,0.8989229491296191,Champions
13708,271,1,296.88,5.821176470588235,0.0,5.696690720842445,5.605802066295998,0,-1.3948251064859034,0.7019166100723878,Champions
13709,4,13,6328.05,18.833482142857143,0.0,8.752905424886302,1.6094379124341005,1,2.597877722903113,-0.3962911330923396,Loyal Customers
13710,32,1,180.48,22.56,0.0,5.201145454795763,3.49650756146648,0,-0.7863209669671072,-0.626771584598478,Champions
13711,219,2,252.06,19.38923076923077,0.0,5.5336266147611175,5.393627546352362,0,-1.3135673792864129,0.6276800413763252,Champions
13712,247,1,228.84,22.884,0.0,5.437383414671034,5.513428746164983,0,-1.483534315437989,0.6123871049667867,Champions
13715,281,5,1079.34,10.279428571428571,0.0,6.985031085389294,5.641907070938114,0,-0.4838085666897306,1.1908832996453227,Champions
13716,269,1,138.28,6.584761904761905,0.0,4.936486295459933,5.598421958998375,0,-1.7609340434589569,0.5972208120624387,Champions
13717,32,6,1445.01,14.166764705882352,0.0,7.276563318324119,3.49650756146648,2,0.5963713329106306,0.0187415971908339,Potential Loyalists
13718,246,2,306.55,25.54583333333333,0.0,5.728637675654378,5.5093883366279774,0,-1.2654886155820848,0.7227359684667594,Champions
13719,15,5,1041.68,17.361333333333334,0.0,6.949549600639115,2.772588722239781,2,0.6540027346216704,-0.5323218193767817,Potential Loyalists
13720,117,4,799.9,18.60232558139535,0.0,6.685736095329637,4.770684624465665,0,-0.3534229705753953,0.5552513953517025,Champions
13721,36,1,524.14,18.719285714285714,0.0,6.263664893709055,3.610917912644224,2,-0.3165226602946078,-0.4180948094064985,Potential Loyalists
13722,132,3,2375.41,27.946,0.0,7.773346224518516,4.890349128221754,2,0.0514267427390379,0.6960340925442918,Potential Loyalists
13723,217,1,199.85,33.30833333333334,0.0,5.302558360805292,5.384495062789089,0,-1.4970900122509516,0.5173804213569514,Champions
13725,50,8,1980.56,19.04384615384616,0.0,7.5916396922628975,3.9318256327243257,2,0.7241350202808889,0.4697289099122171,Potential Loyalists
13726,39,2,1079.66,25.70619047619048,0.0,6.985327244577022,3.688879454113936,2,0.0774767702642536,-0.2018589382145517,Potential Loyalists
13727,29,2,333.48,16.674,0.0,5.81257708704831,3.4011973816621555,2,-0.3760884896891331,-0.5288536972603148,Potential Loyalists
13728,37,6,1016.14,16.12920634920635,0.0,6.924750046357999,3.6375861597263857,2,0.3687748728546852,0.0568316760282716,Potential Loyalists
13730,136,2,752.6,17.50232558139535,0.0,6.624861723262153,4.919980925828125,0,-0.5931065959650081,0.4879387960924035,Champions
13731,219,2,610.59,16.068157894736842,0.0,6.416062123365316,5.393627546352362,0,-0.88514432012934,0.7440786898272219,Champions
13732,28,1,491.86,14.904848484848486,0.0,6.200225158054739,3.367295829986474,2,-0.2492531802277187,-0.5723758173870527,Potential Loyalists
13735,25,4,2885.24,14.72061224489796,0.0,7.967709895959368,3.258096538021482,2,0.8778651101341225,-0.1815849287211191,Potential Loyalists
13736,5,2,731.9,3.831937172774869,0.0,6.597009266931805,1.791759469228055,2,0.6526294623020599,-1.3893252116832582,Potential Loyalists
13737,200,1,339.6,11.32,0.0,5.830708768228588,5.303304908059076,0,-1.2079897060685847,0.5384193608660967,Champions
13739,18,1,216.9,72.3,0.0,5.384036241950574,2.9444389791664403,2,-0.4752934069126059,-0.933298385825935,Potential Loyalists
13740,241,1,350.75,15.25,0.0,5.862920695994498,5.488937726156687,0,-1.267076862000336,0.6538496375370627,Champions
13741,72,3,668.4300000000001,19.65970588235294,0.0,6.50642660402637,4.290459441148391,2,-0.3221793911545503,0.1696268566754588,Potential Loyalists
13742,17,12,3131.02,9.753956386292836,0.0,8.049433442786347,2.8903717578961645,1,1.6656894762369834,0.2037575514252732,Loyal Customers
13743,3,7,1341.6,32.72195121951219,0.0,7.202363311504652,1.3862943611198906,1,1.4848238044034223,-1.180568241921967,Loyal Customers
13744,95,2,1156.36,16.060555555555553,0.0,7.053896828321335,4.564348191467836,2,-0.2416506013233771,0.3315315380501137,Potential Loyalists
13745,162,1,300.04,12.001600000000002,0.0,5.707243146285182,5.093750200806762,0,-1.1835765805774527,0.3966245921287676,Champions
13747,374,1,79.6,79.6,,4.389498649512583,5.926926025970411,0,-2.1587354960721057,0.7218211964087133,Champions
13748,96,5,948.25,33.86607142857143,0.0,6.855672199111912,4.574710978503383,2,-0.1170150326633289,0.5346428062942363,Potential Loyalists
13750,54,5,1647.26,68.63583333333334,0.0,7.407475465015805,4.007333185232471,2,0.3792824830290457,0.2676086532175355,Potential Loyalists
13751,288,1,296.25,32.916666666666664,0.0,5.694573535570891,5.666426688112432,0,-1.420257305298701,0.737947330794166,Champions
13752,124,6,1186.28,15.608947368421052,0.0,7.0794202555875625,4.8283137373023015,2,-0.0354573149933831,0.7903977748927129,Potential Loyalists
13753,288,1,741.26,21.178857142857144,0.0,6.609699586102796,5.666426688112432,0,-0.9759629650773348,0.858658061952989,Champions
13754,152,2,282.6,23.55,0.0,5.647564794657972,5.030437921392435,0,-1.1120491539474442,0.4251835097876691,Champions
13755,4,9,2161.35,6.319736842105263,0.0,7.67895087223838,1.6094379124341005,1,1.7764116576961215,-0.8353545995168553,Loyal Customers
13756,2,14,5189.52,36.54591549295775,0.0,8.55458916381921,1.0986122886681098,1,2.7822418279178898,-0.6540492046514244,Loyal Customers
13758,12,7,3190.55,27.26965811965812,0.0,8.068261971187837,2.5649493574615367,1,1.430753318910083,-0.3604174023510383,Loyal Customers
13759,33,2,659.4100000000001,26.376400000000004,0.0,6.492860854269306,3.5263605246161616,2,-0.0961943819828589,-0.3641559635600037,Potential Loyalists
13760,54,2,286.79,5.03140350877193,0.0,5.662231047497966,4.007333185232471,0,-0.6930801890995967,-0.1856514872392563,Champions
13761,50,2,1070.65,15.295000000000002,0.0,6.976954795783142,3.9318256327243257,2,-0.0243854921457825,-0.0574552173745108,Potential Loyalists
13762,219,1,306.72,43.81714285714286,0.0,5.729190278590734,5.393627546352362,0,-1.2936361770697926,0.5791255156961617,Champions
13763,63,1,1714.96,114.33066666666669,0.0,7.447727969752915,4.158883083359672,2,0.0377586592556589,0.0662839167897098,Potential Loyalists
13764,71,3,1521.76,7.3161538461538465,0.0,7.328279756761194,4.276666119016055,2,0.0823833621907705,0.2697730674046412,Potential Loyalists
13767,2,37,17220.36,46.79445652173913,0.0,9.753905752795765,1.0986122886681098,1,5.089858034207005,1.2142111265510829,Loyal Customers
13769,2,10,2796.51,20.71488888888889,0.0,7.936485014799888,1.0986122886681098,1,2.1820914538138814,-1.0329832107802028,Loyal Customers
13771,64,4,2634.45,22.13823529411765,0.0,7.876809224383177,4.174387269895637,2,0.4648820163770268,0.355220018993471,Potential Loyalists
13772,34,3,1132.13,6.396214689265538,0.0,7.032738994075221,3.555348061489413,2,0.2292630608042788,-0.2012306130139075,Potential Loyalists
13774,82,1,345.0,15.681818181818182,0.0,5.846438775057725,4.418840607796598,0,-0.8443136806281057,0.0107607917216665,Champions
13777,1,33,25977.16,131.86375634517768,0.0,10.165011464005929,0.6931471805599453,1,5.152608828797463,0.7281904145842446,Loyal Customers
13778,103,1,178.7,19.855555555555554,0.0,5.191288793789513,4.6443908991413725,0,-1.2531842143578105,0.0594316512076791,Champions
13780,7,2,360.01,6.315964912280702,0.0,5.888905658780245,2.079441541679836,2,0.1930388981041428,-1.3104265844502956,Potential Loyalists
13781,251,1,127.84,7.52,0.0,4.858571324462998,5.529429087511423,0,-1.7709888928141748,0.5456213521343511,Champions
13782,13,6,912.0,7.930434782608696,0.0,6.816735880594968,2.6390573296152584,2,0.7182894331275038,-0.5554663374792582,Potential Loyalists
13784,10,11,2462.79,79.44483870967741,0.0,7.809456093748633,2.3978952727983707,1,1.6724105018387505,-0.1972071387636945,Loyal Customers
13786,367,1,230.4,32.91428571428572,0.0,5.444147814759576,5.908082938168931,0,-1.6391173434550657,0.8496501637610705,Champions
13787,76,2,309.04,9.969032258064518,0.0,5.736701321413311,4.343805421853684,0,-0.7923709537750351,0.0256953902399914,Champions
13790,4,1,348.79999999999995,7.75111111111111,0.0,5.857361562584502,1.6094379124341005,2,0.2919080172389586,-1.6704379526310025,Potential Loyalists
13791,128,2,1516.0,137.8181818181818,0.0,7.324489979348532,4.859812404361672,2,-0.2292158845737252,0.5441872306529437,Potential Loyalists
13792,66,2,195.55,15.042307692307691,0.0,5.280916851867869,4.204692619390966,0,-0.9576550910297504,-0.117744400336752,Champions
13798,1,57,37153.85,106.4580229226361,0.0,10.522849593441716,0.6931471805599453,3,7.12670174592969,2.5598051537221784,At-Risk / Lost Customers
13799,117,2,688.86,17.663076923076922,0.0,6.5364886784538845,4.770684624465665,0,-0.575912884116181,0.3868636054234298,Champions
13800,310,1,558.32,16.91878787878788,0.0,6.32672176017265,5.739792912179234,0,-1.1428823052355224,0.8652728897606827,Champions
13801,67,1,324.8,14.121739130434785,0.0,5.786283696167945,4.219507705176107,0,-0.7932780062698347,-0.1165607687186511,Champions
13802,139,3,4599.42,76.657,0.0,8.433902882657025,4.941642422609304,2,0.3514794649657716,0.8138867269253152,Potential Loyalists
13803,255,1,277.07,16.298235294117646,0.0,5.627872880555851,5.545177444479562,0,-1.4038319123988745,0.6565291250065969,Champions
13804,31,7,2635.79,19.23934306569343,0.0,7.877317547232232,3.4657359027997265,2,0.9754400882036014,0.1539052173081411,Potential Loyalists
13805,52,2,924.6,71.12307692307692,0.0,6.830442175879467,3.970291913552122,2,-0.1110019860215588,-0.0537424653795553,Potential Loyalists
13806,64,1,256.38,25.638,0.0,5.550553592065519,4.174387269895637,0,-0.8895620085779933,-0.1746790593552073,Champions
13807,367,1,112.6,16.085714285714285,0.0,4.732683506287051,5.908082938168931,0,-1.9845337648760524,0.7558036637961668,Champions
13808,6,5,1747.66,22.99552631578948,0.0,7.466605059322925,1.9459101490553128,1,1.2378111057710357,-0.9592428036436688,Loyal Customers
13809,305,1,155.05,12.920833333333334,0.0,5.0501764687167885,5.723585101952381,0,-1.7561215235379213,0.6871813803661752,Champions
13810,29,3,1499.01,42.828857142857146,0.0,7.313227053734746,3.4011973816621555,2,0.4274932169515434,-0.2565582045055657,Potential Loyalists
13811,184,3,814.5,62.65384615384615,0.0,6.703801422061068,5.220355825078324,0,-0.600681456597467,0.7526059595552373,Champions
13812,42,3,539.0,14.97222222222222,0.0,6.29156913955832,3.7612001156935615,2,-0.2134407011587662,-0.1757041946867222,Potential Loyalists
13813,40,4,1366.86,19.809565217391302,0.0,7.221002753764198,3.713572066704308,2,0.3319876281814255,-0.0072815721859733,Potential Loyalists
13814,92,2,1579.12,27.703859649122805,0.0,7.365256072504094,4.532599493153256,2,-0.0777051031790203,0.3535864366622841,Potential Loyalists
13815,22,4,4027.36,22.88272727272728,0.0,8.301114624224146,3.1354942159291497,1,1.0890866262701424,-0.2110371850260161,Loyal Customers
13816,24,2,571.6700000000001,20.41678571428572,0.0,6.3503096345809205,3.218875824868201,2,-0.0416258314512503,-0.567121588350266,Potential Loyalists
13817,29,2,382.98,15.9575,0.0,5.950590467898009,3.4011973816621555,2,-0.3090828963605455,-0.5106488870023345,Potential Loyalists
13819,302,3,1140.35,31.676388888888887,0.0,7.039967051290641,5.713732805509369,0,-0.6360805908815571,1.0924472372364302,Champions
13821,145,2,385.64,6.536271186440678,0.0,5.957494027536828,4.983606621708336,0,-0.9427264603560414,0.4380163373952748,Champions
13822,6,2,632.0,6.583333333333333,0.0,6.450470422144176,1.9459101490553128,2,0.5194317440469174,-1.3163288983188712,Potential Loyalists
13823,19,2,957.66,23.9415,0.0,6.865536476045727,2.995732273553991,2,0.2983430919013301,-0.6328076947894066,Potential Loyalists
13824,33,5,1698.94,36.93347826086956,0.0,7.438348235303808,3.5263605246161616,2,0.587885687268037,-0.0163886746805492,Potential Loyalists
13826,176,1,189.5,18.95,0.0,5.249652194566756,5.176149732573829,0,-1.4389070534422037,0.3856172108976874,Champions
13827,58,3,412.05,4.430645161290323,0.0,6.023568651008515,4.07753744390572,2,-0.470895999858489,-0.0215907375406443,Potential Loyalists
13828,22,1,209.49,13.966,0.0,5.349438146055751,3.1354942159291497,2,-0.5689996585751235,-0.8234331036085962,Potential Loyalists
13831,16,6,2202.99,29.77013513513513,0.0,7.69802463305743,2.833213344056216,2,1.0679986785501734,-0.3229328170528505,Potential Loyalists
13832,19,1,52.2,17.400000000000002,0.0,3.974058396347599,2.995732273553991,0,-1.1804866403776615,-1.0885619343914392,Champions
13833,159,1,384.8,13.26896551724138,0.0,5.955319100471629,5.075173815233827,0,-1.0556576487589653,0.4182213490710604,Champions
13835,25,4,834.57,15.174,0.0,6.728114126692287,3.258096538021482,2,0.2760404935934809,-0.3450952031392074,Potential Loyalists
13837,212,2,271.24,14.275789473684211,0.0,5.606684030192651,5.3612921657094255,0,-1.2650814187195354,0.6179500867153173,Champions
13838,6,4,691.73,3.975459770114943,0.0,6.540640312882445,1.9459101490553128,2,0.7132394771581246,-1.155733795934533,Potential Loyalists
13841,253,1,85.0,85.0,,4.454347296253507,5.537334267018537,0,-1.9704221544577711,0.4970363872997047,Champions
13842,59,9,3385.62,16.43504854368932,0.0,8.127587652841866,4.0943445622221,2,0.9939315993475418,0.712111991453849,Potential Loyalists
13844,11,1,361.62,18.081,0.0,5.893355453997663,2.4849066497880004,2,-0.0430348758531806,-1.1413444097090306,Potential Loyalists
13845,65,1,312.98,34.77555555555556,0.0,5.749329289612172,4.189654742026425,0,-0.7992021540646036,-0.1393151586980809,Champions
13846,25,3,865.0600000000001,15.728363636363635,0.0,6.763954190227071,3.258096538021482,2,0.2184257756939303,-0.4147182499959918,Potential Loyalists
13848,92,3,1255.0,251.0,34.0,7.135687347028144,4.532599493153256,2,-0.1141457867065082,0.3976554864322777,Potential Loyalists
13849,52,2,1537.95,15.22722772277228,0.0,7.338855644682132,3.970291913552122,2,0.1358331101381928,0.0133203851583482,Potential Loyalists
13850,129,1,1595.48,17.155698924731183,0.0,7.375556484672672,4.867534450455582,2,-0.2825466464148936,0.4811976207100196,Potential Loyalists
13851,96,3,2651.46,32.73407407407407,0.0,7.883242790261331,4.574710978503383,2,0.2318410231650939,0.5214845195661192,Potential Loyalists
13853,57,1,1090.14,47.39739130434782,0.0,6.994978300240205,4.060443010546419,2,-0.1424247954332329,-0.052395389622056,Potential Loyalists
13854,9,25,8109.519999999999,73.72290909090908,0.0,9.000917263426343,2.302585092994046,1,3.339443947795929,0.9437776170270862,Loyal Customers
13856,169,3,388.5,27.75,0.0,5.964863865310803,5.135798437050262,0,-0.925397774770934,0.6044914939518486,Champions
13858,57,1,216.17,19.651818181818182,0.0,5.38068045697316,4.060443010546419,0,-0.9261675320521175,-0.2653311626290801,Champions
13859,326,1,201.16,7.184285714285714,0.0,5.309059463079938,5.7899601708972535,0,-1.657152781275396,0.7610837468185211,Champions
13860,1,5,1245.9,16.39342105263158,0.0,7.1284157500025405,0.6931471805599453,1,1.57791684741666,-1.754171140213345,Loyal Customers
13862,18,8,2209.36,15.894676258992806,0.0,7.700910677173299,2.9444389791664403,1,1.1746564159283517,-0.1072344618120816,Loyal Customers
13863,248,1,305.78,15.288999999999998,0.0,5.726130878319963,5.517452896464707,0,-1.344967131617791,0.6528848540098884,Champions
13865,58,4,501.56,16.718666666666667,0.0,6.219715035790337,4.07753744390572,2,-0.3006516983783854,0.0786327427525606,Potential Loyalists
13866,74,1,145.67,20.81,0.0,4.988185165258664,4.31748811353631,0,-1.2201971944678125,-0.1631513087953102,Champions
13867,31,3,1015.29,16.644098360655736,0.0,6.923914020481024,3.4657359027997265,2,0.2125016307318049,-0.2692568304325979,Potential Loyalists
13868,7,2,3192.54,96.74363636363636,0.0,8.068885298365506,2.079441541679836,1,1.2514205441108197,-1.022873917740902,Loyal Customers
13869,123,4,3104.9500000000003,10.11384364820847,0.0,8.04107490570398,4.820281565605037,2,0.2846298376524578,0.7637340518643486,Potential Loyalists
13870,2,8,2770.94,24.095130434782607,0.0,7.927302715053892,1.0986122886681098,1,2.027603253006575,-1.1828955538683907,Loyal Customers
13871,23,13,6403.25,19.057291666666668,0.0,8.764717111455825,3.1780538303479458,1,1.972169528488919,0.5447602493902717,Loyal Customers
13873,120,3,389.6,16.93913043478261,0.0,5.967684018442578,4.795790545596741,0,-0.7871591836576911,0.4012220824537332,Champions
13874,358,1,540.45,30.025,0.0,6.294250726074389,5.883322388488279,0,-1.2164244799287478,0.9469540735793204,Champions
13875,54,5,1786.79,17.180673076923078,0.0,7.488735499171278,4.007333185232471,2,0.4187342866800146,0.2783273494356102,Potential Loyalists
13876,64,1,122.7,17.52857142857143,0.0,4.8178592793984425,4.174387269895637,0,-1.2452856119451527,-0.2713259269059094,Champions
13877,86,1,117.24,39.08,0.0,4.772716457199891,4.465908118654584,0,-1.3845535396563768,-0.1026795476905282,Champions
13878,55,1,1281.53,35.598055555555554,0.0,7.156589968584206,4.02535169073515,2,-0.0498362858307506,-0.052095114475401,Potential Loyalists
13880,21,13,3219.77,19.513757575757577,0.0,8.077375740386112,3.091042453358316,1,1.67349104238429,0.4019818656247422,Loyal Customers
13881,4,20,17159.52,96.401797752809,0.0,9.75036667561313,1.6094379124341005,1,3.607251518054496,0.2557341105577335,Loyal Customers
13882,3,5,1191.13,18.325076923076924,0.0,7.083496902081326,1.3862943611198906,1,1.2770838913172085,-1.3449485908853664,Loyal Customers
13883,11,5,2674.48,18.834366197183098,0.0,7.891884082485146,2.4849066497880004,1,1.2273125524973425,-0.5803239597190086,Loyal Customers
13884,7,5,787.6,13.34915254237288,0.0,6.670259221443527,2.079441541679836,2,0.79743188326551,-0.9843095515240656,Potential Loyalists
13885,189,2,506.8,18.1,0.0,6.230087669270578,5.247024072160486,0,-0.916420152498054,0.63174209425354,Champions
13886,71,1,243.56,15.2225,0.0,5.499460677582579,4.276666119016055,0,-0.9555397729522428,-0.1201605120598129,Champions
13887,204,1,349.55,18.39736842105264,0.0,5.859503349652977,5.3230099791384085,0,-1.20194214819147,0.5540195285922935,Champions
13888,120,2,605.63,15.14075,0.0,6.407919050015748,4.795790545596741,0,-0.6484398605701841,0.384941208776796,Champions
13889,93,1,416.9,27.793333333333337,0.0,6.03524216945387,4.543294782270004,0,-0.802748245440032,0.1102046304636843,Champions
13890,1,10,1883.81,17.125545454545453,0.0,7.541582299045909,0.6931471805599453,1,2.153584966721736,-1.327919087996917,Loyal Customers
13892,27,4,632.97,23.44333333333333,0.0,6.452001634705677,3.332204510175204,2,0.1121556888779626,-0.3371305395045621,Potential Loyalists
13893,298,1,821.1,39.1,0.0,6.711862042158088,5.700443573390687,0,-0.94005644085482,0.8925076968223397,Champions
13894,24,3,564.62,20.911851851851853,0.0,6.337922474636114,3.218875824868201,2,0.0273752876120829,-0.4944049598622975,Potential Loyalists
13895,28,4,2593.07,21.975169491525424,0.0,7.860983349863101,3.367295829986474,2,0.7820913699847485,-0.1302599275745438,Potential Loyalists
13897,50,1,311.16,18.303529411764707,0.0,5.743515876874802,3.9318256327243257,0,-0.698236047429305,-0.2945039362752523,Champions
13898,326,1,155.93,12.994166666666668,0.0,5.055799846050629,5.7899601708972535,0,-1.7801105032059994,0.7276772521319778,Champions
13899,16,2,388.52,20.448421052631577,0.0,5.9649152118744455,2.833213344056216,2,-0.0734875382515267,-0.8489428479222509,Potential Loyalists
13900,183,3,740.95,17.23139534883721,0.0,6.609281855452135,5.214935757608986,0,-0.6443889367120469,0.7368920011229677,Champions
13901,72,5,2867.2000000000003,19.24295302013423,0.0,7.961439934295112,4.290459441148391,2,0.5342607903709434,0.5102531683202991,Potential Loyalists
13904,37,2,332.64,12.793846153846154,0.0,5.810062567373411,3.6375861597263857,2,-0.4724670566952738,-0.3876047128668472,Potential Loyalists
13908,80,4,2369.55,19.42254098360656,0.0,7.770877274716226,4.394449154672439,2,0.3248665683062656,0.4730489216734379,Potential Loyalists
13911,57,9,2580.91,17.43858108108108,0.0,7.856284714098846,4.060443010546419,2,0.875860824713805,0.6560207678599921,Potential Loyalists
13914,12,2,626.45,18.98333333333333,0.0,6.441663986556317,2.5649493574615367,2,0.2659633854405573,-0.9467284931182868,Potential Loyalists
13917,50,2,272.04,15.113333333333337,0.0,5.609618304598452,3.9318256327243257,0,-0.6882283188890483,-0.2378152754180001,Champions
13918,50,2,1212.84,40.428,0.0,7.101544167216986,3.9318256327243257,2,0.0361027351837973,-0.0410211161797562,Potential Loyalists
13919,59,2,384.81,13.743214285714286,0.0,5.955345020301596,4.0943445622221,0,-0.5857993817169429,-0.094874111924836,Champions
13922,352,1,172.25,24.607142857142858,0.0,5.1547356380700124,5.8664680569332965,0,-1.762875182527027,0.7865504653892643,Champions
13923,54,1,351.13,17.5565,0.0,5.864000425598742,4.007333185232471,0,-0.6701361082460886,-0.2333874411974161,Champions
13924,2,6,1838.85,15.716666666666669,0.0,7.517439325540823,1.0986122886681098,1,1.6785841017211691,-1.3856601868451517,Loyal Customers
13925,93,4,678.25,16.54268292682927,0.0,6.520989248306457,4.543294782270004,2,-0.3418724157716087,0.3973293576028179,Potential Loyalists
13926,23,1,223.85,20.35,0.0,5.415433513216716,3.1780538303479458,2,-0.5540911376317869,-0.7892376204479302,Potential Loyalists
13927,75,1,348.99,16.61857142857143,0.0,5.857904582646717,4.330733340286331,0,-0.803279642484301,-0.040497008283957,Champions
13928,11,4,464.57,17.206296296296298,0.0,6.143262461351643,2.4849066497880004,2,0.303340433473449,-0.8853284325072409,Potential Loyalists
13929,169,2,842.65,93.62777777777778,0.0,6.737737716644347,5.135798437050262,0,-0.6251820710793028,0.6320877179946673,Champions
13930,58,2,337.34,19.843529411764703,0.0,5.824051307047146,4.07753744390572,0,-0.6427769043876692,-0.1222588679965597,Champions
13931,96,2,1237.53,21.33672413793104,0.0,7.121680471486267,4.574710978503383,2,-0.2129131113573124,0.3466792144396002,Potential Loyalists
13932,295,1,307.4,19.2125,0.0,5.731397641689174,5.69035945432406,0,-1.4120132566210088,0.7571387414285448,Champions
13933,109,2,608.79,26.46913043478261,0.0,6.413114635600407,4.700480365792417,0,-0.6075505036217725,0.3285422776437304,Champions
13934,264,1,922.1,29.74516129032258,0.0,6.8277375709961055,5.579729825986222,0,-0.8352057452630686,0.8354931334663706,Champions
13936,180,1,376.58,14.483846153846152,0.0,5.933782466766897,5.198497031265826,0,-1.1157571801815618,0.4892426832484515,Champions
13937,169,1,158.85,17.65,0.0,5.074235875505851,5.135798437050262,0,-1.5078284771364538,0.3383110655414625,Champions
13938,35,1,71.66,10.237142857142857,0.0,4.285791026793056,3.58351893845611,0,-1.2657524168768195,-0.6953985931488577,Champions
13939,23,3,568.55,12.634444444444444,0.0,6.344846575345921,3.1780538303479458,2,0.0471697445857062,-0.5179412034416703,Potential Loyalists
13940,17,4,839.14,17.12530612244898,0.0,6.73356854461668,2.8903717578961645,2,0.4267153927229522,-0.5646176542815936,Potential Loyalists
13941,22,5,5112.96,113.62133333333334,0.0,8.539729334154528,3.1354942159291497,1,1.279949329435149,-0.1052118725297024,Loyal Customers
13946,79,3,561.57,51.05181818181818,0.0,6.332515570780452,4.382026634673881,0,-0.4434734858015878,0.2015293948276979,Champions
13947,65,1,90.6,18.12,0.0,4.517431271680085,4.189654742026425,0,-1.3972895069260156,-0.3018100525668056,Champions
13948,361,1,102.0,34.0,0.0,4.634728988229636,5.891644211825772,0,-2.0254733802171425,0.7330371932967361,Champions
13949,3,6,2427.32,15.170750000000002,0.0,7.794954939211736,1.3862943611198906,1,1.6975123619131662,-1.1767523473935793,Loyal Customers
13950,11,4,745.0600000000001,21.28742857142857,0.0,6.61480602592395,2.4849066497880004,2,0.5322751652358253,-0.8231289481633337,Potential Loyalists
13951,176,3,674.45,17.293589743589745,0.0,6.5153791354156905,5.176149732573829,0,-0.6743655469148446,0.7012754884099641,Champions
13952,218,2,3251.071,23.730445255474454,0.0,8.087047303147697,5.389071729816501,2,-0.0720459082175727,0.9617632480905806,Potential Loyalists
13953,7,7,3515.68,175.784,0.0,8.16527264169811,2.079441541679836,1,1.673292136570978,-0.6384069830118759,Loyal Customers
13954,2,2,439.92,17.5968,0.0,6.088863453095115,1.0986122886681098,2,0.6849491367036978,-1.871500377385888,Potential Loyalists
13955,154,2,322.96,9.786666666666664,0.0,5.780620051380789,5.043425116919247,0,-1.052678699439105,0.4505127524770772,Champions
13956,5,5,1026.42,6.752763157894737,0.0,6.934806084458451,1.791759469228055,2,1.0416753361920623,-1.1217160301997344,Potential Loyalists
13959,79,3,598.2,6.502173913043479,0.0,6.3955954322030095,4.382026634673881,2,-0.4128481687802872,0.2098500149098039,Potential Loyalists
13960,21,2,230.22,19.185,0.0,5.443369638247176,3.091042453358316,2,-0.4304868031282517,-0.7633159506895972,Potential Loyalists
13962,22,2,169.54999999999998,15.413636363636362,0.0,5.139028508864655,3.1354942159291497,2,-0.5961385912849895,-0.7768368527455325,Potential Loyalists
13963,308,4,664.54,18.986857142857144,0.0,6.500598741212994,5.733341276897746,0,-0.8308225359441808,1.107395953774838,Champions
13967,146,1,80.7,40.35,0.0,4.403054001865957,4.990432586778736,0,-1.7751710551522824,0.1627138913064187,Champions
13969,7,18,9053.94,14.463162939297126,0.0,9.111065744122175,2.079441541679836,1,2.9576413850989973,0.3042051984339509,Loyal Customers
13971,19,8,2758.26,18.51181208053692,0.0,7.922717806819661,2.995732273553991,1,1.2616959339407026,-0.0472555775544345,Loyal Customers
13972,71,2,190.25,12.683333333333334,0.0,5.253581472706645,4.276666119016055,0,-0.9998992056831856,-0.0782429144234118,Champions
13973,287,1,264.7,24.063636363636363,0.0,5.582367852765768,5.662960480135946,0,-1.473337928950411,0.7210706931366788,Champions
13974,49,1,413.59,14.77107142857143,0.0,6.027290080077415,3.912023005428146,2,-0.552491969821015,-0.2689327963264138,Potential Loyalists
13975,31,6,2526.28,7.474201183431953,0.0,7.834898904574059,3.4657359027997265,2,0.8798307134867001,0.0739593677744964,Potential Loyalists
13976,207,1,357.98,35.798,0.0,5.883266676629996,5.337538079701318,0,-1.1962532901538283,0.5658553927726059,Champions
13978,15,2,196.79,13.119333333333334,0.0,5.287205861793318,2.772588722239781,2,-0.3781115997909924,-0.9746468525549112,Potential Loyalists
13979,73,1,869.87,16.108703703703704,0.0,6.769492711981713,4.30406509320417,2,-0.3499677231704989,0.0637745984836485,Potential Loyalists
13980,60,1,200.14,18.19454545454545,0.0,5.304001183016334,4.110873864173311,0,-0.9836961990443078,-0.2452410060821889,Champions
13982,39,4,1871.81,16.863153153153153,0.0,7.535195255760907,3.688879454113936,2,0.494468263695337,0.0193731618807288,Potential Loyalists
13983,30,12,2603.43,24.3311214953271,0.0,7.864969120264265,3.4339872044851463,1,1.357300754245981,0.505013945181534,Loyal Customers
13984,27,5,920.51,57.531875,0.0,6.8260136289229445,3.332204510175204,2,0.3687538686530406,-0.2134454959103419,Potential Loyalists
13985,4,15,7060.13,20.114330484330484,0.0,8.862360374336811,1.6094379124341005,1,2.8010483655629064,-0.2331522133439976,Loyal Customers
13986,17,1,320.46,24.650769230769228,0.0,5.7728731191409945,2.8903717578961645,2,-0.2647481927846666,-0.914390977371225,Potential Loyalists
13988,20,6,4147.96,17.726324786324785,0.0,8.330612979409075,3.044522437723423,1,1.2900587690450611,-0.1129308854841053,Loyal Customers
13989,66,2,1266.08,30.88,0.0,7.144470319606423,4.204692619390966,2,-0.0528985736790571,0.1280697162142206,Potential Loyalists
13990,213,1,311.3,19.45625,0.0,5.7439642642890325,5.365976015021851,0,-1.2753323354775494,0.5645129241592202,Champions
13991,12,6,855.97,10.190119047619048,0.0,6.753402912150755,2.5649493574615367,2,0.7173732284131277,-0.6082059364283686,Potential Loyalists
13992,30,1,76.8,15.36,0.0,4.354141431184346,3.4339872044851463,0,-1.172374587513515,-0.7759420089313812,Champions
13993,43,9,3466.36,28.647603305785125,0.0,8.151148776464021,3.784189633918261,1,1.1302227036591963,0.5294583184117877,Loyal Customers
13994,4,6,2313.14,14.923483870967742,0.0,7.746793407219949,1.6094379124341005,1,1.5843039743272034,-1.0494574658871791,Loyal Customers
13995,15,5,1393.69,16.205697674418605,0.0,7.240427447338227,2.772588722239781,2,0.7952241334760443,-0.4939532497873294,Potential Loyalists
13999,10,12,3901.81,18.758701923076924,0.0,8.269452085493503,2.3978952727983707,1,1.9707539727995809,-0.0621802792486156,Loyal Customers
14000,211,1,635.66,42.37733333333333,0.0,6.456235761113554,5.356586274672012,0,-0.925744204884416,0.6528420867532622,Champions
14001,46,3,2043.08,52.38666666666667,0.0,7.622703089500935,3.8501476017100575,2,0.3970201578275069,0.053153969939935,Potential Loyalists
14002,134,2,529.73,11.270851063829788,0.0,6.274253417348632,4.90527477843843,0,-0.7574072484718963,0.4328834394463363,Champions
14004,43,7,4582.64,26.799064327485382,0.0,8.430248721279204,3.784189633918261,1,1.115695735045419,0.417572169093147,Loyal Customers
14005,10,5,2874.72,34.22285714285714,0.0,7.964058356660503,2.3978952727983707,1,1.2973794455629677,-0.6229175778877014,Loyal Customers
14006,116,3,962.19,32.073,0.0,6.870250692440862,4.762173934797756,2,-0.3354301392061942,0.5001421107053341,Potential Loyalists
14009,198,2,695.61,16.562142857142856,0.0,6.546225713269575,5.293304824724492,0,-0.7815651219882718,0.7011616351269265,Champions
14012,278,1,328.8,29.89090909090909,0.0,5.7984864101254985,5.631211781821365,0,-1.3556318511456589,0.7305627618132418,Champions
14013,110,3,473.02,13.91235294117647,0.0,6.161249514897758,4.709530201312334,0,-0.6584590934332293,0.3750905270974937,Champions
14014,77,1,505.18,12.953333333333331,0.0,6.226892337255411,4.356708826689592,0,-0.6345922015633313,0.0237322713606729,Champions
14015,53,1,917.34,45.867,0.0,6.8225676924206855,3.9889840465642745,2,-0.1973646228944071,-0.1179364230908375,Potential Loyalists
14016,162,4,4341.21,26.964037267080744,0.0,8.376138714077541,5.093750200806762,2,0.3372193736847275,0.9717199766161718,Potential Loyalists
14019,47,3,1421.61,21.539545454545458,0.0,7.260248491657529,3.871201010907891,2,0.2125731939494221,0.0179535365972668,Potential Loyalists
14020,17,2,642.8,16.48205128205128,0.0,6.467388118864708,2.8903717578961645,2,0.1474544212513359,-0.7484296242884964,Potential Loyalists
14021,155,3,631.9,28.72272727272728,0.0,6.45031243178126,5.049856007249537,0,-0.6551162248197849,0.6170515122684257,Champions
14022,225,1,440.0,15.714285714285714,0.0,6.089044875446846,5.420534999272286,0,-1.129758051657315,0.6427082599161634,Champions
14023,7,2,584.07,18.840967741935486,0.0,6.371731498193053,2.079441541679836,2,0.4274511822250635,-1.2467388989516512,Potential Loyalists
14024,122,2,327.7,20.48125,0.0,5.795145480670174,4.812184355372417,0,-0.95254114974151,0.3139313894364614,Champions
14027,61,1,104.82,17.47,0.0,4.661739537475985,4.127134385045092,0,-1.3020603147718564,-0.3202203141969509,Champions
14029,63,2,467.66,31.177333333333333,0.0,6.149877558850261,4.158883083359672,2,-0.517333532795003,-0.0305599309110711,Potential Loyalists
14030,18,8,2360.09,9.712304526748971,0.0,7.766878655799901,2.9444389791664403,1,1.206683915880525,-0.0985328813812127,Loyal Customers
14031,7,19,17286.86,69.14744,0.0,9.757759800051202,2.079441541679836,1,3.3466268973382864,0.4638586761296698,Loyal Customers
14032,2,11,2975.59,20.80832167832168,0.0,7.998533628991687,1.0986122886681098,1,2.2872311934963827,-0.9504480477688426,Loyal Customers
14034,22,3,651.8199999999999,7.323820224719101,0.0,6.481301440435488,3.1354942159291497,2,0.1305509535797179,-0.5254322609726307,Potential Loyalists
14035,29,5,1428.02,21.636666666666667,0.0,7.264744173633186,3.4011973816621555,2,0.5539849324449149,-0.1142522518351325,Potential Loyalists
14036,285,1,626.65,16.49078947368421,0.0,6.441982686264217,5.655991810819852,0,-1.053189101571743,0.8302853998033503,Champions
14037,176,2,147.20000000000002,5.257142857142858,0.0,4.998562712861987,5.176149732573829,0,-1.485796079232695,0.4268475411077236,Champions
14038,78,3,1560.38,16.960652173913044,0.0,7.353325324586606,4.3694478524670215,2,0.0571939268003802,0.3286466259498651,Potential Loyalists
14039,33,1,152.2,25.366666666666664,0.0,5.0317442573064906,3.5263605246161616,0,-0.8805826098586439,-0.6312367627086244,Champions
14040,41,12,3614.92,15.38263829787234,0.0,8.193101597373525,3.737669618283368,1,1.394362636101696,0.7301815660022454,Loyal Customers
14041,266,1,141.41,6.733809523809524,0.0,4.958710221231336,5.58724865840025,0,-1.7456465251000837,0.5934602432732096,Champions
14044,27,4,652.82,3.1235406698564594,0.0,6.48283208421685,3.332204510175204,2,0.1271238937676968,-0.333063814379334,Potential Loyalists
14045,109,4,1659.75,276.625,0.0,7.415024586545351,4.700480365792417,2,0.028907669029939,0.6094014783240005,Potential Loyalists
14046,284,1,154.99,11.070714285714288,0.0,5.049791902630777,5.652489180268651,0,-1.7276887287775236,0.6445490728883976,Champions
14047,9,5,1308.61,40.8940625,0.0,7.177484661947137,2.302585092994046,2,0.9538642608713602,-0.7837557266327212,Potential Loyalists
14048,305,1,409.93,4.822705882352941,0.0,6.018422883689063,5.723585101952381,0,-1.2860372090746075,0.8148990129538158,Champions
14049,17,4,5681.72,11.642868852459015,0.0,8.645185270331435,2.8903717578961645,1,1.3548066555756602,-0.3124636996189091,Loyal Customers
14050,32,2,746.36,13.821481481481484,0.0,6.616546996753798,3.49650756146648,2,-0.0241274304015816,-0.3657208812070326,Potential Loyalists
14051,1,23,15610.39,74.33519047619048,0.0,9.655756055028828,0.6931471805599453,1,4.155214030932003,-0.0824892005727052,Loyal Customers
14052,20,1,225.36,4.024285714285714,0.0,5.422126652274323,3.044522437723423,2,-0.4970888549731047,-0.8683309001188337,Potential Loyalists
14053,124,2,260.25,65.0625,0.0,5.565477803279021,4.8283137373023015,0,-1.0705378144867523,0.2932972096027481,Champions
14054,65,1,92.46,15.410000000000002,0.0,4.53753353727228,4.189654742026425,0,-1.3875298428632916,-0.2991584406099912,Champions
14055,106,1,725.6400000000001,72.56400000000001,0.0,6.588431169193958,4.672828834461906,0,-0.5863182361941852,0.260755660732591,Champions
14056,1,23,8214.65,7.427350813743218,0.0,9.013796150895738,0.6931471805599453,1,3.8435420466303833,-0.1671676438948162,Loyal Customers
14057,24,17,6217.96,21.89422535211268,0.0,8.735357969180969,3.218875824868201,1,2.2415432187433457,0.8627394565951753,Loyal Customers
14059,267,1,183.6,22.95,0.0,5.218191322068752,5.5909869805108565,0,-1.6211731214898697,0.6299263883254327,Champions
14060,5,19,6140.42,30.39811881188119,0.0,8.722811264760628,1.791759469228055,1,2.959964421758857,0.1550407950840127,Loyal Customers
14062,10,12,10464.85,94.27792792792792,0.0,9.255872854706382,2.3978952727983707,1,2.4496619490104594,0.0679346619802199,Loyal Customers
14064,29,5,1353.74,16.92175,0.0,7.211364832983292,3.4011973816621555,2,0.5280692250713659,-0.1212933138122005,Potential Loyalists
14066,267,1,152.55,21.792857142857144,0.0,5.034026246886832,5.5909869805108565,0,-1.7105853948288383,0.6056338869085973,Champions
14067,64,2,374.7,7.2057692307692305,0.0,5.928790952579924,4.174387269895637,0,-0.6309124104982033,-0.0504366640662728,Champions
14068,320,1,265.85,11.077083333333334,0.0,5.586686702779954,5.771441123130016,0,-1.5149097607898716,0.786612840732957,Champions
14071,4,8,1438.82,4.440802469135802,0.0,7.272273384756895,1.6094379124341005,1,1.503954358000465,-0.963348421746866,Loyal Customers
14073,32,1,151.04,11.618461538461538,0.0,5.024143644121048,3.49650756146648,0,-0.8722554703571057,-0.650119207552236,Champions
14075,5,3,942.26,21.91302325581396,0.0,6.849341960431477,1.791759469228055,2,0.850152256124024,-1.281690413132306,Potential Loyalists
14076,129,1,122.47,2.662391304347826,0.0,4.815998211579652,4.867534450455582,0,-1.5252139855656293,0.1435762073439697,Champions
14077,41,5,499.42,11.89095238095238,0.0,6.215447745819636,3.737669618283368,2,-0.0908953551352414,-0.051137085319406,Potential Loyalists
14078,102,6,1049.37,16.144153846153845,0.0,6.956897762032364,4.634728988229636,2,-0.0170149704161606,0.6582923201896516,Potential Loyalists
14079,125,1,375.1,31.258333333333336,0.0,5.929855065476291,4.836281906951478,0,-0.9718550603079484,0.2717826186303027,Champions
14080,33,1,45.6,11.4,0.0,3.8416005411316,3.5263605246161616,0,-1.4583982198931145,-0.7882240084329128,Champions
14081,302,2,934.52,6.10797385620915,0.0,6.84110252442736,5.713732805509369,0,-0.8076445522511455,0.9918652173542192,Champions
14082,365,1,182.25,6.2844827586206895,0.0,5.2108513407667605,5.902633333401366,0,-1.7501892193944573,0.8156129904286334,Champions
14083,4,9,1018.43,5.626685082872928,0.0,6.926998926548841,1.6094379124341005,1,1.4113384599720242,-0.9345416668150986,Loyal Customers
14085,2,18,4448.54,9.885644444444443,0.0,8.40055599903064,1.0986122886681098,1,3.007518993900263,-0.3769648395099023,Loyal Customers
14087,3,1,194.42,2.8176811594202897,0.0,5.275151088516197,1.3862943611198906,2,0.0990703531758613,-1.8808827627284852,Potential Loyalists
14088,10,13,50491.81,85.7246349745331,0.0,10.829586228889369,2.3978952727983707,1,3.2887159913027517,0.3498676656928718,Loyal Customers
14089,57,1,161.0,11.5,0.0,5.087596335232384,4.060443010546419,0,-1.0684600789886742,-0.3039907534098336,Champions
14090,325,1,76.32000000000001,76.32000000000001,,4.34795265434013,5.786897381366708,0,-2.122537892926648,0.6324734711603718,Champions
14092,8,14,4076.91,19.050981308411217,0.0,8.313339881248881,2.19722457733622,1,2.222871249170004,-0.027878051913449,Loyal Customers
14093,12,1,442.85,4.217619047619048,0.0,6.095486667514328,2.5649493574615367,2,0.0228789600112208,-1.0667419725711262,Potential Loyalists
14096,4,17,65164.79,12.749909998043435,0.0,11.084689916963535,1.6094379124341005,1,4.030021107070269,0.2086878064778906,Loyal Customers
14098,37,1,147.35,7.016666666666667,0.0,4.999574346736831,3.6375861597263857,0,-0.940974750931845,-0.5688636441171945,Champions
14099,16,11,3104.17,12.41668,0.0,8.040823743271407,2.833213344056216,1,1.609503356884904,0.0940373389855236,Loyal Customers
14100,138,1,194.9,7.496153846153846,0.0,5.277604324950495,4.934473933130692,0,-1.3280502301192303,0.2445570399738565,Champions
14101,74,6,5976.79,170.76542857142857,0.0,8.695806213421232,4.31748811353631,2,0.9549308978373948,0.6976594701965262,Potential Loyalists
14102,5,5,1360.28,17.21873417721519,0.0,7.216180712571818,1.791759469228055,1,1.1782829157489974,-1.084600993348401,Loyal Customers
14104,155,2,216.21,10.295714285714286,0.0,5.380864627515602,5.049856007249537,0,-1.2493489787742031,0.4016342258250628,Champions
14105,239,1,1266.23,17.111216216216217,0.0,7.144588695022355,5.480638923341991,0,-0.6414854841313921,0.8179390830518495,Champions
14107,52,7,2703.23,21.977479674796747,0.0,7.902572492717126,3.970291913552122,2,0.7845935053343717,0.4594309439235688,Potential Loyalists
14108,31,2,597.91,17.585588235294118,0.0,6.395111336409363,3.4657359027997265,2,-0.119247537676254,-0.4133597141025564,Potential Loyalists
14109,73,1,144.2,16.022222222222222,0.0,4.978112102390695,4.30406509320417,0,-1.2196842672039512,-0.172519476023119,Champions
14110,4,12,5683.15,36.43044871794872,0.0,8.645436878735076,1.6094379124341005,1,2.4706865743561357,-0.4848174633235814,Loyal Customers
14111,14,4,692.85,69.285,0.0,6.54225579881702,2.70805020110221,2,0.4072260490434105,-0.6990510849219554,Potential Loyalists
14112,23,7,2915.15,18.2196875,0.0,7.978019532134758,3.1780538303479458,1,1.1401367377392042,-0.0051134043308712,Loyal Customers
14113,4,4,1840.42,54.13,0.0,7.518292292095946,1.6094379124341005,1,1.3233363346274445,-1.2282993040386736,Loyal Customers
14114,274,2,386.53,25.768666666666665,0.0,5.959793265151517,5.616771097666572,0,-1.1964891012076802,0.8175417153713774,Champions
14116,20,5,1382.74,19.204722222222223,0.0,7.2325452572578,3.044522437723423,2,0.6819310248575606,-0.3321233143919083,Potential Loyalists
14117,144,1,90.0,30.0,0.0,4.51085950651685,4.976733742420574,0,-1.7173169682370533,0.1687294294599619,Champions
14121,4,4,2780.15,17.485220125786164,0.0,7.930619790211972,1.6094379124341005,1,1.52352162453817,-1.1739107815553018,Loyal Customers
14124,84,1,419.58,83.916,0.0,6.041634711020558,4.442651256490317,0,-0.7591308392076039,0.0507692767131659,Champions
14125,11,3,2740.43,16.409760479041914,0.0,7.916234961051038,2.4849066497880004,1,1.0891047333106287,-0.7258130711990978,Loyal Customers
14126,8,3,706.1300000000001,47.07533333333334,0.0,6.56121452452395,2.19722457733622,2,0.5470471248960888,-1.0768503964395706,Potential Loyalists
14127,123,3,709.71,16.129772727272726,0.0,6.566264470368445,4.820281565605037,0,-0.5064067583703914,0.4948469515604054,Champions
14128,61,2,637.5,13.858695652173912,0.0,6.459121675472594,4.127134385045092,2,-0.3544149305666756,-0.0087840305791542,Potential Loyalists
14129,2,5,1123.86,21.61269230769231,0.0,7.025413862450224,1.0986122886681098,1,1.3646902999278612,-1.5249119298093754,Loyal Customers
14130,319,1,483.86,7.221791044776119,0.0,6.183860189473411,5.768320995793772,0,-1.223725613432852,0.8635149390053403,Champions
14132,2,11,3586.03,17.93015,0.0,8.185079841032296,1.0986122886681098,1,2.3777995104525043,-0.925841459816022,Loyal Customers
14133,130,3,605.64,21.63,0.0,6.4079355343926805,4.875197323201151,0,-0.6053817815256626,0.5068531674604898,Champions
14135,2,15,4690.31,35.00231343283583,0.0,8.453467140135627,1.0986122886681098,1,2.808162108318027,-0.5930372481864636,Loyal Customers
14138,2,2,982.38,20.901702127659576,0.0,6.890995617166797,1.0986122886681098,2,1.0743848656936248,-1.76569423193213,Potential Loyalists
14139,46,1,415.82,15.993076923076924,0.0,6.032654473932845,3.8501476017100575,2,-0.5249797495453783,-0.3052843229191328,Potential Loyalists
14140,4,2,935.05,14.16742424242424,0.0,6.841668893854277,1.6094379124341005,2,0.8448050117601773,-1.4662512160562258,Potential Loyalists
14141,3,4,915.13,22.87825,0.0,6.820158276001622,1.3862943611198906,2,1.0742177094982317,-1.4540351393543198,Potential Loyalists
14142,373,1,311.81,14.17318181818182,0.0,5.745595977469612,5.924255797414532,0,-1.4992743965261053,0.8990994562203855,Champions
14143,134,1,115.8,16.54285714285714,0.0,4.760463070394127,4.90527477843843,0,-1.567368618961139,0.1588546500501665,Champions
14145,47,4,3742.2,340.2,0.0,8.227696139552007,3.871201010907891,2,0.7572848003514688,0.2199163776702647,Potential Loyalists
14146,9,5,4191.0,19.957142857142856,0.0,8.340933226000878,2.302585092994046,1,1.5187193558031509,-0.6302897349794614,Loyal Customers
14147,78,2,483.4,96.68,0.0,6.182911011678937,4.3694478524670215,0,-0.5860581380079734,0.0999112386026466,Champions
14148,234,1,157.2,52.4,0.0,5.063860055333554,5.459585514144159,0,-1.6432056979097045,0.5308686830092424,Champions
14149,221,1,446.62,15.950714285714286,0.0,6.103944658191983,5.402677381872279,0,-1.1153356533281586,0.633978144492567,Champions
14150,36,2,658.64,25.33230769230769,0.0,6.49169423166057,3.610917912644224,2,-0.1307991626593908,-0.3136657723089832,Potential Loyalists
14152,75,2,621.29,12.67938775510204,0.0,6.433406222026163,4.330733340286331,2,-0.448858098477886,0.1097657536194748,Potential Loyalists
14154,239,2,1345.62,25.87730769230769,0.0,7.205353028221294,5.480638923341991,0,-0.5369692637728682,0.9003048415341054,Champions
14155,266,1,118.75,19.791666666666668,0.0,4.785406236291025,5.58724865840025,0,-1.829785731499066,0.5706003861827865,Champions
14156,10,55,117379.63,83.84259285714286,0.0,11.673177181281428,2.3978952727983707,3,6.848913935609369,3.5838664509822027,At-Risk / Lost Customers
14157,20,2,432.88,9.018333333333333,0.0,6.072767998172017,3.044522437723423,2,-0.1061869306818669,-0.7081567506993268,Potential Loyalists
14158,40,1,507.66,12.381951219512194,0.0,6.231779816930511,3.713572066704308,2,-0.3733260841252216,-0.3608178487530678,Potential Loyalists
14159,20,11,4693.01,3.897848837209304,0.0,8.454042506787907,3.044522437723423,1,1.7250593608512452,0.2751030789524179,Loyal Customers
14161,216,3,1110.52,10.282592592592591,0.0,7.013483726944571,5.37989735354046,0,-0.5145535601647695,0.8890093854810706,Champions
14162,174,2,289.36,11.5744,0.0,5.67112153241664,5.1647859739235145,0,-1.154693844758826,0.5087560567614083,Champions
14163,87,4,2445.91,47.036730769230765,0.0,7.802581283035999,4.477336814478207,2,0.3068926473355061,0.5268748977905798,Potential Loyalists
14164,71,2,1631.77,56.26793103448276,0.0,7.398033237980444,4.276666119016055,2,0.0412336323942398,0.2046234080581425,Potential Loyalists
14165,276,1,122.54,4.901599999999999,0.0,4.816564990267753,5.6240175061873385,0,-1.8294593507613848,0.5967324346492724,Champions
14167,39,4,574.84,11.054615384615383,0.0,6.355829844330721,3.688879454113936,2,-0.0781144718160341,-0.1361923594312454,Potential Loyalists
14171,98,1,363.79,6.272241379310345,0.0,5.899321845543751,4.59511985013459,0,-0.8895997215653275,0.1233155683776196,Champions
14173,11,4,450.84,15.546206896551723,0.0,6.113328134864823,2.4849066497880004,2,0.2888072969413807,-0.8892769535168555,Potential Loyalists
14174,33,1,134.46,5.171538461538462,0.0,4.908676393786758,3.5263605246161616,0,-0.940332144027376,-0.6474701676903606,Champions
14175,60,3,3222.3,21.626174496644296,0.0,8.078160958464125,4.110873864173311,2,0.5131905080451011,0.2693888013767764,Potential Loyalists
14176,297,4,576.9000000000001,18.60967741935484,0.0,6.359400843323733,5.697093486505405,0,-0.8847827488026014,1.067061145884812,Champions
14177,86,4,559.41,13.319285714285714,0.0,6.328668658700502,4.465908118654584,0,-0.4040923713430093,0.3256117900698126,Champions
14178,9,7,1620.93,4.9569724770642205,0.0,7.391372077147292,2.302585092994046,1,1.207736938994968,-0.6068415250092416,Loyal Customers
14179,41,2,719.78,4.36230303030303,0.0,6.580333958961338,3.737669618283368,2,-0.1387881241452296,-0.2260580711652111,Potential Loyalists
14180,11,25,4748.52,19.785500000000003,0.0,8.465798839290947,2.4849066497880004,1,3.006250448303279,0.9823903270044836,Loyal Customers
14184,67,1,452.89,18.870416666666667,0.0,6.117854877935304,4.219507705176107,0,-0.6322999646611155,-0.0728244989893942,Champions
14185,331,1,197.65,65.88333333333334,0.0,5.291544482260608,5.805134968916488,0,-1.6717648972552686,0.767862076794778,Champions
14188,31,6,2054.36,31.605538461538465,0.0,7.628206294069428,3.4657359027997265,2,0.7794813059275877,0.0466953464687561,Potential Loyalists
14189,2,15,4654.08,17.56256603773585,0.0,8.44571437538519,1.0986122886681098,1,2.8043981355869647,-0.594059885342278,Loyal Customers
14191,2,13,4684.76,18.08787644787645,0.0,8.452283401366893,1.0986122886681098,1,2.657557214482527,-0.7418945320910313,Loyal Customers
14193,68,2,853.39,20.318809523809524,0.0,6.750387764017586,4.23410650459726,2,-0.2560664238911723,0.0937047132373403,Potential Loyalists
14194,5,21,11349.52,19.601934369602763,0.0,9.337018836838048,1.791759469228055,1,3.408192817189081,0.3847596773372072,Loyal Customers
14195,202,2,1012.0,144.57142857142858,0.0,6.920671504248683,5.313205979041787,0,-0.607782591985622,0.7624727548977235,Champions
14196,107,1,335.52,55.92,0.0,5.818657582682612,4.68213122712422,0,-0.9637885101003736,0.1647893050379728,Champions
14198,18,4,701.4,17.984615384615385,0.0,6.554503042320907,2.9444389791664403,2,0.3180143284276781,-0.5558549335502678,Potential Loyalists
14199,218,1,185.4,92.7,0.0,5.22789490225149,5.389071729816501,0,-1.5351815007360812,0.5102729635154175,Champions
14201,60,7,747.44,20.20108108108108,0.0,6.617991040326031,4.110873864173311,2,0.104337362983431,0.3741857287400911,Potential Loyalists
14204,2,1,161.03,3.659772727272727,0.0,5.087781503272909,1.0986122886681098,2,0.1239080530945492,-2.07789978889129,Potential Loyalists
14205,17,2,466.7,19.445833333333333,0.0,6.147827064731841,2.8903717578961645,2,-0.0076926949561889,-0.7905816846214326,Potential Loyalists
14206,239,1,328.16,16.407999999999998,0.0,5.796543954737512,5.480638923341991,0,-1.2959621522642886,0.6401237251128986,Champions
14208,95,1,151.74,15.174,0.0,5.028737129460239,4.564348191467836,0,-1.299882151295228,-0.0099500009699789,Champions
14209,11,6,2073.43,23.83252873563218,0.0,7.637441696132993,2.4849066497880004,1,1.178795689145819,-0.5395358981683077,Loyal Customers
14210,106,6,1905.84,18.684705882352944,0.0,7.553202700664662,4.672828834461906,2,0.2571544894685884,0.7597677886795174,Potential Loyalists
14211,53,9,2241.1,20.009821428571428,0.0,7.715168205670426,3.9889840465642745,2,0.8361143044846878,0.5946076177754294,Potential Loyalists
14212,90,1,1070.48,118.94222222222224,0.0,6.976796149317125,4.51085950651685,2,-0.3325663803512384,0.2149748618224569,Potential Loyalists
14214,31,5,1004.38,14.990746268656716,0.0,6.913120858480547,3.4657359027997265,2,0.3572917308325394,-0.1219793730973075,Potential Loyalists
14215,12,6,1789.72,16.57148148148148,0.0,7.490373052597007,2.5649493574615367,2,1.0751727491699676,-0.5109950610043977,Potential Loyalists
14216,3,4,1839.3,31.17457627118644,0.0,7.517683880791149,1.3862943611198906,1,1.4128668804920457,-1.36202723977895,Loyal Customers
14217,2,17,2004.98,20.0498,0.0,7.603887998382448,1.0986122886681098,1,2.5457210261739207,-0.5564007990957401,Loyal Customers
14218,43,1,169.48000000000002,14.123333333333337,0.0,5.1386179877903615,3.784189633918261,0,-0.9324838612538964,-0.4627175102321398,Champions
14219,4,1,89.94,12.848571428571429,0.0,4.510199948396864,1.6094379124341005,2,-0.3621398925535301,-1.848136820828636,Potential Loyalists
14220,247,2,632.4000000000001,30.11428571428572,0.0,6.45110213410454,5.513428746164983,0,-0.916358071307819,0.8204533837833957,Champions
14221,42,9,3432.8,17.78652849740933,0.0,8.141422798643111,3.7612001156935615,1,1.1347551129650604,0.5144062577242127,Loyal Customers
14222,177,1,683.17,16.662682926829266,0.0,6.528206424753791,5.181783550292085,0,-0.8204359572966748,0.557640615337821,Champions
14223,92,3,991.13,16.518833333333333,0.0,6.89985414708588,4.532599493153256,2,-0.2286429709028714,0.3665476428953036,Potential Loyalists
14224,110,4,1050.12,8.899322033898306,0.0,6.957611541333566,4.709530201312334,2,-0.1968096764018829,0.5544861268106439,Potential Loyalists
14226,29,5,2232.19,33.31626865671642,0.0,7.711186335546904,3.4011973816621555,2,0.7707329155879652,-0.0553637962465199,Potential Loyalists
14227,26,10,3350.96,19.148342857142858,0.0,8.117300528356548,3.295836866004329,1,1.385389747367587,0.3068542844359532,Loyal Customers
14229,52,3,1547.2,38.68,0.0,7.344848244770613,3.970291913552122,2,0.2137576156056942,0.0884614165696651,Potential Loyalists
14231,184,3,925.71,18.5142,0.0,6.831640679513165,5.220355825078324,0,-0.5386154073236478,0.7694687406211618,Champions
14232,43,5,2048.07,17.80930434782609,0.0,7.625141310661702,3.784189633918261,2,0.5747853339360509,0.1626724288861432,Potential Loyalists
14233,49,4,1462.72,41.792,0.0,7.288736419398735,3.912023005428146,2,0.2849863955744167,0.1205114143812563,Potential Loyalists
14234,22,4,775.46,4.877106918238994,0.0,6.654745128061633,3.1354942159291497,2,0.2897730796467577,-0.428203405486955,Potential Loyalists
14235,75,5,3144.86,39.80835443037975,0.0,8.053842581674434,4.330733340286331,2,0.5629101739030498,0.5465629468011983,Potential Loyalists
14236,81,2,490.86,32.724000000000004,0.0,6.198194123153937,4.406719247264253,0,-0.5936416920122644,0.124250183776817,Champions
14237,373,1,161.0,17.88888888888889,0.0,5.087596335232384,5.924255797414532,0,-1.818733684941906,0.8123052731998786,Champions
14238,326,1,146.85,18.35625,0.0,4.996198246298486,5.7899601708972535,0,-1.809047121743549,0.7198154360683493,Champions
14239,43,11,2380.85,21.257589285714285,0.0,7.775632775640216,3.784189633918261,1,1.0979396093683076,0.6286265994001736,Loyal Customers
14240,30,2,890.34,21.19857142857143,0.0,6.792725948397371,3.4339872044851463,2,0.0865750021142347,-0.3799272041677786,Potential Loyalists
14241,184,1,213.7,21.37,0.0,5.369241704884735,5.220355825078324,0,-1.398641324372668,0.427868217248638,Champions
14242,235,2,280.55,17.534375,0.0,5.640310051700627,5.4638318050256105,0,-1.2900330606737755,0.6837997760069848,Champions
14243,9,10,2588.77,18.360070921985816,0.0,7.859324347661553,2.302585092994046,1,1.6599733767179354,-0.3220640420820959,Loyal Customers
14245,220,2,1693.45,15.680092592592594,0.0,7.435113483382488,5.3981627015177525,0,-0.392219785582386,0.8812140527364581,Champions
14246,111,3,1474.06,19.65413333333333,0.0,7.296453945912696,4.718498871295094,2,-0.1109268626675356,0.5302025627976769,Potential Loyalists
14247,278,1,136.77,6.838500000000001,0.0,4.925585628056508,5.631211781821365,0,-1.7794257938737,0.6154218021919827,Champions
14248,318,1,302.58,37.8225,0.0,5.715645167198713,5.765191102784844,0,-1.4497844042471513,0.799879918534226,Champions
14250,7,3,1904.05,17.153603603603603,0.0,7.552263533935522,2.079441541679836,2,1.075615408575335,-1.0166689219920604,Potential Loyalists
14251,2,5,2879.7000000000003,36.91923076923077,0.0,7.965788599152331,1.0986122886681098,1,1.8212428950168784,-1.400870742297973,Loyal Customers
14256,260,2,969.06,18.284150943396227,0.0,6.8773579252545485,5.564520407322694,0,-0.7299774175533411,0.9072795342541752,Champions
14257,64,5,3099.7200000000003,29.24264150943397,0.0,8.039389621570026,4.174387269895637,2,0.6188300073065576,0.4510159399331835,Potential Loyalists
14258,9,9,12669.98,114.14396396396396,0.0,9.447069618390277,2.302585092994046,1,2.355809726805763,-0.1869812867811544,Loyal Customers
14259,142,1,120.0,24.0,0.0,4.795790545596741,4.962844630259907,0,-1.5733917180902954,0.1979949531243894,Champions
14261,51,2,1163.45,22.37403846153846,0.0,7.060004151519799,3.951243718581428,2,0.008118322012444,-0.0348703970739522,Potential Loyalists
14262,8,8,2618.23,18.3093006993007,0.0,7.870635660430322,2.19722457733622,1,1.5578474755579517,-0.5323768747088614,Loyal Customers
14264,155,2,333.97,19.64529411764706,0.0,5.814040975576219,5.049856007249537,0,-1.039041557573343,0.4587728393141156,Champions
14265,109,2,530.18,17.10258064516129,0.0,6.275100946851013,4.700480365792417,0,-0.6745562464358783,0.3103374267718943,Champions
14267,163,3,1516.24,27.568,0.0,7.3246481738226015,5.099866427824199,2,-0.2507571892814403,0.7623345637747788,Potential Loyalists
14270,332,1,492.65,16.98793103448276,0.0,6.201826764057459,5.808142489980444,0,-1.231032880932866,0.8897351840310824,Champions
14271,226,1,112.32,11.232,0.0,4.730215674962316,5.424950017481403,0,-1.7912478383477248,0.4661146587185206,Champions
14272,74,2,437.96,13.271515151515151,0.0,6.08440829275072,4.31748811353631,0,-0.6129650022828117,0.055797806778907,Champions
14273,51,4,559.97,19.309310344827587,0.0,6.329667428156979,3.951243718581428,2,-0.1964304822598305,0.0174948573553147,Potential Loyalists
14276,99,3,1119.74,17.4959375,0.0,7.021744460399267,4.605170185988092,2,-0.1986783058302575,0.426090589417845,Potential Loyalists
14277,15,3,4216.2,18.738666666666667,0.0,8.346926679702795,2.772588722239781,1,1.1824001000455844,-0.4967003653058462,Loyal Customers
14280,197,1,134.04,16.755,0.0,4.905571030847647,5.288267030694535,0,-1.6510912638935993,0.4073813697475552,Champions
14282,3,15,3729.34,23.906025641025643,0.0,8.224254661298708,1.3862943611198906,1,2.5810735237250446,-0.4509699478166745,Loyal Customers
14284,31,2,595.25,18.6015625,0.0,6.390660042202551,3.4657359027997265,2,-0.121408644139781,-0.4139468670723521,Potential Loyalists
14285,21,4,1910.01,70.74111111111111,0.0,7.555387177088957,3.091042453358316,2,0.7449293830699915,-0.3360267598215296,Potential Loyalists
14286,24,3,4628.75,16.53125,0.0,8.440258149942116,3.218875824868201,2,1.048060734432238,-0.2170940076060894,Potential Loyalists
14287,8,3,176.63,19.62555555555556,0.0,5.179702735211794,2.19722457733622,2,-0.1236778190432976,-1.2590802631289466,Potential Loyalists
14288,213,1,426.6,26.6625,0.0,6.05818817915089,5.365976015021851,0,-1.1227764041343442,0.6059609831326437,Champions
14289,9,6,911.26,19.38851063829788,0.0,6.815925037163848,2.302585092994046,2,0.8533419030336573,-0.7570970849179225,Potential Loyalists
14290,11,5,2314.65,22.917326732673267,0.0,7.747445704647496,2.4849066497880004,1,1.1571876186188634,-0.5993762664324315,Loyal Customers
14291,2,11,3883.25,16.385021097046412,0.0,8.264685193972111,1.0986122886681098,1,2.416447965211198,-0.9153410261851184,Loyal Customers
14292,8,9,4871.93,48.7193,0.0,8.491450677872692,2.19722457733622,1,1.9342686964372588,-0.3761370006971332,Loyal Customers
14293,3,4,1046.56,17.15672131147541,0.0,6.954218929392177,1.3862943611198906,1,1.139304250869425,-1.4363517180584255,Loyal Customers
14295,40,1,166.20000000000002,33.24,0.0,5.119190700650601,3.713572066704308,0,-0.9134888814444988,-0.5075751677338092,Champions
14297,18,4,1305.33,21.053709677419352,0.0,7.174976957856922,2.9444389791664403,2,0.6192548501759229,-0.4740106237245374,Potential Loyalists
14298,8,44,51527.3,31.476664630421503,0.0,10.849886450287096,2.19722457733622,3,5.704819207320323,2.5372250994020384,At-Risk / Lost Customers
14299,8,9,3965.62,27.73160839160839,0.0,8.285669625656425,2.19722457733622,1,1.8343618510673296,-0.4032807818813969,Loyal Customers
14300,19,1,43.2,14.4,0.0,3.788724789083653,2.995732273553991,0,-1.270466236863108,-1.1130085723470846,Champions
14301,117,1,640.14,49.24153846153846,0.0,6.463247841809304,4.770684624465665,0,-0.6864864556597452,0.3028521197188382,Champions
14304,223,1,383.45,22.55588235294117,0.0,5.9518137414781895,5.41164605185504,0,-1.1928056379734884,0.619282762973438,Champions
14305,71,3,1858.96,17.70438095238095,0.0,7.528310261099659,4.276666119016055,2,0.1794983125274474,0.2961583161020526,Potential Loyalists
14306,51,2,2093.32,63.4339393939394,0.0,7.646984197329087,3.951243718581428,2,0.2930975464857978,0.0425558661868249,Potential Loyalists
14307,89,6,2995.7200000000003,16.64288888888889,0.0,8.005273636192019,4.499809670330265,2,0.5462837178711685,0.7157721014782293,Potential Loyalists
14309,8,9,2352.53,20.10709401709402,0.0,7.763671607732549,2.19722457733622,1,1.5809314467688742,-0.472135517652959,Loyal Customers
14311,243,1,310.26,15.513,0.0,5.740628575776864,5.497168225293202,0,-1.3297629409928613,0.6426480623284484,Champions
14312,47,6,1611.59,18.52402298850575,0.0,7.385596861065875,3.871201010907891,2,0.4984751970765819,0.2575394665396378,Potential Loyalists
14314,107,1,120.0,15.0,0.0,4.795790545596741,4.68213122712422,0,-1.4603911749596088,0.0298668778454254,Champions
14315,45,6,2481.13,24.565643564356435,0.0,7.816872341508149,3.828641396489095,2,0.7249920218752725,0.2889370539327663,Potential Loyalists
14317,65,1,508.58,21.19083333333333,0.0,6.233586857019973,4.189654742026425,2,-0.5640947649966187,-0.0754386195076464,Potential Loyalists
14320,207,2,477.79,15.412580645161292,0.0,6.17126208791851,5.337538079701318,0,-0.9814162217996466,0.6781943222319717,Champions
14321,11,5,1530.75,12.445121951219512,0.0,7.334166151605764,2.4849066497880004,2,0.9565401053730848,-0.6538903707917847,Potential Loyalists
14323,115,2,605.0600000000001,16.807222222222222,0.0,6.406978991069148,4.7535901911063645,0,-0.6319086029560111,0.3595420912862505,Champions
14326,242,1,183.85,22.98125,0.0,5.219544685382641,5.493061443340548,0,-1.5810963599822394,0.5714542248579101,Champions
14327,163,1,311.65000000000003,25.97083333333333,0.0,5.745084354013307,5.099866427824199,0,-1.167666720950014,0.4052792796950585,Champions
14329,17,7,5014.84,19.362316602316604,0.0,8.520356183877372,2.8903717578961645,1,1.519247328183332,-0.1058777084271101,Loyal Customers
14331,124,2,462.66,16.52357142857143,0.0,6.139151525006747,4.8283137373023015,0,-0.7920188196999569,0.3689682872167088,Champions
14332,23,3,866.3100000000001,33.31961538461539,0.0,6.7653964676596825,3.1780538303479458,2,0.2513470126539758,-0.4624680968019324,Potential Loyalists
14333,68,1,415.2,27.68,0.0,6.031165913959534,4.23410650459726,0,-0.6802642311159847,-0.0755156247325042,Champions
14334,17,8,2552.21,15.754382716049385,0.0,7.845106670027843,2.8903717578961645,1,1.2664283089012396,-0.1205966844124161,Loyal Customers
14335,16,2,468.26,7.432698412698413,0.0,6.151156985841575,2.833213344056216,2,0.0169329738061154,-0.8243764172159876,Potential Loyalists
14336,17,4,1614.91,17.943444444444445,0.0,7.387653544460817,2.8903717578961645,2,0.7442741195076751,-0.4783398365696915,Potential Loyalists
14338,161,2,588.22,18.97483870967742,0.0,6.3787996283436765,5.087596335232384,0,-0.7800431183756681,0.555871832706006,Champions
14339,243,1,309.52000000000004,22.10857142857143,0.0,5.73824831153748,5.497168225293202,0,-1.3309185609527288,0.6423340908962941,Champions
14340,219,1,134.7,22.45,0.0,4.910446566840824,5.393627546352362,0,-1.6911368241236997,0.4711282053588853,Champions
14341,45,8,2182.28,16.916899224806205,0.0,7.688583612181916,3.828641396489095,2,0.8127379415228444,0.4207161262842951,Potential Loyalists
14342,21,4,668.5600000000001,31.83619047619048,0.0,6.506620780234419,3.091042453358316,2,0.2357525608540865,-0.4743654711996317,Potential Loyalists
14344,127,8,889.9300000000001,12.534225352112676,0.0,6.792265860972647,4.852030263919617,2,-0.0343878213603163,0.9154260657557718,Potential Loyalists
14345,39,1,108.98,18.16333333333333,0.0,4.700298531079668,3.688879454113936,0,-1.1069213688181183,-0.577618791947719,Champions
14346,121,2,1021.58,17.026333333333334,0.0,6.9300841244652,4.804021044733257,2,-0.3982415189530005,0.4587474848074857,Potential Loyalists
14348,260,1,409.57,22.753888888888888,0.0,6.017546438106483,5.564520407322694,0,-1.2224315923207048,0.7195145620488336,Champions
14349,10,1,133.5,4.306451612903226,0.0,4.901564199041894,2.3978952727983707,2,-0.4895239943980132,-1.3242815978969058,Potential Loyalists
14350,274,1,282.93,15.718333333333334,0.0,5.6487277289070565,5.616771097666572,0,-1.4225267314299996,0.7021596951271529,Champions
14351,165,1,51.0,51.0,,3.951243718581428,5.111987788356544,0,-2.043457035420127,0.17592057630741,Champions
14352,157,4,1078.96,22.95659574468085,0.0,6.984679282395341,5.062595033026967,0,-0.3257937155530843,0.7695181462987679,Champions
14353,215,1,90.6,15.1,0.0,4.517431271680085,5.375278407684165,0,-1.8745596218238092,0.4082972051756164,Champions
14354,6,2,163.62,18.18,0.0,5.103639787544498,1.9459101490553128,2,-0.1344554749231714,-1.4939841082816223,Potential Loyalists
14355,366,1,174.4,15.854545454545455,0.0,5.1670690799380825,5.905361848054571,0,-1.7725438951539485,0.8114720351990563,Champions
14356,80,2,701.23,21.24939393939394,0.0,6.5542609856927125,4.394449154672439,2,-0.4158316822697036,0.1638686399368112,Potential Loyalists
14357,43,1,225.77,5.506585365853659,0.0,5.423936287972195,3.784189633918261,0,-0.7939616261381013,-0.4250822788802148,Champions
14359,19,3,912.18,16.585090909090912,0.0,6.816933013408364,2.995732273553991,2,0.3497611705729116,-0.5648682184493271,Potential Loyalists
14360,32,4,2128.23,18.03584745762712,0.0,7.663515690998327,3.49650756146648,2,0.6342067937665928,-0.0789181563033735,Potential Loyalists
14362,22,1,161.2,3.93170731707317,0.0,5.088830141681313,3.1354942159291497,2,-0.6955250277225198,-0.8578088955944059,Potential Loyalists
14364,109,8,3717.35,53.87463768115942,0.0,8.221035300483413,4.700480365792417,2,0.7202868123677698,1.013121511282307,Potential Loyalists
14367,8,16,9261.52,17.67465648854962,0.0,9.133731428846277,2.19722457733622,1,2.7712021095170782,0.2290377595756499,Loyal Customers
14368,320,1,155.0,19.375,0.0,5.049856007249537,5.771441123130016,0,-1.7755414404832128,0.7158015839358073,Champions
14371,295,1,100.5,25.125,0.0,4.620058798481842,5.69035945432406,0,-1.9515690454854893,0.6105463411239261,Champions
14373,358,1,76.55,19.1375,0.0,4.350922889622548,5.883322388488279,0,-2.159911509314854,0.6906172291817112,Champions
14375,185,1,257.68,3.4357333333333333,0.0,5.555591776578392,5.225746673713202,0,-1.3103383075719053,0.4556776816802487,Champions
14377,191,2,617.05,56.095454545454544,0.0,6.426569360333832,5.2574953720277815,0,-0.8252433514874684,0.6639308231725325,Champions
14379,44,2,348.1,7.567391304347827,0.0,5.855358414110991,3.80666248977032,2,-0.5185371840995794,-0.2803647879349432,Potential Loyalists
14381,52,1,202.68,3.619285714285714,0.0,5.316550134809097,3.970291913552122,0,-0.9210127290754736,-0.3277846688524783,Champions
14382,26,1,626.07,4.779160305343511,0.0,6.441058177144555,3.295836866004329,2,-0.1035629366056231,-0.5834074853733898,Potential Loyalists
14383,38,3,1247.69,21.14728813559322,0.0,7.129850280760371,3.6635616461296463,2,0.2328495258702388,-0.1236085243097722,Potential Loyalists
14385,9,3,202.11,14.43642857142857,0.0,5.3137477042033945,2.302585092994046,2,-0.1010115288376618,-1.1782951881498844,Potential Loyalists
14386,297,1,142.4,20.342857142857145,0.0,4.96563792816552,5.697093486505405,0,-1.7865009046920672,0.660163568392949,Champions
14387,33,3,1770.56,12.646857142857142,0.0,7.479615793333997,3.5263605246161616,2,0.4578909278417329,-0.1596463725256229,Potential Loyalists
14388,10,8,3212.84,17.273333333333333,0.0,8.07522176285542,2.3978952727983707,1,1.576394639087984,-0.3852027314752537,Loyal Customers
14389,65,2,1043.46,23.188,0.0,6.9512552844279885,4.189654742026425,2,-0.1406511455593593,0.0935768125000353,Potential Loyalists
14390,10,9,4652.82,16.268601398601398,0.0,8.445443666706893,2.3978952727983707,1,1.8311527273287085,-0.2620176240143643,Loyal Customers
14393,218,1,67.95,13.59,0.0,4.233381604239311,5.389071729816501,0,-2.01801840536236,0.3790905681716875,Champions
14395,2,9,3507.71,10.02202857142857,0.0,8.163003727539861,1.0986122886681098,1,2.217051354016045,-1.077454575911222,Loyal Customers
14396,65,2,487.99,6.684794520547945,0.0,6.192342039368019,4.189654742026425,2,-0.5091040590166841,-0.0065284928227204,Potential Loyalists
14397,3,19,2612.96,30.034022988505747,0.0,7.868621591848266,1.3862943611198906,1,2.708473794411545,-0.2004778448877068,Loyal Customers
14400,149,1,574.7,22.988000000000003,0.0,6.355586691681764,5.010635294096256,0,-0.8353476169580609,0.4323649482885722,Champions
14401,4,13,4051.48,22.26087912087912,0.0,8.307084318372484,1.6094379124341005,1,2.3814312625928773,-0.4550976676697774,Loyal Customers
14403,130,4,1475.81,73.7905,0.0,7.297639635123279,4.875197323201151,2,-0.0984147218705567,0.6985611584878816,Potential Loyalists
14404,34,6,1474.32,14.31378640776699,0.0,7.296630194396398,3.555348061489413,2,0.5824277056375062,0.0566299648926215,Potential Loyalists
14406,119,1,156.75,19.59375,0.0,5.061011501421323,4.787491742782046,0,-1.3740388510223671,0.1279548689330233,Champions
14407,107,6,2157.73,29.55794520547945,0.0,7.677275364797242,4.68213122712422,2,0.3136471979934632,0.7817052282009652,Potential Loyalists
14408,11,7,2606.53,24.360093457943925,0.0,7.866158692081993,2.4849066497880004,1,1.364853045221753,-0.4350161547690589,Loyal Customers
14409,71,6,2059.4500000000003,38.137962962962966,0.0,7.630679684529584,4.276666119016055,2,0.454244021244093,0.5327131823251664,Potential Loyalists
14410,92,9,1105.07,5.696237113402062,0.0,7.008568471218721,4.532599493153256,2,0.2742284733089485,0.8269911526492398,Potential Loyalists
14411,311,1,1063.0,75.92857142857143,0.0,6.96979066990159,5.7430031878094825,0,-0.8319641871049602,0.9520203526338644,Champions
14412,43,2,770.03,17.90767441860465,0.0,6.647727283312172,3.784189633918261,2,-0.1247951445227042,-0.1893061801911094,Potential Loyalists
14413,362,1,122.7,5.334782608695653,0.0,4.8178592793984425,5.8944028342648505,0,-1.937673972443234,0.7588454260005137,Champions
14414,92,7,1496.98,15.43278350515464,0.0,7.311872812853191,4.532599493153256,2,0.2714527563495534,0.7182977115215813,Potential Loyalists
14415,1,13,5900.28,10.000474576271186,0.0,8.682924555516289,0.6931471805599453,1,2.9327527155445816,-0.9543173414477858,Loyal Customers
14416,22,2,490.22,35.01571428571429,0.0,6.196892092616412,3.1354942159291497,2,-0.0825450784415788,-0.6372981666959483,Potential Loyalists
14418,4,3,1937.25,15.622983870967742,0.0,7.569540783099068,1.6094379124341005,1,1.2732024190850282,-1.295889884936665,Loyal Customers
14419,11,6,1058.06,5.13621359223301,0.0,6.965137001220243,2.4849066497880004,2,0.8523912876096902,-0.6282170052543289,Potential Loyalists
14420,99,1,387.52,13.362758620689654,0.0,5.962344648534129,4.605170185988092,0,-0.8630478463335449,0.1376481239601575,Champions
14421,57,2,813.11,30.115185185185187,0.0,6.702095492007746,4.060443010546419,2,-0.2096045106041474,-0.0166778551627087,Potential Loyalists
14422,1,6,4263.64,19.205585585585588,0.0,8.358113048391361,0.6931471805599453,1,2.249950843310236,-1.5176159639763358,Loyal Customers
14423,218,1,265.2,88.39999999999999,0.0,5.584247905961012,5.389071729816501,0,-1.3621718671703007,0.5572781073460592,Champions
14424,18,1,322.08,322.08,,5.777899970574095,2.9444389791664403,2,-0.284072290057498,-0.8813453476281354,Potential Loyalists
14426,24,10,4481.67,20.007455357142856,0.0,8.407974130025062,3.218875824868201,1,1.5574924775014247,0.2991015277163555,Loyal Customers
14427,50,2,363.34,21.37294117647059,0.0,5.898087497602683,3.9318256327243257,2,-0.5481763230951239,-0.1997644220037662,Potential Loyalists
14428,7,5,1244.83,8.644652777777777,0.0,7.127557253441968,2.079441541679836,2,1.0194503989587131,-0.9239891401797072,Potential Loyalists
14431,303,1,470.36,27.668235294117647,0.0,6.1556221332742656,5.717027701406222,0,-1.2167872103440551,0.829069001134662,Champions
14432,10,6,2255.51,5.904476439790576,0.0,7.72157465089916,2.3978952727983707,1,1.2546685300368,-0.5805520931208519,Loyal Customers
14434,22,6,1372.8,114.4,0.0,7.225335901779781,3.1354942159291497,2,0.7168254888417104,-0.2042378460876937,Potential Loyalists
14436,99,1,89.06,9.895555555555555,0.0,4.500476114873425,4.605170185988092,0,-1.5727860460882628,-0.0551812894891625,Champions
14437,366,1,63.0,12.6,0.0,4.158883083359672,5.905361848054571,0,-2.2620189045363954,0.6784861271699595,Champions
14438,306,1,131.9,14.655555555555557,0.0,4.8895969657192,5.726847747587197,0,-1.8353963556105108,0.6679540613419417,Champions
14439,320,1,2661.24,83.16375,0.0,7.886923152667197,5.771441123130016,0,-0.3981433489258691,1.0900281172871285,Champions
14440,8,5,2357.68,42.86690909090909,0.0,7.765857419506838,2.19722457733622,1,1.2819322842564835,-0.7692494787132422,Loyal Customers
14441,1,4,1712.89,33.58607843137255,0.0,7.446520919735376,0.6931471805599453,1,1.6573420368095368,-1.7865616907053004,Loyal Customers
14442,205,2,1589.82,25.23523809523809,0.0,7.372004885545176,5.327876168789581,0,-0.3945653699745069,0.8307928297607307,Champions
14443,54,4,1420.2,15.270967741935484,0.0,7.259256864146872,4.007333185232471,2,0.2323071542980756,0.1737071411773206,Potential Loyalists
14446,1,4,1039.58,3.548054607508532,0.0,6.947533528990549,0.6931471805599453,1,1.4150833081667498,-1.852381183813197,Loyal Customers
14447,19,5,1163.23,16.617571428571427,0.0,7.059815203273879,2.995732273553991,2,0.6177108321594269,-0.3841294284561834,Potential Loyalists
14448,9,2,375.35,18.7675,0.0,5.930519561480541,2.302585092994046,2,0.1234165471099936,-1.1712897732387102,Potential Loyalists
14449,19,4,907.1,3.5158914728682173,0.0,6.811354504695783,2.995732273553991,2,0.4220678945911695,-0.4912534871612365,Potential Loyalists
14450,181,3,483.25,12.08125,0.0,6.182601302287106,5.204006687076795,0,-0.8471431723985928,0.6740644591068482,Champions
14451,60,2,662.59,6.078807339449542,0.0,6.49766448888388,4.110873864173311,2,-0.3291567318262908,-0.0134389341648373,Potential Loyalists
14452,11,2,264.44,4.26516129032258,0.0,5.581388826442135,2.4849066497880004,2,-0.1194797987079093,-1.108144147905676,Potential Loyalists
14453,190,1,119.93,5.451363636363637,0.0,4.795211865797184,5.25227342804663,0,-1.6901815730003482,0.3712666206294306,Champions
14456,5,9,3062.4,3.157113402061856,0.0,8.027280689230453,1.791759469228055,1,1.8721328997118285,-0.6802096554658141,Loyal Customers
14457,311,1,113.64,28.41,0.0,4.741796783519916,5.7430031878094825,0,-1.913656783651443,0.658134312687564,Champions
14459,155,1,1837.92,49.67351351351351,0.0,7.516933721754878,5.049856007249537,2,-0.2873010272871166,0.6090442518984722,Potential Loyalists
14460,110,3,434.34,27.14625,0.0,6.076127334986691,4.709530201312334,0,-0.6997859715609034,0.3638623901988387,Champions
14461,148,3,2103.06,11.683666666666666,0.0,7.651624090561262,5.003946305945459,2,-0.0533977247758486,0.7480151157380046,Potential Loyalists
14462,66,11,2004.02,8.350083333333334,0.0,7.603409314753263,4.204692619390966,2,0.8450524760188894,0.8577617174465397,Potential Loyalists
14463,98,3,529.62,88.27,0.0,6.2740461341708045,4.59511985013459,0,-0.5576406284380852,0.3214451387225726,Champions
14465,247,3,1058.62,8.14323076923077,0.0,6.965665632266971,5.513428746164983,0,-0.5915220376587953,0.9626780316177438,Champions
14466,29,7,2272.4,31.56111111111112,0.0,7.72903178725261,3.4011973816621555,2,0.9294270827557966,0.0956912696464538,Potential Loyalists
14467,18,4,598.76,6.652888888888889,0.0,6.396529575194807,2.9444389791664403,2,0.2413180991940358,-0.5766926014424694,Potential Loyalists
14470,12,2,461.19,10.725348837209305,0.0,6.135976061950666,2.5649493574615367,2,0.1175516833615208,-0.9870506026944744,Potential Loyalists
14472,104,8,1936.84,6.892669039145908,0.0,7.569329229702976,4.653960350157523,2,0.4226095839939582,0.8992951901726614,Potential Loyalists
14473,74,2,234.34,33.47714285714286,0.0,5.461031277035783,4.31748811353631,0,-0.9156149812067552,-0.0264294397417423,Champions
14474,46,1,547.66,18.884827586206896,0.0,6.307478941826799,3.8501476017100575,2,-0.3915522773751106,-0.2690332923200895,Potential Loyalists
14475,72,3,925.85,22.04404761904762,0.0,6.831791740175098,4.290459441148391,2,-0.1642143890521491,0.212544510975951,Potential Loyalists
14476,257,1,215.7,11.352631578947369,0.0,5.378513908542313,5.552959584921617,0,-1.5280285514021312,0.6282981176625005,Champions
14477,20,4,1309.6,130.95999999999998,0.0,7.178240326605397,3.044522437723423,2,0.5805508489717838,-0.4136370381148124,Potential Loyalists
14479,254,2,316.25,17.569444444444443,0.0,5.759690106594497,5.541263545158426,0,-1.2632439313805803,0.7459230379972179,Champions
14480,11,1,279.05,21.46538461538461,0.0,5.634968158655841,2.4849066497880004,2,-0.1684820892056496,-1.1754272765717249,Potential Loyalists
14481,165,2,636.51,21.217,0.0,6.457569963184063,5.111987788356544,0,-0.7516187895700692,0.5808709298278298,Champions
14482,18,6,2068.15,14.362152777777778,0.0,7.63489317390932,2.9444389791664403,2,0.9925746838980044,-0.2646437163565968,Potential Loyalists
14483,282,1,137.1,15.233333333333333,0.0,4.927978060415247,5.645446897643238,0,-1.7839945798395551,0.6242632367116298,Champions
14484,50,1,321.92,22.99428571428572,0.0,5.777404614526815,3.9318256327243257,0,-0.6817830414993734,-0.2900338042124109,Champions
14485,39,1,165.75,3.526595744680851,0.0,5.1164956847957335,3.688879454113936,0,-0.9048573583959356,-0.5227198381892874,Champions
14487,27,6,1196.33,8.307847222222222,0.0,7.08784935678574,3.332204510175204,2,0.5708903923322308,-0.1045571889213629,Potential Loyalists
14488,68,1,1064.28,23.13652173913044,0.0,6.97099295438666,4.23410650459726,2,-0.2239775429531153,0.0484533182856202,Potential Loyalists
14489,207,1,463.38,15.446,0.0,6.14070318257422,5.337538079701318,0,-1.071267685721628,0.5998128446902272,Champions
14491,175,2,340.93,20.05470588235294,0.0,5.834606037750557,5.170483995038151,0,-1.0776157280684375,0.5337333881873462,Champions
14493,7,5,2383.24,19.860333333333337,0.0,7.7766356942591806,2.079441541679836,1,1.3345784378197845,-0.8383717182683387,Loyal Customers
14494,26,1,139.56,19.937142857142856,0.0,4.945634443878841,3.295836866004329,0,-0.8295922093342103,-0.7806630351742504,Champions
14495,51,2,123.8,20.633333333333336,0.0,4.826712455935327,3.951243718581428,0,-1.07614636462262,-0.3294552505028739,Champions
14496,312,2,538.8100000000001,28.35842105263158,0.0,6.2912172257920815,5.746203190540153,0,-1.0876851306969395,0.9387795120465082,Champions
14497,309,1,475.37,16.392068965517243,0.0,6.166194863206115,5.736572297479192,0,-1.2195217753141916,0.8421694815188522,Champions
14498,43,5,1957.32,10.141554404145078,0.0,7.579842241810434,3.784189633918261,2,0.5527926041954668,0.1566972042505073,Potential Loyalists
14499,26,3,815.32,4.202680412371135,0.0,6.704806434953446,3.295836866004329,2,0.174517215621529,-0.399916333215066,Potential Loyalists
14500,88,3,356.85,50.97857142857144,0.0,5.880113904184607,4.48863636973214,0,-0.7060303194655404,0.2057067633624027,Champions
14501,184,2,251.21,25.121,0.0,5.530262073815315,5.220355825078324,0,-1.2454507282571554,0.5234583609062665,Champions
14502,20,11,2470.67,3.959407051282052,0.0,7.81264931452068,3.044522437723423,1,1.4136625155585008,0.1904993883964913,Loyal Customers
14503,3,6,3543.26,21.605243902439025,0.0,8.173084672465158,1.3862943611198906,1,1.8810946129661907,-1.1268747195548992,Loyal Customers
14504,47,4,673.26,6.2921495327102805,0.0,6.513615793203887,3.871201010907891,2,-0.0749024115899955,-0.0061813186551624,Potential Loyalists
14505,17,8,5905.64,7.391289111389237,0.0,8.683832420808084,2.8903717578961645,1,1.673630249937652,-0.0099636207382159,Loyal Customers
14506,17,5,2012.17,6.367626582278481,0.0,7.607465873142059,2.8903717578961645,2,0.9260082533714126,-0.3749946733236276,Potential Loyalists
14507,24,6,1383.18,14.408125,0.0,7.2328631855243,3.218875824868201,2,0.6869149130082868,-0.1533050863705475,Potential Loyalists
14508,22,2,276.42,4.849473684210526,0.0,5.625532603335144,3.1354942159291497,2,-0.3599405117503455,-0.7126639828756823,Potential Loyalists
14511,11,5,1314.81,19.33544117647059,0.0,7.182207724562218,2.4849066497880004,2,0.8827641823238532,-0.6739346180553277,Potential Loyalists
14512,188,2,275.28,11.968695652173912,0.0,5.621414844220772,5.241747015059643,0,-1.209806969171921,0.5482938252763334,Champions
14513,101,3,455.59,37.965833333333336,0.0,6.1237858328484185,4.624972813284271,0,-0.6426093527980492,0.3195047620537103,Champions
14514,61,3,1055.35,14.456849315068492,0.0,6.962574848746244,4.127134385045092,2,-0.0349729674538768,0.1319750973522719,Potential Loyalists
14515,18,6,2102.09,20.81277227722773,0.0,7.651162970792683,2.9444389791664403,2,1.0004736817110689,-0.2624976304961245,Potential Loyalists
14517,33,2,330.45,18.35833333333333,0.0,5.8034769686874,3.5263605246161616,2,-0.430890742583487,-0.4550899205043329,Potential Loyalists
14518,64,1,174.37,10.898125,0.0,5.166898027681201,4.174387269895637,0,-1.0758270545258288,-0.2252855781654456,Champions
14520,2,2,270.6,67.65,0.0,5.604330395684541,1.0986122886681098,2,0.4497079970458916,-1.9354132553950485,Potential Loyalists
14522,24,4,974.54,57.32588235294117,0.0,6.882991163835519,3.218875824868201,2,0.3670216129331897,-0.3481564904876574,Potential Loyalists
14523,108,1,241.09,20.09083333333333,0.0,5.489309557845162,4.691347882229144,0,-1.1273973510462936,0.1268664275925869,Champions
14524,32,9,1867.68,9.20039408866995,0.0,7.532987578243441,3.49650756146648,2,0.9459107729347652,0.2756172399237841,Potential Loyalists
14525,20,9,4332.2,14.887285223367696,0.0,8.374061578071412,3.044522437723423,1,1.536198375957263,0.1158519630655497,Loyal Customers
14527,3,55,8508.82,8.753930041152262,0.0,9.048976069757352,1.3862943611198906,3,5.982080103368064,2.6318386875423423,At-Risk / Lost Customers
14528,37,1,364.22,20.23444444444444,0.0,5.900499911733888,3.6375861597263857,2,-0.5035747564105719,-0.4500260439775631,Potential Loyalists
14529,60,3,620.04,2.707598253275109,0.0,6.431395492097425,4.110873864173311,2,-0.2863152823905036,0.0521703500206109,Potential Loyalists
14530,26,6,2925.91,13.54587962962963,0.0,7.9817025380127955,3.295836866004329,2,1.0194964521620602,-0.0084342040414483,Potential Loyalists
14532,236,4,932.85,14.57578125,0.0,6.839315825759616,5.468060141135132,0,-0.5595868345821811,0.9931896062784976,Champions
14533,25,7,1949.72,31.44709677419355,0.0,7.575953814178117,3.258096538021482,2,0.9127125390490444,-0.0102082431252481,Potential Loyalists
14534,3,18,4447.05,8.56849710982659,0.0,8.400221076874432,1.3862943611198906,1,2.8915506238152493,-0.2047071875522471,Loyal Customers
14535,60,3,2864.19,8.679363636363636,0.0,7.96038994457645,4.110873864173311,2,0.4560125980926825,0.2538540833044037,Potential Loyalists
14536,260,1,171.8,9.042105263157897,0.0,5.152134856369956,5.564520407322694,0,-1.6425895230277103,0.6053614738223415,Champions
14537,58,1,355.56,35.556,0.0,5.876502528638301,4.07753744390572,0,-0.6923268933849244,-0.1896908013633349,Champions
14538,65,2,388.25,20.43421052631579,0.0,5.964221810714108,4.189654742026425,0,-0.6198565902357737,-0.0366189482052617,Champions
14539,16,2,537.48,16.79625,0.0,6.288750355702458,2.833213344056216,2,0.0837346515046613,-0.8062270089799749,Potential Loyalists
14540,10,3,996.26,13.108684210526317,0.0,6.905011518311074,2.3978952727983707,2,0.6331812739494481,-0.9113134839767248,Potential Loyalists
14541,59,8,1461.65,13.16801801801802,0.0,7.288005137949238,4.0943445622221,2,0.5112986048168918,0.5270153445902741,Potential Loyalists
14542,186,1,103.25,20.65,0.0,4.646791860678911,5.231108616854587,0,-1.7537197430248042,0.3390128426104791,Champions
14543,29,16,3630.33,50.42125,0.0,8.19735425133861,3.4011973816621555,1,1.8319338132136656,0.8266210079050479,Loyal Customers
14544,24,2,2024.45,17.758333333333333,0.0,7.613547177075161,3.218875824868201,2,0.5716768825946678,-0.4004928192390338,Potential Loyalists
14546,5,5,2578.09,6.4613784461152886,0.0,7.855191902519445,1.791759469228055,1,1.4885232972427087,-1.0003115034880552,Loyal Customers
14547,4,8,4007.54,10.949562841530057,0.0,8.29618236422828,1.6094379124341005,1,2.001062886619618,-0.828288555971833,Loyal Customers
14548,151,2,652.8,163.2,0.0,6.48280149429011,5.0238805208462765,0,-0.7039014829911403,0.5314289130683593,Champions
14549,311,1,289.24,5.165,0.0,5.670708166926771,5.7430031878094825,0,-1.4626696546379223,0.7806634136869525,Champions
14550,11,2,765.62,15.950416666666667,0.0,6.641991241831287,2.4849066497880004,2,0.3954434188189234,-0.9682441931879352,Potential Loyalists
14551,18,2,186.23,18.623,0.0,5.232337807614061,2.9444389791664403,2,-0.4739280094040086,-0.87895776770366,Potential Loyalists
14552,152,1,165.07,2.8460344827586206,0.0,5.112409386218662,5.030437921392435,0,-1.4468825744974811,0.2802426628635516,Champions
14553,19,5,859.27,7.604159292035398,0.0,6.757246293462842,2.995732273553991,2,0.4708134139536427,-0.4240401208771778,Potential Loyalists
14554,10,4,2381.04,11.023333333333332,0.0,7.775712542385502,2.3978952727983707,1,1.1309223265422246,-0.7221121151530174,Loyal Customers
14555,57,2,324.14,15.435238095238097,0.0,5.784255858806078,4.060443010546419,0,-0.6552162971174186,-0.137746524496209,Champions
14557,85,1,788.38,49.27375,0.0,6.671247827209794,4.454347296253507,2,-0.4581614433770475,0.1408242287077848,Potential Loyalists
14560,7,22,2237.77,30.240135135135134,0.0,7.71368188689169,2.079441541679836,1,2.579270916702286,0.4172839917919388,Loyal Customers
14561,76,3,1080.76,15.6631884057971,0.0,6.986344623342368,4.343805421853684,2,-0.1106531591547033,0.2648815665120659,Potential Loyalists
14562,4,18,5074.77,11.997092198581562,0.0,8.532233516538977,1.6094379124341005,1,2.865816826003651,-0.0536462556293131,Loyal Customers
14565,96,4,3099.12,24.40251968503937,0.0,8.039196099401456,4.574710978503383,2,0.3825715581937719,0.6164062870019411,Potential Loyalists
14566,111,1,1432.0,358.0,0.0,7.267525427828172,4.718498871295094,2,-0.2750018663458614,0.377685572566202,Potential Loyalists
14567,57,2,1530.36,46.374545454545455,0.0,7.3339115084475965,4.060443010546419,2,0.0971426090984066,0.0666625472419438,Potential Loyalists
14569,1,1,227.39,18.949166666666667,0.0,5.431054693986231,0.6931471805599453,2,0.4537864870092659,-2.2754657427606104,Potential Loyalists
14570,281,2,218.06,7.519310344827586,0.0,5.3893456648956,5.641907070938114,0,-1.483560240728667,0.757350906936146,Champions
14572,3,7,2832.84,10.492,0.0,7.949387961352689,1.3862943611198906,1,1.847504796536057,-1.0820311151246171,Loyal Customers
14573,180,9,1653.42,7.035829787234043,0.0,7.411205773215894,5.198497031265826,2,0.2016536240136892,1.2789284325431862,Potential Loyalists
14576,372,1,35.400000000000006,35.400000000000006,,3.594568774642695,5.921578419643816,0,-2.5425218418102933,0.6137622275991871,Champions
14577,13,4,859.71,6.989512195121952,0.0,6.757757630038034,2.6390573296152584,2,0.5396252632300568,-0.711947071476702,Potential Loyalists
14578,3,1,168.63,7.02625,0.0,5.133619594507631,1.3862943611198906,2,0.0303567134378919,-1.899551633660358,Potential Loyalists
14581,17,1,138.6,8.152941176470588,0.0,4.938781190328272,2.8903717578961645,2,-0.6697004100015403,-1.0244128115460205,Potential Loyalists
14582,41,1,114.11,19.01833333333333,0.0,4.74588819292697,3.737669618283368,0,-1.1044279257923302,-0.5423832743337476,Champions
14583,6,5,1052.55,3.1895454545454545,0.0,6.959920692962816,1.9459101490553128,2,0.9918154900614844,-1.0260775749787474,Potential Loyalists
14584,169,4,1042.26,10.4226,0.0,6.9501057048558685,5.135798437050262,0,-0.3720470758257616,0.8088014978919447,Champions
14585,50,1,157.05,5.415517241379311,0.0,5.062911438661627,3.9318256327243257,0,-1.028669980166655,-0.3842798303380429,Champions
14586,277,1,237.36,12.492631578947368,0.0,5.473782135878778,5.627621113690637,0,-1.511830589026358,0.6855817153070516,Champions
14587,19,9,1601.14,4.180522193211488,0.0,7.379095514571502,2.995732273553991,2,1.0727820231871683,-0.0446121168014677,Potential Loyalists
14589,372,1,39.75,13.25,0.0,3.707455839686872,5.921578419643816,0,-2.487715092451364,0.6286527229052008,Champions
14591,15,4,1447.14,7.345888324873097,0.0,7.278035253354833,2.772588722239781,2,0.7384676557928943,-0.563343120583442,Potential Loyalists
14592,35,3,570.46,3.4784146341463416,0.0,6.3481944895342695,3.58351893845611,2,-0.1144238994691027,-0.2746538028017763,Potential Loyalists
14593,22,3,617.99,4.065723684210527,0.0,6.428089117465248,3.1354942159291497,2,0.1047163334069368,-0.5324512922947788,Potential Loyalists
14594,7,2,379.83,7.166603773584906,0.0,5.942353081326715,2.079441541679836,2,0.2189876592862928,-1.3033765420540715,Potential Loyalists
14595,20,6,1740.6,17.064705882352943,0.0,7.462559509920338,3.044522437723423,2,0.8686181999789739,-0.2274324548865222,Potential Loyalists
14597,11,2,883.15,16.05727272727273,0.0,6.784626731500986,2.4849066497880004,2,0.4646930492257031,-0.9494296984664502,Potential Loyalists
14598,44,1,221.97,4.4394,0.0,5.40703723326228,3.80666248977032,0,-0.811212526171167,-0.4138516683852831,Champions
14600,306,1,393.33,15.733200000000002,0.0,5.977188122189173,5.726847747587197,0,-1.307370085334891,0.811413996312707,Champions
14601,11,1,213.96,30.56571428571429,0.0,5.370451964307236,2.4849066497880004,2,-0.2969048873302048,-1.2103185827525624,Potential Loyalists
14603,275,1,660.0,330.0,0.0,6.493753839851686,5.62040086571715,0,-1.013727115997192,0.8157977970049441,Champions
14606,1,93,12156.65,4.502462962962963,0.0,9.405713880264752,0.6931471805599453,3,9.284874953598868,5.089068657954607,At-Risk / Lost Customers
14607,16,14,16569.5,192.6686046511628,0.0,9.71537928498044,2.833213344056216,1,2.647546530163952,0.537973183757894,Loyal Customers
14608,4,4,1785.15,89.25750000000001,0.0,7.48781774447192,1.6094379124341005,1,1.3085409203538685,-1.2323190835251088,Loyal Customers
14609,72,4,601.56,150.39,70.0,6.401187245468788,4.290459441148391,2,-0.2982580797273215,0.2300957114521034,Potential Loyalists
14616,243,3,406.08,135.36,36.5,6.009009726323731,5.497168225293202,0,-1.049433516087766,0.8267503214151088,Champions
14618,9,3,553.44,34.59,0.0,6.317958595345153,2.302585092994046,2,0.3865335640635953,-1.0458336208751708,Potential Loyalists
14619,246,1,394.44,19.722,0.0,5.979999068998704,5.5093883366279774,0,-1.2184675764996262,0.6815415050674237,Champions
14620,206,2,412.78,15.876153846153848,0.0,6.0253344316155975,5.332718793265369,0,-1.0503242086053222,0.6560591485309424,Champions
14621,1,5,1788.36,19.43869565217392,0.0,7.489613293002015,0.6931471805599453,1,1.7532785082100055,-1.7065269719778382,Loyal Customers
14622,185,1,320.58000000000004,15.265714285714289,0.0,5.773246346316266,5.225746673713202,0,-1.2046668611065283,0.4843876525502144,Champions
14623,32,5,889.25,6.6361940298507465,0.0,6.791502322157887,3.49650756146648,2,0.2858587847002109,-0.1195914899291121,Potential Loyalists
14624,57,2,225.85,17.373076923076923,0.0,5.424289006109973,4.060443010546419,0,-0.8299804569041712,-0.185228357142795,Champions
14625,196,2,899.63,16.974150943396225,0.0,6.803094518438584,5.2832037287379885,0,-0.6527889634242079,0.7289943401398479,Champions
14626,24,4,2791.27,22.87926229508197,0.0,7.934610164077709,3.218875824868201,2,0.8775833760971677,-0.2094415032506947,Potential Loyalists
14628,91,2,671.96,27.99833333333333,0.0,6.511685892514335,4.5217885770490405,0,-0.4877621152880082,0.2345203045924637,Champions
14629,4,2,959.01,6.309276315789473,0.0,6.866943701074296,1.6094379124341005,2,0.8570759484158585,-1.4629173141771858,Potential Loyalists
14631,51,3,1006.98,24.56048780487805,0.0,6.915703607164632,3.951243718581428,2,0.0130754003024837,0.0204460480485069,Potential Loyalists
14632,263,1,114.56,14.32,0.0,4.749789875598035,5.575949103146316,0,-1.8425288893145189,0.5591347114610824,Champions
14633,266,1,344.90000000000003,17.245,0.0,5.846149715943123,5.58724865840025,0,-1.3147940271735044,0.7105189481408201,Champions
14636,36,2,609.85,21.780357142857145,0.0,6.414851429850069,3.610917912644224,2,-0.1681063969046773,-0.3238018085254657,Potential Loyalists
14638,51,1,443.6,27.725,0.0,6.097175001530096,3.951243718581428,2,-0.5343510004132876,-0.23622402998528,Potential Loyalists
14639,52,6,2984.49,17.35168604651163,0.0,8.001519166458744,3.970291913552122,2,0.7576170910096736,0.3981320454773713,Potential Loyalists
14640,24,6,2125.08,20.047924528301888,0.0,7.662035187544821,3.218875824868201,2,0.8952782213944495,-0.0966946706505692,Potential Loyalists
14641,22,1,110.46,15.78,0.0,4.713665782141391,3.1354942159291497,0,-0.8776675877550729,-0.907295372477534,Champions
14642,59,1,96.12,48.06,0.0,4.575947327311188,4.0943445622221,0,-1.3305130243233751,-0.3511756871159773,Champions
14643,170,2,693.8100000000001,22.38096774193549,0.0,6.54363842689435,5.14166355650266,0,-0.7217784030878436,0.6099976371127553,Champions
14644,68,2,830.76,31.95230769230769,0.0,6.723543937669715,4.23410650459726,2,-0.2690991204353394,0.090163848125186,Potential Loyalists
14645,157,2,597.09,19.903,0.0,6.393741244298632,5.062595033026967,0,-0.7627247358936031,0.5428686581021673,Champions
14646,2,74,280206.02,134.7144326923077,0.0,12.5432839661044,1.0986122886681098,3,9.219661590624732,4.333118315612151,At-Risk / Lost Customers
14647,201,1,243.22,8.107333333333333,0.0,5.498069458404876,5.308267697401205,0,-1.3714840841814937,0.4975145689386943,Champions
14649,5,4,1417.29,7.122060301507537,0.0,7.257207199581212,1.791759469228055,1,1.1231862100887675,-1.1535399191823437,Loyal Customers
14651,67,2,654.6,6.41764705882353,0.0,6.485550846869675,4.219507705176107,2,-0.3787682195965949,0.0500274221847254,Potential Loyalists
14652,77,1,114.18,3.937241379310345,0.0,4.7464961220785264,4.356708826689592,0,-1.353325603706046,-0.1715410567615995,Champions
14653,1,7,1947.55,8.217510548523206,0.0,7.5748407852142225,0.6931471805599453,1,1.9446867033657904,-1.5465838022309903,Loyal Customers
14655,8,4,1932.23,39.43326530612245,0.0,7.566947458162128,2.19722457733622,1,1.1103462644142528,-0.8698374916818373,Loyal Customers
14656,169,2,291.05,3.638125,0.0,5.676925020486318,5.135798437050262,0,-1.1402073800671035,0.4921600259555546,Champions
14657,18,4,848.22,6.7319047619047625,0.0,6.744318281129723,2.9444389791664403,2,0.4101697601755842,-0.5308171409441225,Potential Loyalists
14658,5,2,247.15,8.522413793103448,0.0,5.51403340203345,1.791759469228055,2,0.1268439193257556,-1.5321763614273356,Potential Loyalists
14659,9,9,2529.93,9.999723320158102,0.0,7.836342103110113,2.302585092994046,1,1.5738003869319308,-0.3994461116586583,Loyal Customers
14660,87,2,285.74,9.524666666666668,0.0,5.6585758818181215,4.477336814478207,0,-0.8840536685112361,0.0953663119513147,Champions
14661,27,1,107.95,26.9875,0.0,4.690889061390629,3.332204510175204,0,-0.9679109840343452,-0.7924837869025342,Champions
14662,29,4,771.17,4.590297619047619,0.0,6.649204733036604,3.4011973816621555,2,0.1801250078292469,-0.269796244948301,Potential Loyalists
14664,20,2,637.89,6.443333333333333,0.0,6.459732295584099,3.044522437723423,2,0.0816845074746538,-0.6571137897369296,Potential Loyalists
14665,61,5,1835.7,20.39666666666667,0.0,7.5157257621344895,4.127134385045092,2,0.3836123773029877,0.3536402323558921,Potential Loyalists
14666,24,1,195.25,13.946428571428571,0.0,5.279389356662517,3.218875824868201,2,-0.6365734723981868,-0.7827331030872412,Potential Loyalists
14667,11,25,9241.2,16.127748691099477,0.0,9.131535231533652,2.4849066497880004,1,3.3294659342802166,1.070205034737855,Loyal Customers
14669,242,3,1269.99,7.470529411764706,0.0,7.147551403337889,5.493061443340548,0,-0.4950175565542229,0.9744712613955024,Champions
14670,280,2,411.53,3.1176515151515147,0.0,6.022308930402963,5.638354669333745,0,-1.174826119597282,0.8387149936060388,Champions
14672,235,2,765.5500000000001,12.55,0.0,6.641899927756463,5.4638318050256105,0,-0.8037604724374586,0.8159156153383008,Champions
14673,3,5,1736.4,23.464864864864865,0.0,7.46014502182582,1.3862943611198906,1,1.4599468179711186,-1.2952663969433107,Loyal Customers
14675,16,1,604.75,5.928921568627451,0.0,6.406467359696635,2.833213344056216,2,0.0658712456998833,-0.8650499858986822,Potential Loyalists
14676,31,6,2548.24,60.67238095238096,0.0,7.843550554514272,3.4657359027997265,2,0.884031095608681,0.0751005733924617,Potential Loyalists
14680,25,16,28754.11,111.45003875968992,0.0,10.266570769562204,3.258096538021482,1,2.894144805737661,1.013855749959659,Loyal Customers
14681,71,3,498.95,71.27857142857142,0.0,6.214508093421858,4.276666119016055,0,-0.4583535625563546,0.1228597632237299,Champions
14682,188,2,52.0,26.0,13.0,3.970291913552122,5.241747015059643,0,-2.011428311586347,0.330500597689526,Champions
14684,26,5,1236.28,2.9365320665083137,0.0,7.1206707008607255,3.295836866004329,2,0.5264497966107069,-0.1963601478868908,Potential Loyalists
14687,107,1,628.38,41.892,0.0,6.444735207830545,4.68213122712422,0,-0.6598273834000873,0.2473727784839095,Champions
14688,8,21,5630.87,17.219785932721713,0.0,8.636196815185112,2.19722457733622,1,2.9047241747485515,0.535162750439865,Loyal Customers
14689,209,1,112.8,8.676923076923078,0.0,4.73444252169223,5.3471075307174685,0,-1.7578603849702654,0.4200498950772308,Champions
14690,44,2,371.7,7.434,0.0,5.9207738064852125,3.80666248977032,2,-0.4867779651610147,-0.2717360970153218,Potential Loyalists
14691,31,5,2114.33,29.779295774647885,0.0,7.656966107678013,3.4657359027997265,2,0.7184291217164458,-0.0238616287194115,Potential Loyalists
14692,137,4,591.55,8.699264705882353,0.0,6.384435257634458,4.927253685157205,0,-0.5627312588021575,0.6092820982124064,Champions
14693,265,1,172.9,21.6125,0.0,5.158480421360237,5.583496308781699,0,-1.6471474528199446,0.6175637561907085,Champions
14696,4,7,2078.95,15.991923076923076,0.0,7.640099133944896,1.6094379124341005,1,1.6075189236373215,-0.9891805232730366,Loyal Customers
14697,218,2,188.61,8.57318181818182,0.0,5.2449693310461125,5.389071729816501,0,-1.4518767596490387,0.5868757560086287,Champions
14698,2,5,1250.76,5.956,0.0,7.132305839993802,1.0986122886681098,1,1.4165864300949322,-1.5108122232642518,Loyal Customers
14699,214,1,109.13,13.64125,0.0,4.701661486176853,5.3706380281276624,0,-1.7832477490462846,0.42981902978092,Champions
14700,32,3,2235.3,19.437391304347827,0.0,7.712577993432672,3.49650756146648,2,0.5830114821386865,-0.1467971088638641,Potential Loyalists
14701,11,9,2549.37,7.610059701492537,0.0,7.843993725665985,2.4849066497880004,1,1.50412212629239,-0.2892387080878156,Loyal Customers
14702,1,17,3292.14,9.48743515850144,0.0,8.099596795897188,0.6931471805599453,1,2.949607054245437,-0.733859562768756,Loyal Customers
14703,15,1,318.17,14.462272727272728,0.0,5.765723876196384,2.772588722239781,2,-0.2208058616536365,-0.985877966315549,Potential Loyalists
14704,11,9,1546.91,3.727493975903615,0.0,7.3446609129246205,2.4849066497880004,1,1.261695695027696,-0.3551037644727451,Loyal Customers
14705,199,1,179.0,179.0,,5.19295685089021,5.298317366548036,0,-1.5156109863140348,0.4513087814896643,Champions
14708,3,3,1126.37,40.227500000000006,0.0,7.027642765394543,1.3862943611198906,2,1.099936480897768,-1.5010172351283224,Potential Loyalists
14709,15,13,4921.04,25.10734693877551,0.0,8.501478357695712,2.772588722239781,1,2.007585987411691,0.2671916551946333,Loyal Customers
14710,14,4,606.13,4.360647482014389,0.0,6.408742936168337,2.70805020110221,2,0.3424054604621062,-0.7166622492638104,Potential Loyalists
14711,10,11,2868.8,8.035854341736695,0.0,7.961997619914306,2.3978952727983707,1,1.746469519921282,-0.1770859771544948,Loyal Customers
14712,29,3,917.07,36.6828,0.0,6.822273640436711,3.4011973816621555,2,0.1891349900013931,-0.3213179667805875,Potential Loyalists
14713,9,11,2666.36,7.865368731563422,0.0,7.888844498199721,2.302585092994046,1,1.749320524452033,-0.2438195826615915,Loyal Customers
14714,24,1,160.19,16.019,0.0,5.08258379340884,3.218875824868201,2,-0.7321227115733411,-0.8086929623029933,Potential Loyalists
14715,25,4,867.38,12.21661971830986,0.0,6.766629406877568,3.258096538021482,2,0.2947396891725101,-0.3400148017789249,Potential Loyalists
14716,43,2,329.68,5.9941818181818185,0.0,5.801151140384475,3.784189633918261,2,-0.5358084564599949,-0.300974758672753,Potential Loyalists
14719,2,5,1602.13,6.760042194092828,0.0,7.379713247262653,1.0986122886681098,1,1.536702900076857,-1.4781776708895562,Loyal Customers
14720,6,3,663.81,17.94081081081081,0.0,6.499501285546037,1.9459101490553128,2,0.6182513565786069,-1.2355108563696675,Potential Loyalists
14722,147,1,187.92,6.48,0.0,5.241323645027916,4.997212273764115,0,-1.3709197022889583,0.2773473591001801,Champions
14723,10,6,1158.3,4.166546762589928,0.0,7.055571653676355,2.3978952727983707,2,0.931323607154788,-0.6684019676840386,Potential Loyalists
14725,25,1,718.08,13.80923076923077,0.0,6.577972617178215,3.258096538021482,2,-0.021898596467098,-0.5879515001180601,Potential Loyalists
14727,274,1,268.58,26.858,0.0,5.596865192310124,5.616771097666572,0,-1.4477060293705926,0.6953187088950068,Champions
14729,374,1,313.49,4.415352112676056,0.0,5.750952279132591,5.926926025970411,0,-1.4977488027499954,0.9014052689796372,Champions
14730,1,8,2005.06,4.0021157684630735,0.0,7.60392787834377,0.6931471805599453,1,2.033823601423868,-1.4683964657351345,Loyal Customers
14731,47,3,380.02,8.444888888888888,0.0,5.942851867187289,3.871201010907891,2,-0.4270237924314768,-0.1558191471478167,Potential Loyalists
14732,8,8,2702.49,18.38428571428572,0.0,7.902298809906397,2.19722457733622,1,1.5732199568654464,-0.528200311358024,Loyal Customers
14733,16,12,9585.91,47.455,0.0,9.168153905320404,2.833213344056216,1,2.2318380361936034,0.3170896629465731,Loyal Customers
14735,4,32,6065.6900000000005,31.26644329896908,0.0,8.710568430543226,1.6094379124341005,1,4.002609866819991,1.0107852023932755,Loyal Customers
14737,4,3,1164.55,68.50294117647059,0.0,7.060948357598531,1.6094379124341005,2,1.0262804393227791,-1.3629763409591171,Potential Loyalists
14738,43,7,1314.45,24.34166666666667,0.0,7.181934091396172,3.784189633918261,2,0.5096381055525241,0.2529118235573022,Potential Loyalists
14739,4,7,3902.28,65.038,0.0,8.269572504294867,1.6094379124341005,1,1.913128687018011,-0.90614913023621,Loyal Customers
14740,197,3,1448.21,16.272022471910113,0.0,7.278773859355933,5.288267030694535,0,-0.3488694361332375,0.8691225000672944,Champions
14741,12,6,1400.34,23.734576271186445,0.0,7.245184200691345,2.5649493574615367,2,0.9561333893749508,-0.5433369723381664,Potential Loyalists
14744,16,7,1099.98,42.30692307692308,0.0,7.00395597125342,2.833213344056216,2,0.8060429497195937,-0.3401341539195359,Potential Loyalists
14745,113,5,1220.26,17.684927536231886,0.0,7.107638391655096,4.736198448394496,2,-0.0596916836099516,0.6645986089448636,Potential Loyalists
14747,249,1,328.2,18.23333333333333,0.0,5.796665468802915,5.521460917862246,0,-1.31233595831645,0.6645893284351005,Champions
14748,29,5,1415.75,15.907303370786517,0.0,7.256120795049728,3.4011973816621555,2,0.5497982760864935,-0.1153897282879813,Potential Loyalists
14752,44,1,389.64,77.92800000000001,0.0,5.967786419753405,3.80666248977032,2,-0.5389684023185737,-0.3398854161310544,Potential Loyalists
14753,87,1,563.15,18.771666666666665,0.0,6.335320173584455,4.477336814478207,0,-0.6305089335007606,0.1102824582992748,Champions
14754,45,2,638.05,15.562195121951218,0.0,6.459982698577723,3.828641396489095,2,-0.2338392283676741,-0.187447283860931,Potential Loyalists
14755,10,11,5010.28,21.32034042553192,0.0,8.519446650469105,2.3978952727983707,1,2.017111415749107,-0.1035550356815301,Loyal Customers
14756,15,1,738.96,19.446315789473687,0.0,6.606596130683188,2.772588722239781,2,0.1874382084397902,-0.8749617656552431,Potential Loyalists
14757,75,1,420.5,22.13157894736842,0.0,6.04381977744191,4.330733340286331,0,-0.7130176848439888,-0.0159736553707505,Champions
14758,145,4,1484.06,20.90225352112676,0.0,7.303210454460983,4.983606621708336,2,-0.1393500021629753,0.7642257180518081,Potential Loyalists
14759,5,3,1625.97,15.940882352941175,0.0,7.394474668204541,1.791759469228055,1,1.1148145685916293,-1.2097840700710103,Loyal Customers
14760,297,1,89.2,17.84,0.0,4.502029427068578,5.697093486505405,0,-2.011583157564401,0.5990107675232433,Champions
14761,59,2,255.9,23.263636363636365,0.0,5.548686904115838,4.0943445622221,0,-0.7832321827189467,-0.1485148082069719,Champions
14762,264,1,300.52,14.310476190476187,0.0,5.70883634895888,5.579729825986222,0,-1.3784330743604802,0.6879032090749599,Champions
14764,47,1,278.3,46.38333333333333,0.0,5.632286472951131,3.871201010907891,0,-0.7278336972734913,-0.3454857663531258,Champions
14765,29,3,254.11,6.515641025641026,0.0,5.541694824693056,3.4011973816621555,2,-0.432586924385799,-0.4902341560477042,Potential Loyalists
14766,8,6,2473.37,18.321259259259257,0.0,7.813741097146052,2.19722457733622,1,1.3801949372947455,-0.6885827575925778,Loyal Customers
14768,17,2,192.6,38.52,0.0,5.265794174842477,2.8903717578961645,2,-0.4359202824444522,-0.9069272251978264,Potential Loyalists
14769,3,8,10674.75,9.79334862385321,0.0,9.275730093240115,1.3862943611198906,1,2.566459926966355,-0.8327278934051755,Loyal Customers
14770,232,2,876.4200000000001,16.85423076923077,0.0,6.7769857830927895,5.4510384535657,0,-0.7330262602160643,0.8260719269791134,Champions
14772,112,1,139.26,15.473333333333333,0.0,4.943497843108764,4.727387818712341,0,-1.4068971164815671,0.0764559694479271,Champions
14775,58,3,1011.9,16.865,0.0,6.920572782692752,4.07753744390572,2,-0.0353998639645914,0.0967296015264758,Potential Loyalists
14776,51,11,2538.3,21.6948717948718,0.0,7.839643731479347,3.951243718581428,2,1.061769730863265,0.7371239755675332,Potential Loyalists
14778,127,2,730.86,20.881714285714285,0.0,6.595589238838791,4.852030263919617,0,-0.5799650230270801,0.4433797901315588,Champions
14779,281,3,386.15,9.418292682926827,0.0,5.958812214832733,5.641907070938114,0,-1.1320687368849065,0.906817603577566,Champions
14780,55,2,447.68,16.58074074074074,0.0,6.106309938777023,4.02535169073515,2,-0.4847328839922082,-0.1162829125555501,Potential Loyalists
14782,320,1,200.1,33.35,0.0,5.303802296778606,5.771441123130016,0,-1.65225033857173,0.749298654930898,Champions
14784,26,2,289.99,19.332666666666668,0.0,5.673288902319859,3.295836866004329,2,-0.401300364817292,-0.6103303845094582,Potential Loyalists
14785,10,2,77.4,25.8,2.0,4.361823927356363,2.3978952727983707,2,-0.6765531814420692,-1.321126074854579,Potential Loyalists
14788,7,2,679.44,22.648000000000003,0.0,6.522739647741382,2.079441541679836,2,0.5007657448829925,-1.2268199991101214,Potential Loyalists
14789,29,1,197.64,32.94,0.0,5.291494141199912,3.4011973816621555,2,-0.7040897197682667,-0.6719383001756787,Potential Loyalists
14790,17,4,745.06,16.19695652173913,0.0,6.61480602592395,2.8903717578961645,2,0.3690561064913507,-0.5802831579106622,Potential Loyalists
14792,64,1,6.2,3.1,0.0,1.9740810260220096,4.174387269895637,0,-2.625941951129656,-0.6464376965021373,Champions
14793,21,1,228.99,16.356428571428573,0.0,5.438035829717119,3.091042453358316,2,-0.5080914648314723,-0.8383700834592981,Potential Loyalists
14794,3,7,1319.91,16.498875,0.0,7.186076171996967,1.3862943611198906,1,1.47691638673407,-1.1827166153808095,Loyal Customers
14795,166,1,131.45000000000002,21.90833333333333,0.0,4.886205215718078,5.117993812416755,0,-1.591950283291834,0.302844920843191,Champions
14796,1,17,8022.49,7.031104294478528,0.0,8.990128768299758,0.6931471805599453,1,3.381960952262722,-0.6163929411524858,Loyal Customers
14798,53,3,173.74,14.478333333333332,0.0,5.163299154869948,3.9889840465642745,0,-0.8529104753387563,-0.1881029646061184,Champions
14799,51,1,157.7,12.13076923076923,0.0,5.067015627532364,3.951243718581428,0,-1.0344940999646004,-0.37210836108164,Champions
14800,48,12,4339.74,11.272051948051947,0.0,8.375800119472242,3.8918202981106265,1,1.4210098906915145,0.8466063046186039,Loyal Customers
14801,61,1,193.14,3.273559322033898,0.0,5.26857954828408,4.127134385045092,0,-1.007439063344035,-0.2401743999117042,Champions
14803,162,3,845.5500000000001,19.217045454545456,0.0,6.741169266574241,5.093750200806762,0,-0.531574535224389,0.6817069216426955,Champions
14804,9,1,353.27,29.439166666666665,0.0,5.8700593342813,2.302585092994046,2,0.0190479704278954,-1.253615418276974,Potential Loyalists
14805,15,4,554.65,11.801063829787234,0.0,6.320138599631656,2.772588722239781,2,0.2734081576845995,-0.6896955562706428,Potential Loyalists
14806,75,1,193.39,17.580909090909092,0.0,5.269866450374021,4.330733340286331,0,-1.0887725686787275,-0.1180628396299756,Champions
14808,40,8,2741.17,11.664553191489365,0.0,7.91650485674164,3.713572066704308,2,0.9697147632882694,0.3818616981278331,Potential Loyalists
14810,41,11,2087.88,8.187764705882353,0.0,7.644383316153618,3.737669618283368,2,1.0529444312915468,0.5834516930865628,Potential Loyalists
14813,370,2,155.43,5.181,0.0,5.052608625573679,5.916202062607435,0,-1.757463135974653,0.8772171159829865,Champions
14815,37,2,778.5,14.68867924528302,0.0,6.658652688497831,3.6375861597263857,2,-0.0604759569290678,-0.2756704783255568,Potential Loyalists
14816,197,1,271.85,67.9625,0.0,5.608922193632241,5.288267030694535,0,-1.3096137804019223,0.5001576961036768,Champions
14817,200,2,1110.34,17.624444444444443,0.0,7.0133217734248765,5.303304908059076,0,-0.5588151675870305,0.7687638304424627,Champions
14818,74,3,657.8,13.704166666666666,0.0,6.490419998303485,4.31748811353631,2,-0.3408309401811238,0.183703808294644,Potential Loyalists
14819,64,2,272.07,20.928461538461537,0.0,5.609728172573878,4.174387269895637,0,-0.7858176142672209,-0.0925229989899814,Champions
14820,21,4,507.29,17.492758620689656,0.0,6.231052150838124,3.091042453358316,2,0.101963797751812,-0.5107146612587795,Potential Loyalists
14821,367,1,48.8,24.4,0.0,3.9080149840306073,5.908082938168931,0,-2.3849109115918448,0.6470248346639598,Champions
14823,180,3,321.43,4.591857142857143,0.0,5.775886058412575,5.198497031265826,0,-1.0423858094954417,0.6171163213908687,Champions
14824,10,4,1127.71,38.88655172413793,0.0,7.028830666672488,2.3978952727983707,2,0.7683106513524126,-0.8206304091674745,Potential Loyalists
14825,4,12,2226.9100000000003,18.40421487603306,0.0,7.708819205258206,1.6094379124341005,1,2.0159580361015363,-0.608363071183782,Loyal Customers
14828,197,3,2139.76,125.86823529411764,0.0,7.668916185155464,5.288267030694535,2,-0.1594550629626984,0.9205846624392344,Potential Loyalists
14829,29,4,697.55,16.60833333333333,0.0,6.549006758096496,3.4011973816621555,2,0.1314788206273231,-0.2830129715496515,Potential Loyalists
14830,53,1,197.13,4.92825,0.0,5.288923380906168,3.9889840465642745,0,-0.941950013204896,-0.320233501261527,Champions
14834,18,6,1720.3,25.67611940298508,0.0,7.45083509827746,2.9444389791664403,2,0.9032143589157352,-0.2889221038774132,Potential Loyalists
14836,10,3,102.45,17.075,0.0,4.639088404191552,2.3978952727983707,2,-0.4669259893012538,-1.210202621375954,Potential Loyalists
14837,90,4,1649.5,15.273148148148149,0.0,7.408833551293248,4.51085950651685,2,0.1022333634736428,0.4950149536129478,Potential Loyalists
14840,268,1,62.85,15.7125,0.0,4.156536582478548,5.594711379601839,0,-2.1381064915539536,0.4921182852114927,Champions
14841,53,6,3295.76,23.88231884057971,0.0,8.10069544697357,3.9889840465642745,2,0.7982427691431631,0.4224093099692115,Potential Loyalists
14842,44,4,2824.69,19.48062068965517,0.0,7.946507861544517,3.80666248977032,2,0.6467475290644071,0.1441717738605332,Potential Loyalists
14844,64,4,3189.81,24.537,0.0,8.068030082042343,4.174387269895637,2,0.5577198770639368,0.3804432213353111,Potential Loyalists
14847,149,1,309.40000000000003,23.800000000000004,0.0,5.737861788309064,5.010635294096256,0,-1.1352534913703998,0.3508832500047222,Champions
14849,22,25,7930.54,20.439536082474227,0.0,8.978602495018041,3.1354942159291497,1,2.993324435572115,1.439689600567106,Loyal Customers
14850,312,1,325.75,15.511904761904765,0.0,5.789195352504331,5.746203190540153,0,-1.40643219666139,0.7982091813498511,Champions
14851,23,2,511.35,18.2625,0.0,6.239007985245727,3.1780538303479458,2,-0.079230059153786,-0.6062525324863952,Potential Loyalists
14852,58,6,2836.69,19.83699300699301,0.0,7.950745619900337,4.07753744390572,2,0.6897950537324788,0.4556674207686378,Potential Loyalists
14853,24,2,475.8,52.86666666666667,0.0,6.16709711575114,3.218875824868201,2,-0.1305756380122799,-0.591288441749902,Potential Loyalists
14854,78,7,2759.83,21.73094488188976,0.0,7.923286638140286,4.3694478524670215,2,0.6339709204753632,0.701230297208667,Potential Loyalists
14855,119,2,645.65,32.2825,0.0,6.471805189861254,4.787491742782046,0,-0.6140824305759525,0.3883977682225968,Champions
14856,36,3,1311.38,19.86939393939394,0.0,7.179597561714504,3.610917912644224,2,0.2781934811085935,-0.1485765389517893,Potential Loyalists
14857,60,2,1173.12,19.552000000000003,0.0,7.068274209815247,4.110873864173311,2,-0.0521253115779598,0.0618279829772573,Potential Loyalists
14859,13,4,1353.74,23.340344827586208,0.0,7.211364832983292,2.6390573296152584,2,0.75985187882589,-0.652113503090571,Potential Loyalists
14860,19,1,170.32,15.483636363636364,0.0,5.14353315274717,2.995732273553991,2,-0.6127058248298085,-0.9343010510576882,Potential Loyalists
14861,52,1,125.79,20.965,0.0,4.842532174539857,3.970291913552122,0,-1.1511487816864656,-0.3903105411443402,Champions
14862,26,2,841.2,17.525000000000002,0.0,6.736017515727827,3.295836866004329,2,0.114655123340893,-0.4701499712501969,Potential Loyalists
14863,29,1,266.76,24.25090909090909,0.0,5.590091056903071,3.4011973816621555,2,-0.5591207074913677,-0.6325515381057455,Potential Loyalists
14865,7,2,52.2,13.05,0.0,3.974058396347599,2.079441541679836,2,-0.7366207925938894,-1.5630066666929183,Potential Loyalists
14866,11,12,14389.9,145.35252525252525,0.0,9.574351341358597,2.4849066497880004,1,2.569257245679963,0.162057772027436,Loyal Customers
14867,186,3,710.28,19.73,0.0,6.567066163812884,5.231108616854587,0,-0.6713950324229504,0.7410099262725556,Champions
14868,3,8,2953.59,20.511041666666667,0.0,7.99111517232888,1.3862943611198906,1,1.9427784806857675,-1.0021764696648046,Loyal Customers
14869,9,2,725.7,10.22112676056338,0.0,6.58851373762259,2.302585092994046,2,0.4428731817327466,-1.0844963112296369,Potential Loyalists
14870,262,1,327.25,25.173076923076923,0.0,5.793775513182905,5.572154032177765,0,-1.3341454318790706,0.6945698241907855,Champions
14871,3,4,522.38,5.330408163265306,0.0,6.260307777673182,1.3862943611198906,2,0.8024098993797656,-1.5278828491354777,Potential Loyalists
14873,210,1,519.68,18.56,0.0,6.25513564959826,5.351858133476067,0,-1.0214751477524595,0.6234839180290636,Champions
14875,108,2,1465.32,31.17702127659574,0.0,7.290511139663592,4.691347882229144,2,-0.1778976241832432,0.4388065192443525,Potential Loyalists
14878,13,9,1485.54,11.98016129032258,0.0,7.304206550922399,2.6390573296152584,1,1.1800020676674328,-0.2681142580676955,Loyal Customers
14880,77,3,706.19,15.025319148936171,0.0,6.561299370951966,4.356708826689592,2,-0.322207164019438,0.2165437488394591,Potential Loyalists
14881,20,1,255.4,15.023529411764706,0.0,5.546738725046515,3.044522437723423,2,-0.4365896061278139,-0.8518938044785066,Potential Loyalists
14882,27,2,589.7,53.60909090909092,0.0,6.38130827431319,3.332204510175204,2,-0.0721961750721041,-0.4951565682436795,Potential Loyalists
14883,19,6,761.59,14.369622641509434,0.0,6.636720534303131,2.995732273553991,2,0.4873131671529804,-0.3655876359682659,Potential Loyalists
14885,132,1,765.3199999999999,51.02133333333333,0.0,6.6415998370746365,4.890349128221754,0,-0.6480671110163413,0.3980486706492142,Champions
14886,253,1,364.8,20.266666666666666,0.0,5.9020867359567655,5.537334267018537,0,-1.2675436397421802,0.6880020867161615,Champions
14887,79,1,1862.0,310.3333333333333,0.0,7.529943370601589,4.382026634673881,2,-0.0121516358732375,0.2107763142888729,Potential Loyalists
14888,207,1,369.2,18.46,0.0,5.914043400139397,5.337538079701318,0,-1.1813111692756866,0.5699150311091314,Champions
14889,336,1,135.9,13.59,0.0,4.919250732294404,5.820082930352362,0,-1.858531042263532,0.7277070545658353,Champions
14890,254,1,125.65,17.95,0.0,4.841427376447684,5.541263545158426,0,-1.7840762256738307,0.5504479888298885,Champions
14891,148,2,554.38,16.79939393939394,0.0,6.319652564141498,5.003946305945459,0,-0.7750859302050903,0.4979693424000344,Champions
14893,10,2,1237.85,16.956849315068496,0.0,7.121938808924836,2.3978952727983707,2,0.6634845319733315,-0.957050016433092,Potential Loyalists
14894,85,1,655.75,28.51086956521739,0.0,6.4873034285656495,4.454347296253507,0,-0.5474665781019463,0.116560835877913,Champions
14895,8,20,11138.71,22.366887550200804,0.0,9.31827148082645,2.19722457733622,1,3.1608568100188346,0.5507820057501673,Loyal Customers
14896,205,2,468.77,10.901627906976746,0.0,6.152243213225462,5.327876168789581,0,-0.9867605185178218,0.6698987942126866,Champions
14897,8,4,1366.38,24.84327272727273,0.0,7.220651779074644,2.19722457733622,2,0.9422194690156775,-0.9155160127943056,Potential Loyalists
14898,23,6,1303.52,11.237241379310344,0.0,7.173590436003909,3.1780538303479458,2,0.6745707527054557,-0.1855730999471284,Potential Loyalists
14901,11,9,1421.29,14.805104166666666,0.0,7.260023527685966,2.4849066497880004,1,1.2206041850539469,-0.3662679539847699,Loyal Customers
14902,26,1,332.66,16.633000000000003,0.0,5.810122510427528,3.295836866004329,2,-0.4098826458994814,-0.6666317642575113,Potential Loyalists
14903,21,5,2810.63,7.917267605633803,0.0,7.941519665325918,3.091042453358316,2,1.0074120712037888,-0.2107429488287931,Potential Loyalists
14904,2,2,1025.44,14.86144927536232,0.0,6.933851783703411,1.0986122886681098,2,1.0951915646448074,-1.760041241074431,Potential Loyalists
14905,158,2,616.15,36.24411764705882,0.0,6.425112106189937,5.068904202220232,0,-0.7500339021488747,0.5507854265521501,Champions
14907,3,7,3501.1,21.21878787878788,0.0,8.161118067549472,1.3862943611198906,1,1.9502999117915156,-1.0541026172827148,Loyal Customers
14908,74,1,277.8,30.866666666666667,0.0,5.630494678886369,4.31748811353631,0,-0.9083554745110284,-0.0784267498395217,Champions
14910,3,4,434.35,14.478333333333332,0.0,6.076150305274624,1.3862943611198906,2,0.7130013171974589,-1.552174347698621,Potential Loyalists
14911,1,201,143825.06,25.334694380834947,0.0,11.876359931772129,0.6931471805599453,3,18.586005489652276,13.444823646285942,At-Risk / Lost Customers
14912,17,2,867.85,32.14259259259259,0.0,6.767170498168263,2.8903717578961645,2,0.2929989769387722,-0.7088864923087755,Potential Loyalists
14913,36,4,1227.43,14.108390804597702,0.0,7.113492210280829,3.610917912644224,2,0.321114380478083,-0.0829456689419911,Potential Loyalists
14915,91,2,307.48,25.62333333333333,0.0,5.731657011422181,4.5217885770490405,0,-0.8664666848683571,0.1316297175450241,Champions
14916,71,4,1268.98,16.48025974025974,0.0,7.146756431297139,4.276666119016055,2,0.0692687541110848,0.3201795997114756,Potential Loyalists
14918,116,2,1610.15,35.78111111111112,0.0,7.384703488712166,4.762173934797756,2,-0.1606780392350042,0.4936510147715592,Potential Loyalists
14920,213,2,977.77,17.153859649122808,0.0,6.886296681323568,5.365976015021851,0,-0.645714050837368,0.7895441374407985,Champions
14921,30,2,1316.07,16.872692307692308,0.0,7.183164851431799,3.4339872044851463,2,0.2761333637406012,-0.3284259214420373,Potential Loyalists
14923,51,1,749.1,17.025000000000002,0.0,6.620206530975591,3.951243718581428,2,-0.2804188255452564,-0.1672329677138186,Potential Loyalists
14924,246,1,310.05,31.005000000000003,0.0,5.739953670961029,5.5093883366279774,0,-1.3350097858295156,0.6498780468021973,Champions
14929,32,1,223.88,20.35272727272727,0.0,5.415566926598276,3.49650756146648,2,-0.6822191918199351,-0.5984880791487226,Potential Loyalists
14930,109,3,2372.86,18.53796875,0.0,7.772272601231864,4.700480365792417,2,0.1273367371376368,0.5821741088290768,Potential Loyalists
14931,5,5,1257.68,30.67512195121952,0.0,7.137818831761513,1.791759469228055,1,1.1402381675824649,-1.0949374053892285,Loyal Customers
14932,366,1,363.53,21.384117647058822,0.0,5.89860885258863,5.905361848054571,0,-1.4173808217756407,0.907966611850088,Champions
14934,82,2,1890.94,21.73494252873564,0.0,7.5453580366354,4.418840607796598,2,0.0555279079257319,0.3092092188604328,Potential Loyalists
14935,297,1,1784.71,178.471,0.0,7.487571374232199,5.697093486505405,0,-0.5621004454863348,0.9928220366243544,Champions
14936,34,8,8137.02,22.35445054945055,0.0,9.004302186164907,3.555348061489413,1,1.5615338447619622,0.4305835015088408,Loyal Customers
14937,57,3,1621.88,47.70235294117647,0.0,7.391957627627685,4.060443010546419,2,0.200339134641791,0.1486697566462109,Potential Loyalists
14944,30,12,5900.25,34.707352941176474,0.0,8.682919471860496,3.4339872044851463,1,1.7544162243881047,0.6129066064552555,Loyal Customers
14946,14,1,100.9,33.63333333333333,0.0,4.623991940228679,2.70805020110221,2,-0.7491376832355874,-1.1751335493899278,Potential Loyalists
14947,72,2,290.82,20.77285714285714,0.0,5.676137173835876,4.290459441148391,0,-0.8003005865358302,-0.0142439753963027,Champions
14948,23,6,1101.97,17.491587301587302,0.0,7.005761820334205,3.1780538303479458,2,0.5930898419326757,-0.2077107222944412,Potential Loyalists
14950,19,1,371.2,19.53684210526316,0.0,5.91943134420815,2.995732273553991,2,-0.236006707966356,-0.8319553272728335,Potential Loyalists
14951,79,1,311.69,15.5845,0.0,5.745212284419341,4.382026634673881,0,-0.8786398316218075,-0.024640647352335,Champions
14952,60,11,8099.49,58.69195652173913,0.0,8.999679832658012,4.110873864173311,1,1.56070931997179,0.98574735117485,Loyal Customers
14953,25,1,289.82,5.269454545454545,0.0,5.67270451908534,3.258096538021482,2,-0.4614068938561287,-0.7073619069707916,Potential Loyalists
14954,12,1,336.17,3.9549411764705886,0.0,5.820587254198285,2.5649493574615367,2,-0.1105848982141045,-1.1030028889303791,Potential Loyalists
14957,253,1,58.49,4.8741666666666665,0.0,4.085808231199814,5.537334267018537,0,-2.149348129364352,0.4484238273388522,Champions
14958,147,3,499.68,11.897142857142857,0.0,6.215967174459823,4.997212273764115,0,-0.7476993964308886,0.5546099517776398,Champions
14959,64,4,695.42,11.786779661016949,0.0,6.545952926608586,4.174387269895637,2,-0.181249650845791,0.1796719218998299,Potential Loyalists
14960,8,2,221.27,8.195185185185185,0.0,5.403892859096676,2.19722457733622,2,-0.0898484503656363,-1.303858783392423,Potential Loyalists
14961,11,9,7044.68,22.57910256410257,0.0,8.860169942031078,2.4849066497880004,1,1.99747639299276,-0.1551988411292253,Loyal Customers
14962,271,1,126.7,25.34,0.0,4.8496837630384935,5.605802066295998,0,-1.806047579348174,0.5901912044698503,Champions
14963,10,5,1487.8,7.514141414141414,0.0,7.305725705328041,2.3978952727983707,2,0.97775848099756,-0.709755686847531,Potential Loyalists
14964,247,1,206.21,15.862307692307692,0.0,5.333732771768991,5.513428746164983,0,-1.5338567753602226,0.5987149503138672,Champions
14965,96,2,599.0,7.216867469879518,0.0,6.396929655216146,4.574710978503383,0,-0.5647801416450751,0.2510801427171085,Champions
14966,15,1,191.32,5.034736842105263,0.0,5.259160651346843,2.772588722239781,2,-0.4667426630747301,-1.0526967583433993,Potential Loyalists
14967,50,1,463.8,77.3,0.0,6.141607205537701,3.9318256327243257,2,-0.504962427786058,-0.2419932517384551,Potential Loyalists
14968,30,1,147.59,3.988918918918919,0.0,5.001190835268256,3.4339872044851463,0,-0.858231647411444,-0.6905922293928669,Champions
14970,68,4,1592.06,46.825294117647054,0.0,7.373411973984176,4.23410650459726,2,0.1964424554261207,0.3245865640295088,Potential Loyalists
14971,35,3,1116.57,6.9785625,0.0,7.0189119643469615,3.58351893845611,2,0.2112099055937516,-0.1861820597685833,Potential Loyalists
14972,128,1,114.77,6.376111111111111,0.0,4.751605464217637,4.859812404361672,0,-1.5533682175087704,0.130457433584323,Champions
14973,107,3,1314.45,41.0765625,0.0,7.181934091396172,4.68213122712422,2,-0.1518866198662001,0.493314968037005,Potential Loyalists
14974,37,1,114.39,5.4471428571428575,0.0,4.748317695206576,3.6375861597263857,0,-1.0629600317059853,-0.6020059353863657,Champions
14975,57,1,279.94,25.44909090909091,0.0,5.638141123402764,4.060443010546419,0,-0.801170197687297,-0.2313705237954555,Champions
14976,57,7,790.86,10.984166666666669,0.0,6.674384608512411,4.060443010546419,2,0.1520173055775271,0.3514197633533139,Potential Loyalists
14978,72,5,1931.42,8.941759259259259,0.0,7.566528382450746,4.290459441148391,2,0.3425309546062346,0.4581619158218141,Potential Loyalists
14981,246,1,102.12,12.765,0.0,4.635893358630932,5.5093883366279774,0,-1.871031842841425,0.504245729300863,Champions
14984,19,2,213.27,5.201707317073171,0.0,5.3672369020126345,2.995732273553991,2,-0.429082403539507,-0.8304425856018413,Potential Loyalists
14985,198,2,296.75,3.410919540229885,0.0,5.696254208235409,5.293304824724492,0,-1.1942268846127972,0.5890451875870449,Champions
14987,16,2,326.4,81.6,0.0,5.791182664937034,2.833213344056216,2,-0.1578348118010776,-0.8718592349650087,Potential Loyalists
14988,212,1,334.54,8.3635,0.0,5.815741174342255,5.3612921657094255,0,-1.238599122331162,0.5711754337361399,Champions
14995,39,2,233.23,3.82344262295082,0.0,5.456303538604819,3.688879454113936,0,-0.664865312810415,-0.4035465302132707,Champions
14997,46,3,546.1999999999999,21.007692307692302,0.0,6.3048143663083405,3.8501476017100575,2,-0.2428157428286937,-0.120683624640703,Potential Loyalists
14998,170,2,429.87,5.7316,0.0,6.06580642047611,5.14166355650266,0,-0.9537661777827592,0.5469686687730302,Champions
15000,48,1,490.52,6.37038961038961,0.0,6.197502630519253,3.8918202981106265,2,-0.4617211030775306,-0.2585807544278424,Potential Loyalists
15002,116,4,1641.76,14.27617391304348,0.0,7.404133033112973,4.762173934797756,2,-0.0012147939512016,0.6449150321934921,Potential Loyalists
15004,147,1,1246.32,7.888101265822784,0.0,7.128752528637921,4.997212273764115,0,-0.4545716537650991,0.5263107892401264,Champions
15005,16,28,6316.57,5.6448346738159065,0.0,8.751089919533372,2.833213344056216,1,3.229594680847762,1.4516855008138112,Loyal Customers
15006,51,1,502.09,3.486736111111111,0.0,6.220769080535664,3.951243718581428,2,-0.4743459882566243,-0.219921213957923,Potential Loyalists
15007,159,1,156.91,13.075833333333334,0.0,5.062025250478552,5.075173815233827,0,-1.4893524402860931,0.3003904188842632,Champions
15009,12,3,1261.78,6.932857142857142,0.0,7.141070918737701,2.5649493574615367,2,0.680541036120337,-0.7801218641815905,Potential Loyalists
15010,36,1,308.94,15.447,0.0,5.736378730359189,3.610917912644224,2,-0.5725204629112175,-0.4876470839493307,Potential Loyalists
15012,54,2,423.04,3.305,0.0,6.049827790404897,4.007333185232471,2,-0.5049016982111638,-0.1345251028423969,Potential Loyalists
15014,43,2,260.17,7.433428571428572,0.0,5.56517153628838,3.784189633918261,0,-0.6503767199758614,-0.3321019138143343,Champions
15016,173,1,170.04,8.501999999999999,0.0,5.141897447276735,5.159055299214529,0,-1.4843407335876715,0.3611653066067405,Champions
15017,34,1,125.58,6.279,0.0,4.840874519347159,3.555348061489413,0,-0.9849188688428292,-0.639052103783199,Champions
15018,39,3,496.21,16.006774193548388,0.0,6.209012472065032,3.688879454113936,2,-0.2244095030760537,-0.229909040836249,Potential Loyalists
15019,267,1,266.0,3.8,0.0,5.58724865840025,5.5909869805108565,0,-1.4419955255139358,0.6786073114422089,Champions
15021,9,9,1914.82,4.056822033898305,0.0,7.55790100839738,2.302585092994046,1,1.4386170399012088,-0.4361741974867266,Loyal Customers
15022,12,4,905.04,6.704,0.0,6.809083455178767,2.5649493574615367,2,0.5943759833254287,-0.7495624732735373,Potential Loyalists
15023,3,11,6802.76,12.104555160142349,0.0,8.825230679525026,1.3862943611198906,1,2.5727874269722717,-0.6690998130908583,Loyal Customers
15024,10,10,1661.33,10.718258064516128,0.0,7.415975511662447,2.3978952727983707,1,1.4063603089806278,-0.3234602083417898,Loyal Customers
15025,33,1,377.01,5.23625,0.0,5.934920650296115,3.5263605246161616,2,-0.4420898367662352,-0.5121022645705834,Potential Loyalists
15026,80,3,469.0,7.688524590163935,0.0,6.152732694704104,4.394449154672439,0,-0.5357588556198696,0.1852551697733797,Champions
15027,31,4,1066.15,30.461428571428574,0.0,6.972746822489577,3.4657359027997265,2,0.3112250843179457,-0.1884649139942863,Potential Loyalists
15028,8,4,627.13,13.065208333333333,0.0,6.442747151414763,2.19722457733622,2,0.5645462259685494,-1.0181263978031,Potential Loyalists
15030,72,2,518.28,74.03999999999999,0.0,6.252443236725213,4.290459441148391,0,-0.520503588266394,0.0617743241398103,Champions
15031,4,4,668.14,6.019279279279279,0.0,6.505993305798354,1.6094379124341005,2,0.8318644658478038,-1.3618277406035526,Potential Loyalists
15032,256,3,4959.1,95.3673076923077,0.0,8.50918118080606,5.54907608489522,2,0.1435060898836755,1.1876274973796548,Potential Loyalists
15033,5,10,2586.67,5.071901960784314,0.0,7.8585131358985345,1.791759469228055,1,1.8652112279606057,-0.6281205586863909,Loyal Customers
15034,16,8,4308.61,10.935558375634518,0.0,8.368602691764597,2.833213344056216,1,1.54359498482783,-0.085778322347251,Loyal Customers
15035,90,1,252.73,9.36037037037037,0.0,5.536270709515726,4.51085950651685,0,-1.0319424930481231,0.0249607331783838,Champions
15036,72,3,465.55,3.665748031496063,0.0,6.145365195680031,4.290459441148391,0,-0.4974749584781919,0.1220006454345175,Champions
15038,59,6,705.49,5.426846153846154,0.0,6.560309047742739,4.0943445622221,2,0.0079714541326217,0.2823266316853025,Potential Loyalists
15039,10,47,19914.44,13.25861517976032,0.0,9.89925058927075,2.3978952727983707,3,5.387550578041251,2.7550701022565582,At-Risk / Lost Customers
15041,170,1,180.35,2.6917910447761195,0.0,5.200428865728911,5.14166355650266,0,-1.4489226822785215,0.3584694981595236,Champions
15042,199,1,135.93,27.186,0.0,4.919469846344143,5.298317366548036,0,-1.64838911908961,0.4152341704980922,Champions
15043,31,1,537.0,179.0,0.0,6.2878585601617845,3.4657359027997265,2,-0.2463339297834768,-0.5018575829619291,Potential Loyalists
15044,19,17,7700.23,16.998300220750554,0.0,8.9491353353444,2.995732273553991,1,2.4351582101307554,0.7572903180033357,Loyal Customers
15045,152,2,735.66,61.305,0.0,6.602126456028984,5.030437921392435,0,-0.6486087969682731,0.5510960395569857,Champions
15046,9,15,5213.77,25.30956310679612,0.0,8.559250262914823,2.302585092994046,1,2.3748633697074863,0.1420133269218046,Loyal Customers
15047,270,1,343.62,15.61909090909091,0.0,5.842442360714953,5.602118820879701,0,-1.3225799008869188,0.7189361327090611,Champions
15048,65,4,384.05,3.959278350515464,0.0,5.953373195985259,4.189654742026425,0,-0.4750934124736078,0.1106511945755116,Champions
15049,274,1,121.17000000000002,40.39000000000001,0.0,4.805413517415968,5.616771097666572,0,-1.83195637336398,0.5909213853811376,Champions
15050,25,3,1782.09,22.84730769230769,0.0,7.486103093313854,3.258096538021482,2,0.569029575303873,-0.3194623865589487,Potential Loyalists
15051,23,3,1391.61,9.73153846153846,0.0,7.238934963295533,3.1780538303479458,2,0.4812502848487318,-0.4000054688319075,Potential Loyalists
15052,319,1,215.78,7.192666666666667,0.0,5.378883014387604,5.768320995793772,0,-1.6145425972681726,0.7573335191732928,Champions
15053,5,3,697.79,9.828028169014084,0.0,6.549350267911373,1.791759469228055,2,0.7045060787229532,-1.321261154807321,Potential Loyalists
15054,12,2,302.1,2.6500000000000004,0.0,5.714062784063757,2.5649493574615367,2,-0.0872875093600101,-1.042703548241967,Potential Loyalists
15057,275,2,1489.5,59.58,0.0,7.306866913118126,5.62040086571715,0,-0.5439450539654034,0.9974029623942392,Champions
15058,25,11,2124.99,7.699239130434782,0.0,7.661992855221969,3.258096538021482,1,1.2545449295644846,0.2985431163938238,Loyal Customers
15059,41,9,1337.72,5.644388185654009,0.0,7.199469212547289,3.737669618283368,2,0.6869081336979344,0.3760636562373219,Potential Loyalists
15060,8,4,303.09000000000003,2.5048760330578514,0.0,5.717323710222868,2.19722457733622,2,0.2123526358088843,-1.113814192872562,Potential Loyalists
15061,4,48,54534.14,135.32044665012407,0.0,10.906600543518254,1.6094379124341005,3,6.269026502586531,2.490064420748368,At-Risk / Lost Customers
15062,71,4,987.86,17.330877192982456,0.0,6.896552764474143,4.276666119016055,2,-0.0522053018481755,0.2871762035746617,Potential Loyalists
15063,213,1,370.8,74.16,0.0,5.918356075287344,5.365976015021851,0,-1.1906649887634342,0.5875162721695646,Champions
15065,38,4,3158.13,20.37503225806452,0.0,8.058051952218728,3.6635616461296463,2,0.7585071831503095,0.0731775320919854,Potential Loyalists
15066,53,1,893.59,21.275952380952383,0.0,6.796365512756079,3.9889840465642745,2,-0.210085799523224,-0.1213926510754207,Potential Loyalists
15067,78,3,1744.76,21.27756097560976,0.0,7.464945269906789,4.3694478524670215,2,0.1113854886434188,0.3433699804032496,Potential Loyalists
15068,46,2,553.36,5.320769230769231,0.0,6.317814295200602,3.8501476017100575,2,-0.3115193621376931,-0.1933194251513281,Potential Loyalists
15069,179,1,1109.53,15.850428571428573,0.0,7.012592657827759,5.19295685089021,0,-0.5897638877465176,0.6282261670364183,Champions
15070,373,1,106.2,106.2,,4.674696248636701,5.924255797414532,0,-2.0191969669616308,0.757841222788969,Champions
15071,94,2,982.07,37.77192307692308,0.0,6.890680328191671,4.553876891600541,2,-0.3166771287737391,0.3037306915626153,Potential Loyalists
15073,10,3,1043.41,19.322407407407407,0.0,6.951207411654662,2.3978952727983707,2,0.6556094126108885,-0.905219962697554,Potential Loyalists
15074,105,1,748.87,17.830238095238094,0.0,6.619899858173064,4.663439094112067,0,-0.5672603469341686,0.2592827630943474,Champions
15075,78,1,773.03,28.63074074074074,0.0,6.651610632528512,4.3694478524670215,2,-0.4335192368362425,0.0873850185952157,Potential Loyalists
15076,173,1,880.85,17.976530612244897,0.0,6.782021973516374,5.159055299214529,0,-0.6880591242476517,0.577507777284776,Champions
15078,7,32,9743.11,22.14343181818182,0.0,9.184418278884316,2.079441541679836,1,4.04346540706473,1.3547888376235582,Loyal Customers
15079,213,4,895.61,19.055531914893617,0.0,6.798620984904737,5.365976015021851,0,-0.5382504751909368,0.9266803175852706,Champions
15081,22,5,504.8,15.296969696969697,0.0,6.226141334235865,3.1354942159291497,2,0.1567007306541699,-0.410388300310483,Potential Loyalists
15083,257,1,88.2,17.64,0.0,4.490881039585964,5.552959584921617,0,-1.9589749326602512,0.5112139055476264,Champions
15087,282,1,306.94,20.462666666666667,0.0,5.7299049588017725,5.645446897643238,0,-1.3946585074839293,0.7300423063642751,Champions
15088,21,2,1160.07,20.35210526315789,0.0,7.057097272731341,3.091042453358316,2,0.3529790967260904,-0.5504553917135304,Potential Loyalists
15089,10,6,2420.84,16.69544827586207,0.0,7.792282860824383,2.3978952727983707,1,1.288997415613493,-0.5712252471480548,Loyal Customers
15090,308,1,381.32,16.57913043478261,0.0,5.946257954269902,5.733341276897746,0,-1.325000659063538,0.8112232964061074,Champions
15091,68,1,480.71,16.023666666666667,0.0,6.177342273229703,4.23410650459726,0,-0.6092955060314431,-0.0562340676230974,Champions
15092,215,2,457.81,17.608076923076922,0.0,6.1286361810072245,5.375278407684165,0,-1.017303412888927,0.6951755720072473,Champions
15093,18,6,4597.02,42.565000000000005,0.0,8.433381055030935,2.9444389791664403,1,1.3802411109563135,-0.1593182741449731,Loyal Customers
15095,104,4,1370.6,29.161702127659577,0.0,7.223733220588765,4.653960350157523,2,-0.0452378968051102,0.556306676793824,Potential Loyalists
15096,43,1,219.39,19.94454545454545,0.0,5.3953987041986,3.784189633918261,0,-0.8078166431019739,-0.4288465609709875,Champions
15097,4,1,248.08,9.9232,0.0,5.517774130004251,1.6094379124341005,2,0.1270380802308107,-1.715231614941548,Potential Loyalists
15098,182,3,39916.5,13305.5,0.0,10.594570103213856,5.209486152841421,1,1.292665032449858,1.2593119911752344,Loyal Customers
15099,84,1,410.48,17.84695652173913,0.0,6.019760416262829,4.442651256490317,0,-0.7697508246746815,0.0478839232558424,Champions
15100,334,3,876.0,292.0,19.5,6.776506992372183,5.814130531825066,0,-0.8044055113092184,1.117826593904344,Champions
15101,9,2,317.53000000000003,39.69125,0.0,5.763716662099238,2.302585092994046,2,0.0424336223155879,-1.1932920973251302,Potential Loyalists
15103,31,2,703.36,20.096,0.0,6.557289589092577,3.4657359027997265,2,-0.0405098821016345,-0.3919674092413053,Potential Loyalists
15104,197,2,1027.44,14.890434782608695,0.0,6.93579837000678,5.288267030694535,0,-0.5903993709980747,0.7495313615619601,Champions
15105,18,7,2298.93,22.76168316831683,0.0,7.740633966671485,2.9444389791664403,1,1.1189270069612016,-0.1763452873797608,Loyal Customers
15106,18,5,1422.52,14.2252,0.0,7.2608879564964575,2.9444389791664403,2,0.7359797942662248,-0.3883278660488083,Potential Loyalists
15107,311,6,319.5,18.794117647058822,0.0,5.7698822763607245,5.7430031878094825,0,-1.0394450852784276,1.1654979399335266,Champions
15108,142,4,1300.25,21.67083333333333,0.0,7.171080619929179,4.962844630259907,2,-0.1951414371004735,0.7343619747079136,Potential Loyalists
15109,246,1,484.95,17.319642857142856,0.0,6.18610573794948,5.5093883366279774,0,-1.118402643976414,0.7087282370933526,Champions
15110,24,4,996.1,28.46,0.0,6.904851065834747,3.218875824868201,2,0.3776346107059072,-0.3452730355233349,Potential Loyalists
15111,29,3,1567.48,18.660476190476192,0.0,7.357862276513416,3.4011973816621555,2,0.4491636489576656,-0.250670545232924,Potential Loyalists
15113,10,3,3609.33,36.0933,0.0,8.19155445989142,2.3978952727983707,1,1.257798775618927,-0.7416105899818257,Loyal Customers
15114,30,10,2760.56,14.012994923857867,0.0,7.923551016427315,3.4339872044851463,1,1.2357121181429482,0.3640401145854955,Loyal Customers
15115,18,1,340.11,16.195714285714285,0.0,5.832205005910728,2.9444389791664403,2,-0.2577071572634273,-0.8741821808520607,Potential Loyalists
15116,18,4,1352.75,30.06111111111111,0.0,7.2106337983152,2.9444389791664403,2,0.6365662712600252,-0.4693072680720232,Potential Loyalists
15117,15,5,1551.78,19.64278481012658,0.0,7.347802151813069,2.772588722239781,2,0.8473546279072603,-0.4797898686032978,Potential Loyalists
15118,134,1,244.8,244.8,,5.504518197131935,4.90527477843843,0,-1.2061293323840006,0.2570000785611213,Champions
15119,246,1,266.4,19.02857142857143,0.0,5.588745664667843,5.5093883366279774,0,-1.408421379077431,0.62993278463191,Champions
15120,134,1,358.82,17.086666666666666,0.0,5.885603906408473,4.90527477843843,0,-1.0211119528957873,0.3072676177424309,Champions
15121,50,2,457.72,16.34714285714286,0.0,6.12844000213506,3.9318256327243257,2,-0.436340020369324,-0.1693795157602958,Potential Loyalists
15122,114,3,1633.78,19.924146341463413,0.0,7.399263517702882,4.74493212836325,2,-0.0716533909823448,0.5595954830340105,Potential Loyalists
15123,7,2,2199.31,20.74820754716981,0.0,7.696353538510563,2.079441541679836,2,1.0705561130741832,-1.0720131386010625,Potential Loyalists
15124,23,2,184.19,12.279333333333334,0.0,5.221382325073914,3.1780538303479458,2,-0.5732880318402552,-0.7404835899608506,Potential Loyalists
15125,25,15,11528.48,90.77543307086614,0.0,9.35266251250627,3.258096538021482,1,2.3754266111881552,0.8189550824639101,Loyal Customers
15127,66,1,406.53,25.408125,0.0,6.010114549603027,4.204692619390966,0,-0.6786441905836643,-0.0959093284674528,Champions
15128,60,4,1471.0,14.42156862745098,0.0,7.294377299288821,4.110873864173311,2,0.2076780849843958,0.2403535068576931,Potential Loyalists
15129,50,11,3447.4,41.04047619047619,0.0,8.14566563433577,3.9318256327243257,1,1.2181602859946414,0.7658600373141597,Loyal Customers
15130,170,1,330.11,15.005,0.0,5.802450646452902,5.14166355650266,0,-1.15664068494035,0.4378798583852988,Champions
15132,18,5,977.93,18.80634615384616,0.0,6.886460138441978,2.9444389791664403,2,0.5541948256421227,-0.437717188598733,Potential Loyalists
15133,128,3,982.42,33.87655172413793,0.0,6.891036292375263,4.859812404361672,0,-0.3646428600954784,0.561362605217948,Champions
15134,15,8,1387.99,19.01356164383561,0.0,7.236332143304382,2.772588722239781,2,1.018281142239421,-0.2714417332069308,Potential Loyalists
15135,239,1,139.05,15.45,0.0,4.941999501706118,5.480638923341991,0,-1.7108440843530257,0.5274040777231428,Champions
15136,3,4,1286.7,18.92205882352941,0.0,7.160612960279738,1.3862943611198906,1,1.2395086978147594,-1.4091270812329597,Loyal Customers
15139,240,2,178.96,13.766153846153848,0.0,5.192734603972972,5.484796933490655,0,-1.5157707197420194,0.6373185071002864,Champions
15140,52,7,2354.25,29.428125,0.0,7.764402157928777,3.970291913552122,2,0.717511710758342,0.4412054304797469,Potential Loyalists
15142,46,1,498.74,19.18230769230769,0.0,6.214087963175304,3.8501476017100575,2,-0.436893663098396,-0.2813521344185169,Potential Loyalists
15143,226,1,259.45,18.53214285714285,0.0,5.562410904191201,5.424950017481403,0,-1.3872164701108465,0.5758863066010336,Champions
15144,8,17,6580.4400000000005,30.32460829493088,0.0,8.792008845361094,2.19722457733622,1,2.6803106491610538,0.2583130285383893,Loyal Customers
15145,4,4,1194.73,17.83179104477612,0.0,7.0865121565162825,1.6094379124341005,2,1.1137067755666397,-1.2852537485497686,Potential Loyalists
15146,165,2,1327.16,14.584175824175825,0.0,7.191549804706725,5.111987788356544,0,-0.395271061040703,0.6776873665083728,Champions
15147,240,1,623.5,22.267857142857142,0.0,6.436951329565632,5.484796933490655,0,-0.9867177195760092,0.727087743205486,Champions
15148,11,1,301.29,15.0645,0.0,5.711386821516136,2.4849066497880004,2,-0.1313807747185585,-1.165347186880601,Potential Loyalists
15149,134,1,520.8000000000001,22.643478260869568,0.0,6.257284372702628,4.90527477843843,0,-0.8406608254807733,0.3562945477677996,Champions
15150,17,10,5314.47,15.494081632653062,0.0,8.578376715841037,2.8903717578961645,1,1.772461618947119,0.1248272673772313,Loyal Customers
15152,10,13,4745.69,17.511771217712177,0.0,8.465202812016113,2.3978952727983707,1,2.140806181916968,0.0379910112968153,Loyal Customers
15153,31,1,329.25,14.965909090909092,0.0,5.799849943402434,3.4657359027997265,2,-0.4832624559459805,-0.5662289085367912,Potential Loyalists
15154,75,1,296.42,3.487294117647059,0.0,5.695145281260538,4.330733340286331,0,-0.8822993976122773,-0.0619659570280185,Champions
15156,1,3,961.49,17.481636363636365,0.0,6.869523676497577,0.6931471805599453,1,1.3021943760795371,-1.937021731918135,Loyal Customers
15157,4,3,1936.07,15.48856,0.0,7.568931801112307,1.6094379124341005,1,1.2729067579027709,-1.2959702133906976,Loyal Customers
15158,45,1,401.4,57.34285714285715,0.0,5.9974466187855295,3.828641396489095,2,-0.5334159138593699,-0.3228091965473429,Potential Loyalists
15159,2,30,18641.01,26.25494366197184,0.0,9.83317291504409,1.0986122886681098,1,4.60323663973566,0.704212955471138,Loyal Customers
15160,357,1,158.16,39.54,0.0,5.069909985558728,5.8805329864007,0,-1.8097199018194543,0.783785370355064,Champions
15163,18,2,304.47,10.49896551724138,0.0,5.721851574117079,2.9444389791664403,2,-0.2362687319838953,-0.8143879036586537,Potential Loyalists
15164,69,3,843.05,8.18495145631068,0.0,6.738211734547398,4.248495242049359,2,-0.1927549544288335,0.1750670579862026,Potential Loyalists
15165,373,1,487.75,18.064814814814813,0.0,6.191851111299576,5.924255797414532,0,-1.2826172156490656,0.9579632416592148,Champions
15167,321,1,163.0,3.975609756097561,0.0,5.099866427824199,5.7745515455444085,0,-1.7525134396535085,0.724261194413199,Champions
15168,26,1,106.56,21.312,0.0,4.678048831400664,3.295836866004329,0,-0.9595052121163086,-0.8159592164063856,Champions
15171,331,1,1289.5,257.9,0.0,7.162785019158669,5.805134968916488,0,-0.7632763024290475,1.0146901648507398,Champions
15172,9,5,1624.05,14.764090909090909,0.0,7.393293863521244,2.302585092994046,2,1.0586397797972362,-0.7552891711263287,Potential Loyalists
15174,323,1,135.75,12.340909090909092,0.0,4.91815444130209,5.780743515792329,0,-1.843227300291063,0.7040008359074632,Champions
15175,72,1,224.14,9.745217391304347,0.0,5.416722430926658,4.290459441148391,0,-1.0012617203198138,-0.1228129396415132,Champions
15178,260,1,40.5,13.5,0.0,3.725693427236653,5.564520407322694,0,-2.335127838654109,0.4172051124491339,Champions
15179,18,5,2206.9500000000003,23.73064516129033,0.0,7.69981976221305,2.9444389791664403,2,0.949081494201088,-0.3304300724430901,Potential Loyalists
15180,367,1,87.5,14.583333333333334,0.0,4.483002552013883,5.908082938168931,0,-2.105754043525273,0.7228692166462591,Champions
15181,66,3,689.48,43.0925,0.0,6.537387007911402,4.204692619390966,2,-0.2726228539423772,0.122342279807105,Potential Loyalists
15182,154,2,622.85,21.47758620689656,0.0,6.43590995485703,5.043425116919247,0,-0.7345349910947986,0.536949504358018,Champions
15184,29,2,406.76,6.456507936507936,0.0,6.010678766031786,3.4011973816621555,2,-0.2799099854169067,-0.5027228724411692,Potential Loyalists
15185,70,1,310.62,14.791428571428572,0.0,5.741784496789209,4.262679877041316,0,-0.8322612585906347,-0.0965733157602224,Champions
15186,14,2,411.41,21.653157894736843,0.0,6.022018000151438,2.70805020110221,2,0.0046200445991035,-0.916374778502749,Potential Loyalists
15187,2,16,4777.18,52.49648351648352,0.0,8.471814999842545,1.0986122886681098,1,2.892085101007312,-0.5162664823562306,Loyal Customers
15189,1,41,16225.39,76.53485849056604,0.0,9.694394208164743,0.6931471805599453,1,5.52424457190237,1.2609176820781225,Loyal Customers
15192,120,3,1044.32,20.47686274509804,0.0,6.952078337618801,4.795790545596741,2,-0.309235050362774,0.5310697225108455,Potential Loyalists
15193,61,1,499.32,26.28,0.0,6.215247893709531,4.127134385045092,2,-0.5478309167998671,-0.1153030468617066,Potential Loyalists
15194,3,15,7616.53,24.569451612903222,0.0,8.938207449152076,1.3862943611198906,1,2.927698103633076,-0.3567952021796467,Loyal Customers
15195,3,1,3861.0,3861.0,,8.258940462988459,1.3862943611198906,1,1.5477021899814507,-1.48730266869977,Loyal Customers
15197,11,3,1079.61,33.7378125,0.0,6.985280975485229,2.4849066497880004,2,0.6371259195144273,-0.8486116039340713,Potential Loyalists
15198,92,2,193.64,19.364,0.0,5.271151698475268,4.532599493153256,0,-1.0943942474483077,0.0773612434607755,Champions
15199,59,4,1268.7,97.5923076923077,0.0,7.1465359310757455,4.0943445622221,2,0.1425548298628528,0.2109524066917412,Potential Loyalists
15201,87,5,1236.54,17.92086956521739,0.0,7.120880817152784,4.477336814478207,2,0.05094168631059,0.5113050017203258,Potential Loyalists
15203,26,6,1827.8,12.871830985915492,0.0,7.511415293040546,3.295836866004329,2,0.7911716644478183,-0.0704679721352237,Potential Loyalists
15204,357,1,316.58,35.175555555555555,0.0,5.760729755097951,5.8805329864007,0,-1.4743264185491354,0.8749087291880688,Champions
15205,85,2,653.24,17.655135135135136,0.0,6.483474256616332,4.454347296253507,0,-0.474310549856574,0.1904063153996637,Champions
15206,10,4,420.3,46.7,0.0,6.043345168984971,2.3978952727983707,2,0.2898567501239333,-0.9506219823536314,Potential Loyalists
15208,1,5,870.12,20.717142857142857,0.0,6.769779740037806,0.6931471805599453,1,1.4037988127106311,-1.8014774265523292,Loyal Customers
15210,225,1,331.18,16.559,0.0,5.805676990670853,5.420534999272286,0,-1.2673333587238085,0.6053303003024494,Champions
15211,60,2,894.4100000000001,17.20019230769231,0.0,6.797281713937488,4.110873864173311,2,-0.1836923586431911,0.0260824129577552,Potential Loyalists
15212,241,1,101.8,20.36,0.0,4.632785353021065,5.488937726156687,0,-1.8643084349314043,0.4915872512916657,Champions
15213,319,2,328.35,13.68125,0.0,5.797121015086702,5.768320995793772,0,-1.3364726602864785,0.8868522439041756,Champions
15214,2,8,1661.44,15.104,0.0,7.416041681653177,1.0986122886681098,1,1.779385662234641,-1.250334015617944,Loyal Customers
15215,47,3,734.94,20.99828571428572,0.0,6.601148593666668,3.871201010907891,2,-0.1074202694074711,-0.0689857768961464,Potential Loyalists
15216,88,1,96.6,48.3,0.0,4.580877493419047,4.48863636973214,0,-1.4868406971709422,-0.1143716184754249,Champions
15218,11,11,5756.89,34.680060240963854,0.0,8.658326367134135,2.4849066497880004,1,2.049511383458578,-0.0331221034276106,Loyal Customers
15219,176,1,305.75,33.97222222222222,0.0,5.7260330835910205,5.176149732573829,0,-1.2076237972611743,0.4484547679651379,Champions
15220,52,6,1778.96,15.204786324786324,0.0,7.484346171123521,3.970291913552122,2,0.5065292385665967,0.3299137597382345,Potential Loyalists
15221,366,1,403.25,80.65,0.0,6.002033498457216,5.905361848054571,0,-1.3671680835718674,0.921608956110076,Champions
15222,319,1,585.0,117.0,0.0,6.373319789577012,5.768320995793772,0,-1.1317428445260906,0.8885058206880015,Champions
15223,226,2,755.75,37.7875,0.0,6.629032947901828,5.424950017481403,0,-0.7943556248904122,0.7909308579195693,Champions
15224,358,2,322.08,23.005714285714284,0.0,5.777899970574095,5.883322388488279,0,-1.3920980404385392,0.9531948170659018,Champions
15225,234,1,409.4,17.8,0.0,6.01713229385656,5.459585514144159,0,-1.1803913566287945,0.6566111300072675,Champions
15226,311,1,154.41,19.30125,0.0,5.04606678592752,5.7430031878094825,0,-1.7659334837953573,0.6982693896411385,Champions
15227,37,5,1219.4,21.024137931034485,0.0,7.106933952842515,3.6375861597263857,2,0.3822101934837272,0.0065122784040563,Potential Loyalists
15228,66,4,3386.71,27.09368,0.0,8.127909455886419,4.204692619390966,2,0.5745920054808681,0.406492503307522,Potential Loyalists
15230,239,2,429.6,18.67826086956521,0.0,6.065179584930263,5.480638923341991,0,-1.0905242712283698,0.7499089808682037,Champions
15232,113,2,612.06,19.74387096774193,0.0,6.418462810428566,4.736198448394496,0,-0.6193321940476723,0.3506404163548994,Champions
15234,277,1,197.0,14.071428571428571,0.0,5.288267030694535,5.627621113690637,0,-1.6018983028795732,0.6611111366640549,Champions
15235,218,12,2247.51,15.716853146853149,0.0,7.718023053610256,5.389071729816501,2,0.4989434986279738,1.656592396877799,Potential Loyalists
15236,299,1,321.05,21.40333333333333,0.0,5.7747068129929,5.703782474656201,0,-1.3963900298977694,0.7708909549282555,Champions
15237,2,4,1412.32,14.265858585858584,0.0,7.253696825551129,1.0986122886681098,1,1.4005067449192812,-1.569150579511857,Loyal Customers
15238,29,3,1071.99,21.4398,0.0,6.978204422922778,3.4011973816621555,2,0.2648394944077328,-0.3007497415037305,Potential Loyalists
15239,10,2,780.59,15.930408163265309,0.0,6.661330306378558,2.3978952727983707,2,0.4398587805042277,-1.017807099119149,Potential Loyalists
15240,45,5,1706.57,21.879102564102563,0.0,7.442826586212262,3.828641396489095,2,0.4683774510728147,0.1652475570454917,Potential Loyalists
15241,67,8,1756.44,15.967636363636364,0.0,7.471613483699497,4.219507705176107,2,0.550056446586633,0.626198548090618,Potential Loyalists
15243,74,1,316.68,14.394545454545456,0.0,5.7610445868229965,4.31748811353631,0,-0.8449734025232943,-0.0612064173721116,Champions
15244,65,2,631.57,18.57558823529412,0.0,6.449790886414747,4.189654742026425,2,-0.3841124629705504,0.0274305869619098,Potential Loyalists
15245,134,3,2515.84,28.267865168539327,0.0,7.83075942537543,4.90527477843843,2,0.0732926054669246,0.7125466861688732,Potential Loyalists
15246,238,2,514.15,15.58030303030303,0.0,6.244458120391077,5.476463551931511,0,-1.0018036300738151,0.7710561566660242,Champions
15247,122,1,356.0,59.333333333333336,0.0,5.877735781779639,4.812184355372417,0,-0.9874585944661112,0.2504749852582549,Champions
15249,32,13,6688.46,19.10988571428572,0.0,8.808288432375653,3.49650756146648,1,1.8651306089168092,0.741239516748426,Loyal Customers
15251,9,11,10484.99,94.45936936936936,0.0,9.257795359479534,2.302585092994046,1,2.413947129010244,-0.0632465793146329,Loyal Customers
15252,36,2,740.78,16.83590909090909,0.0,6.60905270324689,3.610917912644224,2,-0.0738215422840058,-0.2981854710929565,Potential Loyalists
15253,16,5,918.2,17.324528301886794,0.0,6.823503726534546,2.833213344056216,2,0.5684030703459888,-0.5126380517680662,Potential Loyalists
15254,127,1,300.36,16.686666666666667,0.0,5.708305563383786,4.852030263919617,0,-1.0857569645110337,0.2519910680229814,Champions
15255,67,1,890.85,18.95425531914894,0.0,6.793297957004312,4.219507705176107,2,-0.3043718754130532,0.0162705801892572,Potential Loyalists
15256,149,1,98.45,16.408333333333335,0.0,4.599655005299981,5.010635294096256,0,-1.6878536838778406,0.200746803875689,Champions
15257,283,1,317.15,45.30714285714286,0.0,5.762522969678801,5.648974238161206,0,-1.3802423632130905,0.7364574568240696,Champions
15258,169,2,623.16,18.328235294117647,0.0,6.4364067457583465,5.135798437050262,0,-0.7714784690675837,0.592340317300189,Champions
15260,100,7,1810.77,23.516493506493507,0.0,7.502059546979103,4.61512051684126,2,0.3305698985960792,0.7928089399818135,Potential Loyalists
15261,135,1,254.82,13.41157894736842,0.0,5.544474072171247,4.912654885736052,0,-1.1897015724292717,0.2666906813004557,Champions
15262,324,1,178.95000000000002,17.895000000000003,0.0,5.19267903452504,5.783825182329737,0,-1.7111859353525176,0.7420580180953283,Champions
15263,107,1,156.51,13.0425,0.0,5.059488948313644,4.68213122712422,0,-1.332365415246576,0.0646503123011154,Champions
15264,64,1,393.74,17.11913043478261,0.0,5.978227320325962,4.174387269895637,0,-0.6819261131545783,-0.1182662751210227,Champions
15265,151,2,1506.12,18.36731707317073,0.0,7.317955823857119,5.0238805208462765,2,-0.2984334694619424,0.6415908844097877,Potential Loyalists
15266,338,1,119.3,19.883333333333333,0.0,4.789988622980633,5.82600010738045,0,-1.923669833294388,0.714200573824791,Champions
15267,22,5,1717.36,156.12363636363636,0.0,7.449125626576209,3.1354942159291497,2,0.7504604634807293,-0.2490691814433583,Potential Loyalists
15269,24,1,408.8,204.4,0.0,6.0156692358048,3.218875824868201,2,-0.2791090739891908,-0.685613277357074,Potential Loyalists
15270,16,7,2379.49,58.03634146341463,0.0,7.775061627827598,2.833213344056216,1,1.180415287529732,-0.2384205948402469,Loyal Customers
15271,7,15,2507.07,9.149890510948904,0.0,7.82726881204912,2.079441541679836,1,2.1093117912258967,-0.0881871923537497,Loyal Customers
15272,57,2,721.94,11.45936507936508,0.0,6.58332623116324,4.060443010546419,2,-0.2672670701551709,-0.0323442481228918,Potential Loyalists
15274,4,2,716.57,15.24617021276596,0.0,6.575870503850624,1.6094379124341005,2,0.7157597067446174,-1.501311651697338,Potential Loyalists
15275,38,1,615.14,15.003414634146342,0.0,6.4234742104382585,3.6635616461296463,2,-0.2601267401872256,-0.3654849960081154,Potential Loyalists
15276,66,1,135.31,2.602115384615385,0.0,4.914931703582751,4.204692619390966,0,-1.2103562314675584,-0.2403706537885586,Champions
15277,47,1,255.9,21.325,0.0,5.548686904115838,3.871201010907891,0,-0.7684213466545557,-0.3565130615249823,Champions
15279,355,1,290.51,15.29,0.0,5.675074310519458,5.87493073085203,0,-1.5136570217949965,0.8602548845799998,Champions
15280,172,1,113.12,7.07,0.0,4.737250526345299,5.153291594497779,0,-1.6784769316328192,0.3043378354851199,Champions
15281,59,9,2332.15,16.778057553956835,0.0,7.754974564853873,4.0943445622221,2,0.8130276834451939,0.6629620429148094,Potential Loyalists
15286,50,1,240.55,80.18333333333334,0.0,5.487076491000416,3.9318256327243257,0,-0.822737549367327,-0.3283298619483597,Champions
15287,22,2,486.69,24.3345,0.0,6.189679958097341,3.1354942159291497,2,-0.0860465748156315,-0.6382494914129169,Potential Loyalists
15288,43,5,2306.52,26.210454545454542,0.0,7.743928633728395,3.784189633918261,2,0.6324566627086314,0.1783412043640628,Potential Loyalists
15289,29,3,939.78,16.20310344827586,0.0,6.846709318414996,3.4011973816621555,2,0.2009985288208966,-0.3180947511881497,Potential Loyalists
15290,5,18,7943.22,38.93735294117647,0.0,8.98019989919854,1.791759469228055,1,3.0099116906251515,0.1146413617014212,Loyal Customers
15291,26,15,4668.3,45.32330097087379,0.0,8.448764446494256,3.295836866004329,1,1.921391181988644,0.7223292592120774,Loyal Customers
15292,201,1,180.94,7.2376,0.0,5.203676962393915,5.308267697401205,0,-1.514411847745089,0.4586823955779874,Champions
15296,51,6,3672.86,18.93226804123712,0.0,8.208998159442066,3.951243718581428,2,0.866016095454938,0.4140912331135346,Potential Loyalists
15297,10,3,641.94,16.46,0.0,6.466051407286527,2.3978952727983707,2,0.4200658317676943,-0.9692150112259303,Potential Loyalists
15298,2,12,4799.9,24.999479166666664,0.0,8.476558679320053,1.0986122886681098,1,2.5943277850612114,-0.8130430449996687,Loyal Customers
15299,67,7,4507.01,643.8585714285715,48.0,8.413611093435822,4.219507705176107,2,0.9323818537575248,0.676103231739916,Potential Loyalists
15300,64,1,496.44,17.73,0.0,6.209474946310444,4.174387269895637,2,-0.569655228335142,-0.0877632968754529,Potential Loyalists
15301,51,12,5070.35,20.865637860082305,0.0,8.53136233333043,3.951243718581428,1,1.47261469176821,0.902716466643088,Loyal Customers
15303,290,1,574.02,18.516774193548382,0.0,6.354404822801145,5.673323267171493,0,-1.1026849541954036,0.8291136968509134,Champions
15304,61,8,694.4,30.191304347826087,0.0,6.544487219573761,4.127134385045092,2,0.1371206645420432,0.4485796320786887,Potential Loyalists
15306,64,3,1174.35,20.24741379310345,0.0,7.069321254563527,4.174387269895637,2,-0.0021690539808648,0.1743568392022381,Potential Loyalists
15307,96,1,205.3,17.108333333333334,0.0,5.329331420077207,4.574710978503383,0,-1.1581149284895291,0.0359068257700627,Champions
15308,274,1,310.47,16.340526315789475,0.0,5.741303025403381,5.616771097666572,0,-1.377581359965899,0.7143709437533077,Champions
15311,1,91,60767.9,25.54346364018496,0.0,11.01483342392888,0.6931471805599453,3,9.916073434291896,5.152620240016583,At-Risk / Lost Customers
15312,75,4,924.85,19.677659574468084,0.0,6.830712234483825,4.330733340286331,2,-0.1059355625718594,0.3108739916494258,Potential Loyalists
15313,110,1,52.0,52.0,,3.970291913552122,4.709530201312334,0,-1.8722007354162769,-0.0626113415181091,Champions
15314,199,1,327.97,13.665416666666667,0.0,5.795966561197395,5.298317366548036,0,-1.2228493484694047,0.5308494556784739,Champions
15315,64,2,570.5,15.41891891891892,0.0,6.348264483234865,4.174387269895637,2,-0.4272577167712141,0.0048944638780142,Potential Loyalists
15316,327,1,165.0,165.0,,5.111987788356544,5.793013608384144,0,-1.7540603720841377,0.7369175854995154,Champions
15318,4,1,312.62,9.473333333333333,0.0,5.748182061952885,1.6094379124341005,2,0.23890129300613,-1.6848393974823834,Potential Loyalists
15319,284,1,204.5,12.78125,0.0,5.32544603393629,5.652489180268651,0,-1.5938584544382763,0.6809095411730655,Champions
15320,44,1,267.13,7.420277777777778,0.0,5.591471937527057,3.80666248977032,0,-0.721669347723112,-0.3895236012409565,Champions
15321,71,3,2748.31,28.92957894736842,0.0,7.919105250086756,4.276666119016055,2,0.369229554133912,0.3477065687459566,Potential Loyalists
15322,86,1,679.68,16.18285714285714,0.0,6.523092298503236,4.465908118654584,0,-0.5347448394240193,0.1282057467272818,Champions
15325,104,1,162.29,3.3120408163265305,0.0,5.0955277611142185,4.653960350157523,0,-1.3035284237552236,0.052531629288905,Champions
15326,334,1,311.71,10.748620689655173,0.0,5.74527624348556,5.814130531825066,0,-1.4550989519534543,0.8330998003873897,Champions
15327,53,1,208.75,20.875,0.0,5.345916345347316,3.9889840465642745,0,-0.9142798889428648,-0.3127157801731578,Champions
15329,39,3,1049.7,18.41578947368421,0.0,6.957211887694729,3.688879454113936,2,0.138841838668609,-0.1312169552369262,Potential Loyalists
15330,32,2,714.9599999999999,54.99692307692307,0.0,6.573624299478299,3.49650756146648,2,-0.0449664300732172,-0.3713826478766874,Potential Loyalists
15332,366,4,1661.06,47.45885714285714,0.0,7.415813075846797,5.905361848054571,0,-0.4557318241114774,1.3311468539511446,Champions
15333,208,1,1028.56,64.285,0.0,6.936886805488385,5.342334251964811,0,-0.6866506658972588,0.7077069193631589,Champions
15334,157,3,351.67,3.5522222222222224,0.0,5.8655327755013085,5.062595033026967,0,-0.9441552245367112,0.5475452965770686,Champions
15335,54,1,173.97,4.8325,0.0,5.164614530656529,4.007333185232471,0,-1.0096884514155031,-0.3256407244380936,Champions
15339,66,2,574.07,6.675232558139536,0.0,6.354491772518179,4.204692619390966,2,-0.4364337130881049,0.023866707280773,Potential Loyalists
15341,81,1,2020.52,118.85411764705884,0.0,7.611604982675218,4.406719247264253,2,0.0175551790002259,0.2363371624514001,Potential Loyalists
15342,130,1,406.09,16.920416666666668,0.0,6.0090342912180414,4.875197323201151,0,-0.9490788030651034,0.3055345087282744,Champions
15343,87,1,364.5,17.357142857142858,0.0,5.901266279189834,4.477336814478207,0,-0.8412424040630758,0.0530280910738467,Champions
15344,1,3,563.94,21.69,0.0,6.3367195308171205,0.6931471805599453,2,1.043517589166176,-2.0073018621276923,Potential Loyalists
15345,46,1,393.54,19.677,0.0,5.9777205293157225,3.8501476017100575,2,-0.5516502182368065,-0.3125304466813368,Potential Loyalists
15346,333,1,252.42,14.848235294117648,0.0,5.5350481913707625,5.811140992976701,0,-1.555961386820943,0.8035789039512573,Champions
15347,366,1,201.6,40.32000000000001,0.0,5.311233591814583,5.905361848054571,0,-1.7025519233919424,0.8304882173147904,Champions
15348,72,1,158.04,17.56,0.0,5.069155742908264,4.290459441148391,0,-1.1700055914469687,-0.1686591146168241,Champions
15349,158,2,473.81,6.580694444444444,0.0,6.1629147240133015,5.068904202220232,0,-0.8773309153354493,0.5161999858993844,Champions
15350,373,1,115.65,23.130000000000003,0.0,4.759177998467439,5.924255797414532,0,-1.9781810180877268,0.7689848830374318,Champions
15351,12,7,1960.11,8.711599999999999,0.0,7.581265918452825,2.5649493574615367,1,1.1943163932925134,-0.4246551645291948,Loyal Customers
15353,255,2,777.02,12.333650793650794,0.0,6.656752230788848,5.545177444479562,0,-0.8292951713683216,0.8665951838836378,Champions
15355,29,2,277.05,19.789285714285715,0.0,5.627800953633573,3.4011973816621555,2,-0.4657974322292775,-0.5532268010007547,Potential Loyalists
15356,31,10,2766.5,5.330443159922929,0.0,7.925699664582792,3.4657359027997265,1,1.2239749219037197,0.383338827190287,Loyal Customers
15358,5,22,8347.2,15.149183303085302,0.0,9.029801225744318,1.791759469228055,1,3.334053545161764,0.4185863634993218,Loyal Customers
15360,40,1,427.93,32.917692307692306,0.0,6.061293735451147,3.713572066704308,2,-0.4560971964149153,-0.3833060071174977,Potential Loyalists
15361,362,1,418.92,59.84571428571429,0.0,6.040064216944044,5.8944028342648505,0,-1.3442926169168592,0.9200617431967092,Champions
15363,373,1,326.0,20.375,0.0,5.7899601708972535,5.924255797414532,0,-1.4777355494602495,0.9049513650615876,Champions
15364,96,2,913.19,31.489310344827587,0.0,6.818038427312331,4.574710978503383,2,-0.3603315370499408,0.306626969023254,Potential Loyalists
15365,26,7,2314.32,20.301052631578948,0.0,7.74730318590928,3.295836866004329,2,0.980710496014366,0.034997656489063,Potential Loyalists
15366,75,2,602.51,13.69340909090909,0.0,6.40276261040859,4.330733340286331,2,-0.4637355934390622,0.1057236735567837,Potential Loyalists
15367,57,4,1877.59,19.76410526315789,0.0,7.538276774433291,4.060443010546419,2,0.3463922770910393,0.2423207190614277,Potential Loyalists
15368,21,1,446.94000000000005,111.735,0.0,6.104659294874325,3.091042453358316,2,-0.1844453043315576,-0.7504383653752339,Potential Loyalists
15370,41,7,2386.05,25.383510638297874,0.0,7.77781357291459,3.737669618283368,2,0.8176645389924615,0.3036496781845908,Potential Loyalists
15372,137,1,2007.4,74.34814814814816,0.0,7.605093664160551,4.927253685157205,2,-0.195146026919793,0.5472427062287553,Potential Loyalists
15373,8,12,2415.91,18.302348484848483,0.0,7.79024514376692,2.19722457733622,1,1.818878198923932,-0.2455785932227066,Loyal Customers
15374,129,1,168.0,56.0,0.0,5.1298987149230735,4.867534450455582,0,-1.3728150707417548,0.1849816063572348,Champions
15376,40,3,1233.36,10.541538461538462,0.0,7.118307896116917,3.713572066704308,2,0.2071141087556489,-0.0951782236649812,Potential Loyalists
15379,169,7,3703.29,19.089123711340207,0.0,8.217246886437776,5.135798437050262,2,0.4681961394866423,1.1989968931743629,Potential Loyalists
15380,9,5,1690.26,46.95166666666667,0.0,7.433229092253918,2.302585092994046,2,1.078028361393247,-0.750021469855543,Potential Loyalists
15381,214,2,596.85,74.60625,0.0,6.393339886365589,5.3706380281276624,0,-0.8869216037819952,0.7273123429526317,Champions
15382,15,6,5955.71,19.7208940397351,0.0,8.692273594221074,2.772588722239781,1,1.575111551327417,-0.2280952797852225,Loyal Customers
15384,170,2,642.41,15.668536585365851,0.0,6.46678215711498,5.14166355650266,0,-0.7590921760414745,0.5998598243886883,Champions
15385,40,1,316.88,26.406666666666663,0.0,5.761673953071979,3.713572066704308,2,-0.601562811181371,-0.4228276915669952,Potential Loyalists
15386,186,1,394.14,12.714193548387096,0.0,5.979240132485259,5.231108616854587,0,-1.1068151712915333,0.514770930829657,Champions
15388,270,1,140.54,14.053999999999998,0.0,4.952582362647639,5.602118820879701,0,-1.7546075548925135,0.6015581486234147,Champions
15389,172,1,500.0,500.0,,6.2166061010848646,5.153291594497779,0,-0.9602487611532592,0.499473896759848,Champions
15392,5,4,1535.53,18.28011904761905,0.0,7.337281906274171,1.791759469228055,1,1.162062536424237,-1.142977574916636,Loyal Customers
15393,16,2,231.86,19.32166666666667,0.0,5.45043741460887,2.833213344056216,2,-0.3232668701389669,-0.9168056205280704,Potential Loyalists
15394,10,4,2183.54,25.68870588235294,0.0,7.689160559050125,2.3978952727983707,1,1.088901277847904,-0.7335288518808016,Loyal Customers
15395,326,1,107.45,15.35,0.0,4.686289237272884,5.7899601708972535,0,-1.9595081632729168,0.6789365396032743,Champions
15396,113,1,288.18,20.58428571428572,0.0,5.66704933159998,4.736198448394496,0,-1.0591590596485876,0.1771738053783733,Champions
15397,290,1,94.0,15.666666666666666,0.0,4.553876891600541,5.673323267171493,0,-1.9768425292944247,0.5916130345970302,Champions
15398,16,2,1345.53,18.43191780821918,0.0,7.205286191988605,2.833213344056216,2,0.5287134436997973,-0.6853303184453119,Potential Loyalists
15399,1,3,815.77,16.3154,0.0,6.705357537478585,0.6931471805599453,1,1.222491600292816,-1.9586762511627631,Loyal Customers
15400,92,5,716.2,59.68333333333334,0.0,6.575354741730978,4.532599493153256,2,-0.2361574722649258,0.4724453252997085,Potential Loyalists
15402,149,2,626.77,14.923095238095238,0.0,6.442173857346988,5.010635294096256,0,-0.7182943933019187,0.5181368965364733,Champions
15405,189,1,349.1,43.6375,0.0,5.85821882796062,5.247024072160486,0,-1.1719778300315078,0.5083397456544806,Champions
15406,31,2,510.71,9.636037735849058,0.0,6.237758058320892,3.4657359027997265,2,-0.1956426646965716,-0.4341155752620729,Potential Loyalists
15407,34,4,1056.44,6.90483660130719,0.0,6.963606171722143,3.555348061489413,2,0.2707141209162209,-0.1359990849614614,Potential Loyalists
15408,264,1,267.18,7.858235294117647,0.0,5.591658396851496,5.579729825986222,0,-1.4353230524020637,0.6724467194838762,Champions
15410,84,8,3450.84,28.285573770491805,0.0,8.146662701187065,4.442651256490317,2,0.7879673857799353,0.8488893570769888,Potential Loyalists
15411,26,4,1358.88,13.726060606060608,0.0,7.215151739543018,3.295836866004329,2,0.4973053133285145,-0.2582480909491677,Potential Loyalists
15412,171,1,190.53,19.053,0.0,5.25504445431457,5.147494476813453,0,-1.4247539993971627,0.3691659501539862,Champions
15414,10,3,774.9000000000001,19.86923076923077,0.0,6.654023645899904,2.3978952727983707,2,0.5113264856263856,-0.9444203216338322,Potential Loyalists
15415,313,1,572.8100000000001,11.933541666666668,0.0,6.3522983310705525,5.749392985908253,0,-1.1343293499869411,0.874396381843654,Champions
15416,65,4,3984.32,20.75166666666667,0.0,8.290372889129587,4.189654742026425,2,0.6595215798103385,0.4189157680880124,Potential Loyalists
15417,85,1,508.8,18.17142857142857,0.0,6.234018491942015,4.454347296253507,0,-0.6704365927133761,0.0831510013817972,Champions
15419,25,1,135.86,16.9825,0.0,4.918958505524352,3.258096538021482,0,-0.8273511127917788,-0.8067856228098401,Champions
15421,59,4,950.36,17.93132075471698,0.0,6.857892539809733,4.0943445622221,2,0.0024182606904949,0.172878575459824,Potential Loyalists
15422,323,2,97.7,16.283333333333335,0.0,4.592084946439436,5.780743515792329,0,-1.9265191751277695,0.7353408431337686,Champions
15423,38,1,43.5,21.75,0.0,3.795489189172194,3.6635616461296463,0,-1.5360153136317132,-0.71213231656803,Champions
15424,254,2,383.34,22.54941176470588,0.0,5.951527577504281,5.541263545158426,0,-1.170106704527451,0.7712275754035347,Champions
15426,19,5,1447.39,4.956815068493151,0.0,7.278207873697534,2.995732273553991,2,0.7237406270261149,-0.3553220975849395,Potential Loyalists
15427,33,3,1483.14,4.84686274509804,0.0,7.302590758900265,3.5263605246161616,2,0.371945149300422,-0.1829970588354392,Potential Loyalists
15428,15,1,93.78,15.63,0.0,4.551558416539442,2.772588722239781,2,-0.8102840450189851,-1.1460338271368973,Potential Loyalists
15429,27,2,397.35,4.845731707317073,0.0,5.987331015826375,3.332204510175204,2,-0.2634724107555724,-0.5471245817258114,Potential Loyalists
15432,23,1,171.19000000000003,17.119000000000003,0.0,5.148598518298095,3.1780538303479458,2,-0.6836397150615662,-0.8244347906264713,Potential Loyalists
15433,214,2,533.3,13.00731707317073,0.0,6.2809574789637255,5.3706380281276624,0,-0.9414833415011632,0.7124884150806376,Champions
15434,8,5,1041.48,18.936,0.0,6.94935776883665,2.19722457733622,2,0.8855211304327734,-0.8769507836493602,Potential Loyalists
15435,22,1,149.29,5.147931034482759,0.0,5.012566760946003,3.1354942159291497,2,-0.7325509526288766,-0.8678685026221504,Potential Loyalists
15436,12,3,1122.53,3.4119452887538,0.0,7.024230793538577,2.5649493574615367,2,0.6238150732799679,-0.7955337923343044,Potential Loyalists
15437,262,1,200.16,4.448,0.0,5.304100611303764,5.572154032177765,0,-1.571882940637456,0.6299787054027238,Champions
15438,131,1,156.57999999999998,6.263199999999999,0.0,5.059933265817542,4.882801922586371,0,-1.4129292316634692,0.1848969037470951,Champions
15440,55,3,383.68,6.188387096774194,0.0,5.952411819844281,4.02535169073515,2,-0.4844354348999065,-0.0622324463044573,Potential Loyalists
15442,249,1,594.0,297.0,0.0,6.38856140554563,5.521460917862246,0,-1.0249700653425136,0.742664027819542,Champions
15443,2,7,3236.91,8.473586387434555,0.0,8.08268333891615,1.0986122886681098,1,2.0280255610987084,-1.236750468639024,Loyal Customers
15444,9,2,1418.26,6.476073059360731,0.0,7.257890888001,2.302585092994046,2,0.767856258341454,-0.9962013651987348,Potential Loyalists
15445,264,1,113.5,22.7,0.0,4.740574822994295,5.579729825986222,0,-1.8485247252211736,0.5601835832548795,Champions
15447,331,1,155.17000000000002,17.241111111111113,0.0,5.050945157499754,5.805134968916488,0,-1.788576038398281,0.7361255522019955,Champions
15448,313,1,494.64,17.665714285714284,0.0,6.2058498567482925,5.749392985908253,0,-1.205430187120378,0.8550789310921874,Champions
15449,26,3,974.52,16.242,0.0,6.882970662159506,3.295836866004329,2,0.2610160730538542,-0.3764153804010904,Potential Loyalists
15450,30,1,429.84,14.328,0.0,6.0657367914825695,3.4339872044851463,2,-0.3413938380444679,-0.55017209748633,Potential Loyalists
15452,30,3,538.73,9.28844827586207,0.0,6.291069014516638,3.4339872044851463,2,-0.0819646976798677,-0.3717482556107769,Potential Loyalists
15453,2,7,1388.37,4.854440559440559,0.0,7.236605685971544,1.0986122886681098,1,1.6172542663982956,-1.3483532932386757,Loyal Customers
15454,362,1,179.1,7.164,0.0,5.19351225218191,5.8944028342648505,0,-1.7552941903377888,0.8083963539631933,Champions
15456,283,3,447.22,7.453666666666667,0.0,6.105284183307442,5.648974238161206,0,-1.0638013654450738,0.9303709018047626,Champions
15457,262,1,237.07,4.087413793103448,0.0,5.472564748074418,5.572154032177765,0,-1.4900934839238422,0.6522001568757814,Champions
15458,25,1,161.64,23.09142857142857,0.0,5.091539169320091,3.258096538021482,0,-0.743563079316471,-0.7840211762086859,Champions
15460,354,1,216.76,3.737241379310345,0.0,5.383393538903156,5.872117789475416,0,-1.6541358980955998,0.8200956453218097,Champions
15462,94,3,234.6,21.327272727272728,0.0,5.462135451777431,4.553876891600541,0,-0.9352215756162996,0.1896474433648805,Champions
15463,29,1,126.14,18.02,0.0,4.845288841508263,3.4011973816621555,0,-0.920722706136156,-0.7307955121864331,Champions
15464,338,1,1048.85,6.680573248407643,0.0,6.956402575803658,5.82600010738045,0,-0.8718743377378871,0.9999638433612056,Champions
15465,20,18,7354.62,75.82082474226804,0.0,8.903219925879805,3.044522437723423,1,2.468240970687069,0.8548063270033657,Loyal Customers
15466,85,1,334.53,5.868947368421052,0.0,5.815711371192059,4.454347296253507,0,-0.8735249936123316,0.0279737300481703,Champions
15467,9,3,524.88,10.093846153846156,0.0,6.265073049828404,2.302585092994046,2,0.3608575945739781,-1.0528095482497106,Potential Loyalists
15468,51,2,467.51,19.47958333333333,0.0,6.149557446167864,3.951243718581428,2,-0.4339041928377679,-0.154963893942821,Potential Loyalists
15469,50,2,538.55,22.43958333333333,0.0,6.290735458809743,3.9318256327243257,2,-0.3575454621745348,-0.1479717509747024,Potential Loyalists
15471,2,1,469.48,6.097142857142857,0.0,6.153753450151701,1.0986122886681098,2,0.641438181930595,-1.9372915600819989,Potential Loyalists
15472,113,1,371.56,4.888947368421053,0.0,5.920398098674122,4.736198448394496,0,-0.936158055308609,0.2105920595018688,Champions
15473,14,7,1771.2,161.01818181818183,0.0,7.479976991613202,2.70805020110221,2,1.08753562845045,-0.352308203838585,Potential Loyalists
15475,77,1,454.11,15.65896551724138,0.0,6.120539147973894,4.356708826689592,0,-0.6862267496507829,0.0097036342873619,Champions
15478,40,2,1441.42,31.33521739130435,0.0,7.274077537572236,3.713572066704308,2,0.2077252851624185,-0.1489818246323798,Potential Loyalists
15480,116,1,905.5,20.122222222222224,0.0,6.809591030194905,4.762173934797756,0,-0.5149106356595082,0.3434395882075597,Champions
15482,16,12,11054.96,112.80571428571427,0.0,9.3107249280559,2.833213344056216,1,2.3010563678585525,0.3358956540845806,Loyal Customers
15483,161,4,233.81,2.656931818181818,0.0,5.458776676484857,5.087596335232384,0,-1.0766847197983735,0.5832163117795687,Champions
15484,1,4,3594.31,19.11867021276596,0.0,8.187385497313695,0.6931471805599453,1,2.017032309529038,-1.6888371151704096,Loyal Customers
15485,30,3,2575.0,29.94186046511628,0.0,7.853993087224244,3.4339872044851463,2,0.6768360372528851,-0.16558899760189,Potential Loyalists
15488,93,1,91.32,45.66,0.0,4.52526080275979,4.543294782270004,0,-1.5358452594218392,-0.0889711603510331,Champions
15489,23,3,1134.28,22.6856,0.0,7.034634595526282,3.1780538303479458,2,0.382062312817706,-0.4269539386685039,Potential Loyalists
15491,95,6,3100.09,20.130454545454548,0.0,8.039508941575132,4.564348191467836,2,0.5369251475153445,0.7589420956262573,Potential Loyalists
15492,28,2,659.46,18.84171428571429,0.0,6.492936561946857,3.367295829986474,2,-0.03212649415247,-0.4594148196180919,Potential Loyalists
15493,33,5,2001.8,6.74006734006734,0.0,7.60230148045579,3.5263605246161616,2,0.6674851029328106,0.0052377625590575,Potential Loyalists
15494,21,2,1299.23,10.39384,0.0,7.170296450877509,3.091042453358316,2,0.4079373772152318,-0.5355237267776896,Potential Loyalists
15497,18,2,1262.2,84.14666666666668,0.0,7.141403462941432,2.9444389791664403,2,0.452924706984021,-0.6271403148502288,Potential Loyalists
15498,3,27,13316.4,26.00859375,0.0,9.496826729846124,1.3862943611198906,1,4.099089283717042,0.6090969515182432,Loyal Customers
15500,8,4,1131.56,16.640588235294118,0.0,7.032235836086242,2.19722457733622,2,0.8507433963713001,-0.9403692297111332,Potential Loyalists
15502,16,12,10384.93,48.75553990610329,0.0,9.248207284539456,2.833213344056216,1,2.270704008025513,0.327649193987843,Loyal Customers
15503,363,1,147.09,2.1012857142857144,0.0,4.997820197049412,5.8971538676367405,0,-1.8514102427763024,0.7842310535943239,Champions
15504,81,1,52.83,4.063846153846153,0.0,3.985830932572866,4.406719247264253,0,-1.7427606686861734,-0.2419246424116044,Champions
15505,53,5,3610.96,37.22639175257732,0.0,8.192005840278435,3.9889840465642745,2,0.767558935303503,0.3601031393616343,Potential Loyalists
15506,23,3,979.26,5.971097560975609,0.0,6.88781784259962,3.1780538303479458,2,0.310782676163192,-0.446319967623576,Potential Loyalists
15507,172,1,492.36,10.703478260869565,0.0,6.201239130683238,5.153291594497779,0,-0.96770943607539,0.4974468992420763,Champions
15508,189,6,1000.27,10.8725,0.0,6.909024473214282,5.247024072160486,0,-0.2867354817058107,1.0187003001633064,Champions
15510,331,1,250.0,250.0,,5.525452939131784,5.805134968916488,0,-1.5582021771716552,0.7987160349317367,Champions
15511,12,5,909.23,5.6826875,0.0,6.813697314828437,2.5649493574615367,2,0.6716311093416057,-0.6746033061708043,Potential Loyalists
15512,156,2,121.0,17.285714285714285,0.0,4.804021044733257,5.056245805348308,0,-1.5319791420471405,0.3293720749289339,Champions
15513,33,19,14758.22,47.9162987012987,0.0,9.599623251229634,3.5263605246161616,1,2.687397540175521,1.3096047281779215,Loyal Customers
15514,12,11,4139.46,23.255393258426967,0.0,8.328562171758088,2.5649493574615367,1,1.857189624758269,-0.0286799285509999,Loyal Customers
15516,45,3,62.43,4.162,0.0,4.149936935645806,3.828641396489095,0,-1.280352974687921,-0.4178058981318445,Champions
15517,233,1,267.03,9.89,0.0,5.591098914544516,5.455321115357702,0,-1.385514237435698,0.5978606354542696,Champions
15518,64,8,1942.45,9.076869158878504,0.0,7.572220023179759,4.174387269895637,2,0.6170641209452937,0.6124451207849362,Potential Loyalists
15520,2,1,343.5,19.08333333333333,0.0,5.842094090453713,1.0986122886681098,2,0.490127343920522,-1.978401338521557,Potential Loyalists
15521,40,8,3000.2,16.217297297297296,0.0,8.006767487671574,3.713572066704308,2,1.013537333995715,0.3937678920008393,Potential Loyalists
15522,33,2,398.84,6.99719298245614,0.0,5.991064467086642,3.5263605246161616,2,-0.3398168803689592,-0.4303459805029904,Potential Loyalists
15523,84,1,412.0100000000001,41.20100000000001,0.0,6.023471805742962,4.442651256490317,0,-0.7679489424755881,0.0483734782603159,Champions
15524,25,1,440.0,440.0,,6.089044875446846,3.258096538021482,2,-0.2592733584490136,-0.6524440639063184,Potential Loyalists
15525,2,3,825.92,4.64,0.0,6.717707955157117,1.0986122886681098,2,1.0652686780049003,-1.7142013651727055,Potential Loyalists
15526,33,2,148.44,37.11,0.0,5.006894974480533,3.5263605246161616,0,-0.8176318602061918,-0.5601639645584553,Champions
15527,19,8,2429.78,14.906625766871167,0.0,7.795967472483399,2.995732273553991,1,1.200158557604366,-0.0639747229917898,Loyal Customers
15528,254,1,229.33,8.820384615384615,0.0,5.439513063214815,5.541263545158426,0,-1.4937052047160122,0.6293391541544082,Champions
15529,23,11,3995.23,5.945282738095238,0.0,8.293106695669628,3.1780538303479458,1,1.5931721525833038,0.3338508054511519,Loyal Customers
15530,22,4,1502.35,13.91064814814815,0.0,7.315451230241661,3.1354942159291497,2,0.61054635626552,-0.3410522238230837,Potential Loyalists
15531,8,2,2007.44,8.804561403508773,0.0,7.605113580313547,2.19722457733622,2,0.978845755690684,-1.0135042879154346,Potential Loyalists
15532,25,4,1580.93,6.1755078125,0.0,7.366400899561026,3.258096538021482,2,0.5859291700866379,-0.2609012683285788,Potential Loyalists
15533,19,3,807.57,9.729759036144578,0.0,6.695267255355902,2.995732273553991,2,0.2906923595932308,-0.5809166771321161,Potential Loyalists
15535,173,4,536.4,7.152,0.0,6.286742696181391,5.159055299214529,0,-0.7034722794778524,0.7352291193135772,Champions
15537,163,1,110.92,4.621666666666667,0.0,4.717784330357226,5.099866427824199,0,-1.666421603902349,0.2697721144221162,Champions
15539,7,1,538.46,13.13317073170732,0.0,6.290568639224737,2.079441541679836,2,0.3130314632797318,-1.3317953479226678,Potential Loyalists
15540,11,1,213.3,14.22,0.0,5.367376902479531,2.4849066497880004,2,-0.298397832007155,-1.2107242022422111,Potential Loyalists
15541,114,1,85.13000000000001,2.9355172413793107,0.0,4.455857782801083,4.74493212836325,0,-1.6507091302472063,0.0226410969014346,Champions
15543,288,1,127.86,4.566428571428571,0.0,4.858726543710496,5.666426688112432,0,-1.8260616068577915,0.6276939930537238,Champions
15544,9,9,3546.71,13.693861003861004,0.0,8.174057603899483,2.302585092994046,1,1.7377614997409585,-0.3548993686168026,Loyal Customers
15545,54,2,292.72,3.613827160493827,0.0,5.68262693258341,4.007333185232471,0,-0.6831779725666928,-0.1829611450728802,Champions
15547,7,14,4954.84,7.058176638176638,0.0,8.50832195812781,2.079441541679836,1,2.364948478031107,-0.0727026817305084,Loyal Customers
15549,77,3,1693.26,14.724,0.0,7.435001346315463,4.356708826689592,2,0.1019757586157604,0.3317903907635257,Potential Loyalists
15550,4,4,575.63,9.43655737704918,0.0,6.357200812987149,1.6094379124341005,2,0.7596256060917927,-1.3814543817506872,Potential Loyalists
15551,37,1,436.06,15.036551724137931,0.0,6.080070485442007,3.6375861597263857,2,-0.4163931167638278,-0.4263395854461757,Potential Loyalists
15552,217,1,90.12,5.301176470588236,0.0,4.512177319138927,5.384495062789089,0,-1.8808205630603465,0.4131243209233939,Champions
15553,60,1,437.23,7.807678571428572,0.0,6.082743886707506,4.110873864173311,0,-0.6056160694954112,-0.1425200737117004,Champions
15554,278,1,217.2,15.514285714285714,0.0,5.38541207339897,5.631211781821365,0,-1.5561797317262838,0.6760757267428017,Champions
15555,12,16,4805.17,5.345016685205784,0.0,8.477655788121927,2.5649493574615367,1,2.3046501497904264,0.3627392864136933,Loyal Customers
15556,24,1,279.77,9.024838709677418,0.0,5.637535828837275,3.218875824868201,2,-0.4626931086329916,-0.7354913897811454,Potential Loyalists
15557,29,1,473.65,23.6825,0.0,6.162577690327808,3.4011973816621555,2,-0.2811780449093595,-0.5570370447097958,Potential Loyalists
15561,12,4,800.5899999999999,29.65148148148148,0.0,6.686597255202886,2.5649493574615367,2,0.5349088472157362,-0.7657191532711841,Potential Loyalists
15562,352,1,134.55,134.55,,4.909340575944674,5.8664680569332965,0,-1.8820146575285173,0.7541813536644948,Champions
15563,22,4,1400.44,12.393274336283186,0.0,7.245255558414779,3.1354942159291497,2,0.5764663082955241,-0.3503114628814437,Potential Loyalists
15565,50,2,173.16000000000005,21.645000000000003,0.0,5.159974416926292,3.9318256327243257,0,-0.9065307421363772,-0.2971260582445347,Champions
15567,19,1,186.01,26.572857142857146,0.0,5.231162091360629,2.995732273553991,2,-0.5701619135916399,-0.922742257332437,Potential Loyalists
15568,3,3,758.29,14.307358490566036,0.0,6.63238378610744,1.3862943611198906,2,0.9080379688656144,-1.5531543154344771,Potential Loyalists
15569,104,5,1375.71,44.37774193548388,0.0,7.227451873789157,4.653960350157523,2,0.0315826058512431,0.6311477606828099,Potential Loyalists
15570,7,12,4165.52,12.896346749226009,0.0,8.334836434002748,2.079441541679836,1,2.1306909463984884,-0.2442876264619578,Loyal Customers
15571,12,4,650.4300000000001,11.411052631578947,0.0,6.47916994643317,2.5649493574615367,2,0.4342027431329501,-0.7930800857780732,Potential Loyalists
15572,5,7,2552.86,11.873767441860466,0.0,7.845361219115093,1.791759469228055,1,1.6337806813778049,-0.8529070893308109,Loyal Customers
15573,32,2,607.45,5.840865384615385,0.0,6.410914739782809,3.49650756146648,2,-0.1239620355754301,-0.392845035387082,Potential Loyalists
15574,178,4,702.25,4.180059523809524,0.0,6.555712447369967,5.187385805840755,0,-0.5842916575036279,0.7876759072932048,Champions
15576,38,1,940.67,20.903777777777776,0.0,6.847654894729176,3.6635616461296463,2,-0.0541867200641608,-0.3095329656682017,Potential Loyalists
15577,151,3,258.88,6.637948717948718,0.0,5.5602199860123305,5.0238805208462765,0,-1.0768003592680844,0.4840853321239321,Champions
15578,162,1,127.1,9.776923076923076,0.0,4.852811208902689,5.093750200806762,0,-1.5984038862396293,0.2839197862422536,Champions
15579,69,2,348.6,6.835294117647059,0.0,5.85678964378138,4.248495242049359,0,-0.6957010924297242,-0.0155484852000332,Champions
15581,121,13,3679.97,24.53313333333333,0.0,8.210931583386559,4.804021044733257,2,1.048776854961336,1.4455553880636898,Potential Loyalists
15582,25,3,682.9100000000001,15.52068181818182,0.0,6.527826330017913,3.258096538021482,2,0.1037855337310519,-0.4458649610269461,Potential Loyalists
15584,24,4,725.11,5.895203252032521,0.0,6.58770151849905,3.218875824868201,2,0.2236582827419966,-0.3871070033393861,Potential Loyalists
15585,177,1,455.3,14.687096774193549,0.0,6.123150487933357,5.181783550292085,0,-1.017090899091612,0.5042112563272265,Champions
15587,50,4,913.68,101.52,0.0,6.818574277330894,3.9318256327243257,2,0.0487508427478067,0.0703545636808439,Potential Loyalists
15589,256,3,478.53,16.50103448275862,0.0,6.172806457538428,5.54907608489522,0,-0.9908054790862216,0.8794453612217942,Champions
15592,47,1,388.58,16.190833333333334,0.0,5.965069235748451,3.871201010907891,2,-0.5662674322238397,-0.3015896816651541,Potential Loyalists
15593,71,1,199.8,39.96,0.0,5.302309387817574,4.276666119016055,0,-1.051256862591449,-0.1461659747199638,Champions
15594,16,5,1771.78,17.201747572815535,0.0,7.48030421490088,2.833213344056216,2,0.887280168715311,-0.4260020444878777,Potential Loyalists
15596,101,5,1406.59,18.2674025974026,0.0,7.249634301131203,4.624972813284271,2,0.0540210570625414,0.6167122122870288,Potential Loyalists
15597,35,1,324.57,14.753181818181815,0.0,5.785577492291319,3.58351893845611,2,-0.5376050345854066,-0.4975675722450435,Potential Loyalists
15598,53,1,240.68,17.19142857142857,0.0,5.487614537078416,3.9889840465642745,0,-0.8454853173435342,-0.294024920790669,Champions
15599,27,2,761.74,14.648846153846154,0.0,6.636917213055248,3.332204510175204,2,0.0519021441999543,-0.4614401836337662,Potential Loyalists
15601,11,14,6776.56,16.52819512195122,0.0,8.821372434155471,2.4849066497880004,1,2.353715645251736,0.2114363837261119,Loyal Customers
15602,8,9,1297.87,27.61425531914894,0.0,7.16924993468027,2.19722457733622,1,1.2923393070428335,-0.5505433771266195,Loyal Customers
15603,79,1,48.48,24.24,0.0,3.901568547524288,4.382026634673881,0,-1.7737301606654834,-0.2678285484591102,Champions
15604,52,1,216.39,12.728823529411766,0.0,5.381692975469088,3.970291913552122,0,-0.8893858341855795,-0.3191919291733273,Champions
15605,36,5,1198.23,17.88402985074627,0.0,7.089434963153261,3.610917912644224,2,0.3844496640183457,-0.0117683964320319,Potential Loyalists
15606,61,9,2920.16,37.92415584415584,0.0,7.9797360766493295,4.127134385045092,2,0.9089500865357945,0.7122483178977839,Potential Loyalists
15607,337,1,104.76,8.05846153846154,0.0,4.6611723761033765,5.823045895483019,0,-1.985021000327872,0.6954395515626985,Champions
15608,28,4,1093.68,18.228,0.0,6.998217362097996,3.367295829986474,2,0.363217877008855,-0.2440640457520965,Potential Loyalists
15609,184,1,298.48,18.655,0.0,5.702047637362485,5.220355825078324,0,-1.2370638104268956,0.4717673581593715,Champions
15610,52,1,112.46,18.743333333333336,0.0,4.731450351898421,3.970291913552122,0,-1.205079084591052,-0.404962913920428,Champions
15611,10,13,1591.45,37.01046511627907,0.0,7.373028989779162,2.3978952727983707,1,1.6105550241930997,-0.1060734053571746,Loyal Customers
15612,36,2,195.15,32.525,0.0,5.278879672655561,3.610917912644224,0,-0.7196214828094953,-0.4736434410601537,Champions
15615,10,23,10399.74,24.585673758865248,0.0,9.249632236444302,2.3978952727983707,1,3.271798157537169,0.8849677645165528,Loyal Customers
15618,33,4,776.851,17.263355555555556,0.0,6.656534989127213,3.5263605246161616,2,0.1332997132700692,-0.1938652011670789,Potential Loyalists
15619,11,1,336.4,112.13333333333333,0.0,5.821269170111868,2.4849066497880004,2,-0.0780328173055455,-1.1508530320778498,Potential Loyalists
15620,57,3,1553.18,15.5318,0.0,7.348703354335633,4.060443010546419,2,0.1793391545812555,0.1429642530690892,Potential Loyalists
15621,4,4,1293.03,80.814375,0.0,7.165516658717914,1.6094379124341005,1,1.1520635168699709,-1.274832570811407,Loyal Customers
15622,43,9,3709.56,20.051675675675675,0.0,8.2189380876069,3.784189633918261,1,1.163134461827134,0.5384001437571088,Loyal Customers
15623,141,1,301.03000000000003,15.843684210526318,0.0,5.7105263501895465,4.955827057601261,0,-1.1264619346046352,0.3144511637430669,Champions
15624,117,4,588.13,17.297941176470587,0.0,6.3786468723710446,4.770684624465665,0,-0.5025150039889095,0.5147444459398912,Champions
15625,104,4,1534.26,23.9728125,0.0,7.336455026785429,4.653960350157523,2,0.0094886192672911,0.5711753734456498,Potential Loyalists
15626,75,2,675.8,13.791836734693875,0.0,6.517375808292013,4.330733340286331,2,-0.408090805374425,0.1208418563567569,Potential Loyalists
15628,5,9,2870.24,18.51767741935484,0.0,7.962499271193586,1.791759469228055,1,1.8406814757592864,-0.6887547212872827,Loyal Customers
15630,45,2,1186.35,19.7725,0.0,7.079479212140812,3.828641396489095,2,0.0669267640362909,-0.1057318993419597,Potential Loyalists
15632,16,8,3285.31,19.67251497005988,0.0,8.097520633770152,2.833213344056216,1,1.4119844552920489,-0.1215357061585067,Loyal Customers
15634,17,1,243.55,16.236666666666668,0.0,5.499419786985366,2.8903717578961645,2,-0.3975099775910355,-0.9504611467682568,Potential Loyalists
15636,90,2,724.76,28.9904,0.0,6.587219381659278,4.51085950651685,2,-0.446691080730829,0.237937870788736,Potential Loyalists
15637,53,1,223.36,14.890666666666668,0.0,5.413251904640136,3.9889840465642745,0,-0.8815884276167979,-0.303833807476063,Champions
15639,134,1,425.32,17.0128,0.0,6.055190237988527,4.90527477843843,0,-0.9387776698140984,0.3296370935842261,Champions
15640,4,15,12515.66,25.858801652892563,0.0,9.43481583590086,1.6094379124341005,1,3.078975894184658,-0.1576418317073985,Loyal Customers
15641,105,4,1887.2,15.858823529411763,0.0,7.543379273298417,4.663439094112067,2,0.1061348394117587,0.604147066472878,Potential Loyalists
15643,192,3,664.0,20.12121212121212,0.0,6.499787040655854,5.262690188904886,0,-0.7167721840948922,0.7510505934305093,Champions
15644,166,4,813.0,3.4159663865546217,0.0,6.70196036600254,5.117993812416755,0,-0.4853546008856866,0.7654058588260244,Champions
15645,19,1,612.01,11.769423076923076,0.0,6.418381249016855,2.995732273553991,2,0.0062338212281175,-0.7661407787895105,Potential Loyalists
15646,158,3,447.64,12.789714285714288,0.0,6.106220784406171,5.068904202220232,0,-0.8298407689145887,0.583072278773452,Champions
15648,204,2,657.35,26.294,0.0,6.489736704802353,5.3230099791384085,0,-0.8209483177409634,0.7115017390343448,Champions
15649,336,2,816.0,408.0,31.0,6.705639094860003,5.820082930352362,0,-0.9162231437509756,1.0376931918680488,Champions
15651,37,3,646.3,20.196875,0.0,6.472809865551464,3.6375861597263857,2,-0.0756876840699759,-0.2258337141933095,Potential Loyalists
15652,91,1,337.74,16.082857142857144,0.0,5.825232851462975,4.5217885770490405,0,-0.8960506427267126,0.0696223732376449,Champions
15653,93,2,877.44,146.24,0.0,6.7781476070590925,4.543294782270004,2,-0.3670520398282113,0.2825489786915927,Potential Loyalists
15654,9,2,922.53,43.93,0.0,6.828203284222655,2.302585092994046,2,0.5592426249397637,-1.0528797919486004,Potential Loyalists
15655,243,1,560.6700000000001,16.49029411764706,0.0,6.330914488818843,5.497168225293202,0,-1.043178715656343,0.7205103897254616,Champions
15656,45,4,748.5,15.925531914893616,0.0,6.619406317542652,3.828641396489095,2,-0.0064087615659008,-0.0177171905484518,Potential Loyalists
15657,23,1,30.0,30.0,,3.4339872044851463,3.1780538303479458,0,-1.5160847120801004,-1.050602524812654,Champions
15658,190,5,1024.1,21.33541666666667,0.0,6.932545447789356,5.25227342804663,0,-0.3524442422413235,0.9505962941589624,Champions
15659,44,1,306.45,27.85909090909091,0.0,5.728312472399479,3.80666248977032,0,-0.6552331719401758,-0.3714734965509921,Champions
15660,25,9,1600.86,17.787333333333333,0.0,7.378920733047961,3.258096538021482,2,0.9670830276170216,0.1125030281681993,Potential Loyalists
15661,317,2,309.8,61.96,0.0,5.739149618493492,5.762051382780177,0,-1.3620939955607172,0.8754503934388845,Champions
15663,106,1,138.14,15.348888888888888,0.0,4.935480620495495,4.672828834461906,0,-1.3888268884456114,0.0427213591335973,Champions
15664,51,1,386.43,22.731176470588235,0.0,5.959535187313809,3.951243718581428,2,-0.601175226879,-0.2543795645162396,Potential Loyalists
15665,168,2,2242.01,19.327672413793103,0.0,7.7155739928250275,5.1298987149230735,2,-0.1480669525161957,0.7575367831011829,Potential Loyalists
15667,40,1,301.32000000000005,23.17846153846154,0.0,5.711486059041234,3.713572066704308,2,-0.6259290689799869,-0.429447782187573,Potential Loyalists
15668,218,1,76.32000000000001,76.32000000000001,,4.34795265434013,5.389071729816501,0,-1.9623940800757769,0.3942031914209826,Champions
15669,40,4,684.34,20.73757575757576,0.0,6.529915065486092,3.713572066704308,2,-0.0035359298247791,-0.0984402711416234,Potential Loyalists
15670,297,1,173.05,14.420833333333334,0.0,5.159342614257448,5.697093486505405,0,-1.6924571435566718,0.6857144029183747,Champions
15671,19,7,2657.13,34.065769230769234,0.0,7.885378147031288,2.995732273553991,1,1.1685524089740311,-0.1265314781390789,Loyal Customers
15673,88,4,2881.02,18.587225806451613,0.0,7.966246716160649,4.48863636973214,2,0.3818037197447082,0.5552310294591171,Potential Loyalists
15674,73,5,2446.6,21.46140350877193,0.0,7.802863231588385,4.30406509320417,2,0.4517947654930164,0.4974847823751887,Potential Loyalists
15675,81,3,323.69,15.413809523809524,0.0,5.782870880975165,4.406719247264253,0,-0.7202663238533751,0.1438170750581317,Champions
15676,19,3,3435.76,17.00871287128713,0.0,8.142284446073054,2.995732273553991,2,0.9932202219188356,-0.3900462467806594,Potential Loyalists
15677,49,1,657.23,19.916060606060608,0.0,6.489554414321968,3.912023005428146,2,-0.3280623108995169,-0.2079572992974817,Potential Loyalists
15678,53,1,352.7,29.391666666666666,0.0,5.868449096211435,3.9889840465642745,0,-0.6605898714263809,-0.2437905098515696,Champions
15679,24,4,781.28,7.102545454545455,0.0,6.6622127327244485,3.218875824868201,2,0.2598335295772546,-0.3772785178062164,Potential Loyalists
15680,9,3,1333.68,17.09846153846154,0.0,7.196446841727092,2.302585092994046,2,0.8130402246396201,-0.9299556404881408,Potential Loyalists
15681,25,5,1426.16,26.90867924528302,0.0,7.263441734527154,3.258096538021482,2,0.6109575170709954,-0.2001316420601046,Potential Loyalists
15683,117,1,193.75,19.375,0.0,5.271716684750857,4.770684624465665,0,-1.2649756692175744,0.1456818620440142,Champions
15687,9,9,2993.1,18.030722891566263,0.0,8.004398964555403,2.302585092994046,1,1.6553921111890535,-0.3772783822955537,Loyal Customers
15689,120,2,254.1,28.23333333333333,0.0,5.541655625147766,4.795790545596741,0,-1.0690113617157555,0.2706757572237756,Champions
15690,4,2,239.76,12.618947368421052,0.0,5.48380058667957,1.6094379124341005,2,0.1855589950032133,-1.6453623626367238,Potential Loyalists
15691,252,1,136.8,68.4,0.0,4.925803358579558,5.53338948872752,0,-1.7399419435521573,0.5568616779242975,Champions
15692,28,1,191.04,15.92,0.0,5.25770368366274,3.367295829986474,2,-0.7068480179728204,-0.6967001727483948,Potential Loyalists
15694,1,14,6479.4,83.06923076923077,0.0,8.776537515836264,0.6931471805599453,1,3.0532169674397838,-0.8676186478523407,Loyal Customers
15695,267,2,409.98,18.635454545454547,0.0,6.018544551511725,5.5909869805108565,0,-1.1575859725955449,0.8098484521611133,Champions
15696,33,8,2736.46,16.002690058479534,0.0,7.914785762145856,3.5263605246161616,2,1.044241722897295,0.2695080655279313,Potential Loyalists
15699,18,1,309.65,17.202777777777776,0.0,5.738666876509702,2.9444389791664403,2,-0.3031199847789528,-0.886520433035641,Potential Loyalists
15700,172,2,696.68,8.10093023255814,0.0,6.54776054491873,5.153291594497779,0,-0.7244579521879513,0.6175057669585019,Champions
15701,2,4,1542.14,6.506919831223629,0.0,7.34157458058683,1.0986122886681098,1,1.4431714567051908,-1.5575589653765258,Loyal Customers
15703,265,1,211.5,42.3,0.0,5.358941988364472,5.583496308781699,0,-1.5498232212563032,0.6440058646939686,Champions
15704,140,4,2293.62,19.603589743589744,0.0,7.738322531443156,4.948759890378168,2,0.0859246893734325,0.8007488639965521,Potential Loyalists
15705,201,1,143.1,23.85,0.0,4.970507503005476,5.308267697401205,0,-1.6276157840318397,0.4279259157353182,Champions
15706,64,4,1060.56,19.28290909090909,0.0,6.967494803332995,4.174387269895637,2,0.0234092263505131,0.2352758773591788,Potential Loyalists
15707,35,4,945.58,4.418598130841121,0.0,6.852855489000475,3.58351893845611,2,0.2056044641084314,-0.1337353551976872,Potential Loyalists
15708,41,7,3364.24,11.68138888888889,0.0,8.121254561972354,3.737669618283368,2,0.9844053803767744,0.3489516481973291,Potential Loyalists
15709,284,1,133.25,22.20833333333333,0.0,4.899703733388974,5.652489180268651,0,-1.8005566403505369,0.6247515240841244,Champions
15712,9,5,1072.36,20.23320754716981,0.0,6.978549194282216,2.302585092994046,2,0.8572809516087271,-0.8099965332858564,Potential Loyalists
15713,143,2,356.7,18.77368421052632,0.0,5.879694646264972,4.969813299576001,0,-0.9749456440921233,0.4194928685696971,Champions
15714,12,2,330.88,9.453714285714286,0.0,5.804773457796085,2.5649493574615367,2,-0.0432474135573446,-1.030738254779089,Potential Loyalists
15716,146,4,1118.81,9.481440677966102,0.0,7.0209143070410205,4.990432586778736,0,-0.279152756732591,0.7310774120665959,Champions
15717,234,1,150.3,21.47142857142857,0.0,5.01926462079431,5.459585514144159,0,-1.664856812697642,0.5249862720490817,Champions
15719,33,13,5045.61,5.384855923159018,0.0,8.526472009726604,3.5263605246161616,1,1.71629129526159,0.7219460819030102,Loyal Customers
15720,24,1,598.73,4.677578125,0.0,6.3964795539357615,3.218875824868201,2,-0.0942253970955607,-0.6353820639546207,Potential Loyalists
15721,12,1,507.08,5.572307692307692,0.0,6.23063891549472,2.5649493574615367,2,0.0884954713224012,-1.0489145632628794,Potential Loyalists
15722,36,5,2222.56,32.21101449275362,0.0,7.706864794070598,3.610917912644224,2,0.6842122805463782,0.069674379987654,Potential Loyalists
15723,365,1,203.1,4.953658536585366,0.0,5.318610069815799,5.902633333401366,0,-1.6978722807627704,0.8298270268061296,Champions
15724,201,2,218.25,19.84090909090909,0.0,5.390212631252292,5.308267697401205,0,-1.3488335555953723,0.5576381635758156,Champions
15725,15,1,415.25,12.9765625,0.0,6.031286041294654,2.772588722239781,2,-0.0918752439955396,-0.9508486901863208,Potential Loyalists
15727,17,7,5178.96,17.14887417218543,0.0,8.552552613215992,2.8903717578961645,1,1.534878717238612,-0.1016308021960949,Loyal Customers
15729,213,1,85.0,17.0,0.0,4.454347296253507,5.365976015021851,0,-1.9014422791498904,0.3944045472466503,Champions
15730,66,3,1120.88,16.01257142857143,0.0,7.022761128491225,4.204692619390966,2,-0.0369733775252264,0.1863660991997521,Potential Loyalists
15732,212,2,294.12,21.00857142857143,0.0,5.68738205328842,5.3612921657094255,0,-1.2259024718327496,0.6285946502323323,Champions
15733,283,1,162.3,16.23,0.0,5.095588999976419,5.648974238161206,0,-1.7040392738877537,0.6484847812886745,Champions
15734,115,2,1339.45,51.517307692307696,0.0,7.200760657465263,4.7535901911063645,2,-0.2465270464520818,0.4642467549502901,Potential Loyalists
15737,15,8,1205.12,16.73777777777778,0.0,7.095163874824649,2.772588722239781,2,0.9497438487507912,-0.2900626924668154,Potential Loyalists
15738,19,16,4812.42,27.81745664739885,0.0,8.479163129156776,2.995732273553991,1,2.1319712800517263,0.6209475346995262,Loyal Customers
15739,66,1,449.12,56.14,0.0,6.109514213881797,4.204692619390966,0,-0.6303855837684694,-0.082797903931939,Champions
15740,49,1,154.88,17.20888888888889,0.0,5.049086480470509,3.912023005428146,0,-1.0274105044173196,-0.3979638425545372,Champions
15743,16,4,784.46,8.914318181818182,0.0,6.666269533420063,2.833213344056216,2,0.4170506652482019,-0.6077287756454457,Potential Loyalists
15744,78,1,34.8,11.6,0.0,3.5779478934066544,4.3694478524670215,0,-1.9257846552967932,-0.3180499226998958,Champions
15745,19,4,1094.59,17.65467741935484,0.0,6.999048309928502,2.995732273553991,2,0.5131933688480094,-0.4664955246374352,Potential Loyalists
15746,134,1,196.88,7.031428571428571,0.0,5.287660786359508,4.90527477843843,0,-1.3114137576118126,0.2283952578412502,Champions
15747,13,3,974.04,10.473548387096772,0.0,6.882478495797344,2.6390573296152584,2,0.5251622372310255,-0.7698461961303437,Potential Loyalists
15748,40,1,149.31,7.11,0.0,5.012699828145135,3.713572066704308,0,-0.9651902748338724,-0.5216219660676608,Champions
15749,235,3,44534.3,4453.43,0.0,10.70403741211812,5.4638318050256105,1,1.2434252229535108,1.426087000636003,Loyal Customers
15750,3,8,2465.48,8.414607508532423,0.0,7.810547311984927,1.3862943611198906,1,1.8551126576769368,-1.025994476411781,Loyal Customers
15752,40,7,2637.38,6.41698296836983,0.0,7.877920371424875,3.713572066704308,2,0.8759668746533296,0.3024215974315101,Potential Loyalists
15753,305,1,79.2,79.2,,4.384523514872469,5.723585101952381,0,-2.079296500113845,0.5993776786686059,Champions
15754,51,3,458.57,16.3775,0.0,6.130291269692714,3.951243718581428,2,-0.3682428411310129,-0.0831546498687797,Potential Loyalists
15755,10,6,2364.25,16.7677304964539,0.0,7.768639003584553,2.3978952727983707,1,1.2775183063186013,-0.5743440167352343,Loyal Customers
15756,61,4,532.96,2.7758333333333334,0.0,6.280320929787532,4.127134385045092,2,-0.291192630335634,0.1163321974314919,Potential Loyalists
15757,66,2,714.42,15.876,0.0,6.572869782822179,4.204692619390966,2,-0.3304110357198048,0.0526721043924421,Potential Loyalists
15758,25,1,205.25,22.80555555555556,0.0,5.32908902521479,3.258096538021482,2,-0.6282324574496027,-0.7526868952371681,Potential Loyalists
15759,218,3,253.04,36.14857142857143,0.0,5.537491734934775,5.389071729816501,0,-1.2348418332082016,0.6998118235195199,Champions
15762,65,2,583.75,15.777027027027026,0.0,6.371184405464288,4.189654742026425,2,-0.422275964676909,0.0170619106644349,Potential Loyalists
15763,32,2,1086.92,17.818360655737706,0.0,6.992022895300703,3.49650756146648,2,0.1581663820376544,-0.316193310420725,Potential Loyalists
15764,88,6,3279.9700000000003,18.22205555555556,0.0,8.095894389365505,4.48863636973214,2,0.5947779439684785,0.7210334931499122,Potential Loyalists
15766,64,1,315.06,28.64181818181818,0.0,5.755932068980957,4.174387269895637,0,-0.7898506137993431,-0.147588380318873,Champions
15768,116,3,621.83,23.030740740740743,0.0,6.434273608356568,4.762173934797756,0,-0.5470973197134916,0.4426340629804136,Champions
15769,7,26,56252.72,432.7132307692308,0.0,10.937627451213288,2.079441541679836,1,4.444559128004026,1.1399444412257136,Loyal Customers
15773,6,1,635.6800000000001,63.568000000000005,0.0,6.4562671745616536,1.9459101490553128,2,0.4472309775006582,-1.3899148419255558,Potential Loyalists
15774,69,1,270.8,10.832,0.0,5.605066501717044,4.248495242049359,0,-0.8929279486017477,-0.1231028801831974,Champions
15775,245,1,104.9,14.985714285714286,0.0,4.662495252607361,5.5053315359323625,0,-1.8564835487236064,0.505324936677205,Champions
15776,133,1,241.62,13.423333333333334,0.0,5.491496433342773,4.897839799950911,0,-1.2094584741381802,0.2508293859862266,Champions
15777,241,4,1047.11,49.86238095238096,0.0,6.954743821204941,5.488937726156687,0,-0.5119506861812109,1.0209195073712187,Champions
15780,184,3,475.28,16.38896551724138,0.0,6.166005916582974,5.220355825078324,0,-0.8617815521979864,0.6816674384165844,Champions
15781,25,3,345.46000000000004,17.273000000000003,0.0,5.847767371850795,3.258096538021482,2,-0.2263835680608499,-0.5355689029306285,Potential Loyalists
15782,10,3,2614.74,60.80790697674418,0.0,7.869302319258532,2.3978952727983707,1,1.1013451350257069,-0.7841176211068626,Loyal Customers
15783,11,1,246.3,17.592857142857145,0.0,5.510602174527371,2.4849066497880004,2,-0.2288618618415869,-1.1918319116126666,Potential Loyalists
15785,33,5,2328.9700000000003,28.059879518072293,0.0,7.753610670940375,3.5263605246161616,2,0.7409458211767116,0.0251963715439377,Potential Loyalists
15786,46,3,4932.2,18.47265917602996,0.0,8.503743143691834,3.8501476017100575,2,0.8247657228869022,0.1693685494066405,Potential Loyalists
15787,26,3,948.05,4.602184466019417,0.0,6.855461484261003,3.295836866004329,2,0.2476603478645825,-0.3800440094580126,Potential Loyalists
15789,358,1,351.3,14.052,0.0,5.864483085347192,5.883322388488279,0,-1.4250769713253155,0.8902650894656792,Champions
15790,10,1,220.85,6.31,0.0,5.402001477824919,2.3978952727983707,2,-0.2465613440944323,-1.2582708556762914,Potential Loyalists
15791,44,2,1612.69,21.502533333333336,0.0,7.386278760989393,3.80666248977032,2,0.22472571946705,-0.0784270173838816,Potential Loyalists
15793,15,3,965.61,80.4675,0.0,6.873795104898541,2.772588722239781,2,0.467193685905699,-0.6910154428674705,Potential Loyalists
15795,150,1,610.01,14.524047619047618,0.0,6.415113325649775,5.017279836814924,0,-0.8091221399476981,0.4441965012674943,Champions
15796,1,8,2711.56,20.38766917293233,0.0,7.905648117419743,0.6931471805599453,1,2.180308989391762,-1.428597718182154,Loyal Customers
15797,113,4,2207.4,275.925,0.0,7.70002355040989,4.736198448394496,2,0.1528966330784541,0.668387268953834,Potential Loyalists
15799,76,3,884.14,9.021836734693878,0.0,6.785745824587275,4.343805421853684,2,-0.2080440168297633,0.2384213563003311,Potential Loyalists
15800,107,2,699.08,5.874621848739496,0.0,6.551194614227576,4.68213122712422,0,-0.5331261729124848,0.3357659970006509,Champions
15801,46,3,1063.95,16.62421875,0.0,6.97068312868461,3.8501476017100575,2,0.0804640089410526,-0.0328514564759549,Potential Loyalists
15802,143,1,451.42,451.42,,6.11461095192969,4.969813299576001,0,-0.9359087066274118,0.3761291973802185,Champions
15803,51,1,415.8200000000001,51.977500000000006,0.0,6.032654473932845,3.951243718581428,2,-0.5656757618741743,-0.2447346827598244,Potential Loyalists
15804,1,13,4206.39,15.9938783269962,0.0,8.344597781932357,0.6931471805599453,1,2.7684948293645006,-0.9989447151152544,Loyal Customers
15805,23,17,5528.4800000000005,18.36704318936877,0.0,8.617849057545314,3.1780538303479458,1,2.200925360834609,0.8227897365424959,Loyal Customers
15806,46,3,784.58,25.30903225806452,0.0,6.666422298467717,3.8501476017100575,2,-0.0672548378100012,-0.0729853235613955,Potential Loyalists
15807,50,3,903.9,18.83125,0.0,6.807824440357088,3.9318256327243257,2,-0.031483304568502,-0.0054139764134457,Potential Loyalists
15808,306,4,3734.97,17.95658653846154,0.0,8.225762769337907,5.726847747587197,2,0.0093597667656761,1.3310664769261025,Potential Loyalists
15809,36,5,515.77,14.736285714285714,0.0,6.247597901247849,3.610917912644224,2,-0.0242628207543944,-0.1228118611002414,Potential Loyalists
15810,79,4,1391.98,15.640224719101123,0.0,7.239200616174941,4.382026634673881,2,0.0717378344134633,0.3954772764635521,Potential Loyalists
15811,22,6,2218.62,16.681353383458646,0.0,7.705091289043697,3.1354942159291497,2,0.949747066287982,-0.1409551720338284,Potential Loyalists
15812,107,5,1801.14,43.930243902439024,0.0,7.496730126604398,4.68213122712422,2,0.1509772641389103,0.6835396346989592,Potential Loyalists
15813,208,2,1303.91,32.59775,0.0,7.173889351861321,5.342334251964811,0,-0.4965706692716056,0.8133195776118378,Champions
15814,17,4,1945.33,27.018472222222226,0.0,7.573700826991937,2.8903717578961645,2,0.8346002058365444,-0.4537990604750866,Potential Loyalists
15815,64,5,2100.6,42.86938775510204,0.0,7.65045423837133,4.174387269895637,2,0.430001605616353,0.3997129806827466,Potential Loyalists
15819,49,4,1905.45,15.491463414634149,0.0,7.552998152884997,3.912023005428146,2,0.4132856527715975,0.1553691556157929,Potential Loyalists
15820,320,1,206.98,12.175294117647056,0.0,5.337441921232086,5.771441123130016,0,-1.6359182772746372,0.753735927437049,Champions
15821,44,2,570.96,9.209032258064516,0.0,6.349069058864647,3.80666248977032,2,-0.2788403193413363,-0.2152413299430433,Potential Loyalists
15822,3,2,885.47,26.83242424242424,0.0,6.787247283994098,1.3862943611198906,2,0.9082092119334192,-1.607077442288659,Potential Loyalists
15823,372,1,15.0,15.0,,2.772588722239781,5.921578419643816,0,-2.9415937345240986,0.5053380241073817,Champions
15825,172,1,532.94,26.647,0.0,6.2802834730968256,5.153291594497779,0,-0.9293333523211744,0.5078733321484139,Champions
15826,56,3,1654.31,24.32808823529412,0.0,7.411743581448863,4.04305126783455,2,0.2169462356618591,0.1408631841004552,Potential Loyalists
15827,73,14,1836.09,15.966,0.0,7.515938076938256,4.30406509320417,2,0.9876282466481348,1.128792733874889,Potential Loyalists
15829,99,2,636.14,12.473333333333333,0.0,6.456989411643809,4.605170185988092,0,-0.5478823725414531,0.2772453686399577,Champions
15830,38,1,576.0,14.76923076923077,0.0,6.3578422665081,3.6635616461296463,2,-0.2919910950582805,-0.3741422514043305,Potential Loyalists
15831,58,3,801.76,11.790588235294118,0.0,6.688055790070482,4.07753744390572,2,-0.1482870271781429,0.0660591860465852,Potential Loyalists
15832,254,1,836.79,15.49611111111111,0.0,6.730767472418783,5.541263545158426,0,-0.866800282206426,0.7996635195863273,Champions
15834,70,4,2233.75,8.182234432234432,0.0,7.711884643967962,4.262679877041316,2,0.3492690282033565,0.3863466726670685,Potential Loyalists
15835,44,4,954.09,19.0818,0.0,6.861805576878038,3.80666248977032,2,0.1201238080782231,0.00109289877482,Potential Loyalists
15836,50,1,137.37,13.737,0.0,4.929931256681293,3.9318256327243257,0,-1.0932319519093772,-0.4018207308371046,Champions
15837,65,1,391.98,16.3325,0.0,5.97375871998905,4.189654742026425,0,-0.6902415080010418,-0.1097115422142044,Champions
15838,11,19,33643.08,201.45556886227547,0.0,10.423592390918046,2.4849066497880004,1,3.506670029070329,0.7945318633034479,Loyal Customers
15839,33,3,1048.49,16.911129032258064,0.0,6.9560596108684605,3.5263605246161616,2,0.2037040335640106,-0.2287066397438969,Potential Loyalists
15840,59,2,355.56,13.168888888888889,0.0,5.876502528638301,4.0943445622221,0,-0.6240774667901329,-0.1052739194808859,Champions
15841,73,4,1224.06,26.04382978723404,0.0,7.110745101371203,4.30406509320417,2,0.0407558332857433,0.3318395910610572,Potential Loyalists
15843,304,1,118.95,14.86875,0.0,4.787074989285704,5.720311776607412,0,-1.8825398068902632,0.6505161863728743,Champions
15844,46,1,130.73999999999998,11.885454545454545,0.0,4.880830283212546,3.8501476017100575,0,-1.084191203060047,-0.457216988531103,Champions
15845,18,8,3711.77,26.89688405797101,0.0,8.219533507739182,2.9444389791664403,1,1.4264481643941258,-0.0388249339258644,Loyal Customers
15847,38,2,389.27,17.694090909090907,0.0,5.966838807281578,3.6635616461296463,2,-0.4068084551964205,-0.3513674317943624,Potential Loyalists
15850,19,2,238.85,2.4623711340206187,0.0,5.480013727948073,2.995732273553991,2,-0.3743291753452904,-0.8155666315094783,Potential Loyalists
15852,187,2,160.71,7.305000000000001,0.0,5.085804607589853,5.236441962829949,0,-1.4677105784813929,0.4744661920535806,Champions
15853,52,1,110.8,3.693333333333333,0.0,4.716711560720999,3.970291913552122,0,-1.2122347780586649,-0.406907050750966,Champions
15854,4,12,2974.65,21.2475,0.0,7.998217781509793,1.6094379124341005,1,2.156461248114753,-0.5701896264268036,Loyal Customers
15855,137,5,712.24,8.903,0.0,6.569817969665846,4.927253685157205,0,-0.3977127280016592,0.7080857841429615,Champions
15856,4,27,16387.57,25.40708527131783,0.0,9.704339419609372,1.6094379124341005,1,4.110010910351786,0.7701168288638229,Loyal Customers
15857,19,1,297.0,21.214285714285715,0.0,5.697093486505405,2.995732273553991,2,-0.3439518940277264,-0.8612830525102314,Potential Loyalists
15858,16,5,1438.85,7.533246073298429,0.0,7.272294220477655,2.833213344056216,2,0.7862911703385299,-0.4534398368013802,Potential Loyalists
15860,41,8,977.21,6.881760563380282,0.0,6.885724370911315,3.737669618283368,2,0.4595696988263731,0.2603282192013675,Potential Loyalists
15861,12,8,3165.36,5.797362637362638,0.0,8.06033794212576,2.5649493574615367,1,1.501921291151414,-0.2871120595632217,Loyal Customers
15862,8,4,832.88,5.665850340136054,0.0,6.726089507114236,2.19722457733622,2,0.7021091386504631,-0.980751805630943,Potential Loyalists
15863,26,2,68.84,3.824444444444445,0.0,4.246206911531347,3.295836866004329,0,-1.0941496735771576,-0.7985712398883907,Champions
15864,22,6,1936.32,96.816,0.0,7.569060853685923,3.1354942159291497,2,0.8837041943883363,-0.1588984196359984,Potential Loyalists
15865,41,3,895.13,22.37825,0.0,6.798085491736212,3.737669618283368,2,0.0419454918586804,-0.1229847395214518,Potential Loyalists
15866,101,1,230.53,5.122888888888889,0.0,5.444709454763107,4.624972813284271,0,-1.122331599102119,0.0812292869704232,Champions
15867,5,15,3812.64,8.270368763557483,0.0,8.246339392612617,1.791759469228055,1,2.4285766175434613,-0.2052110462360076,Loyal Customers
15869,277,2,149.64,9.976,0.0,5.014892884348897,5.627621113690637,0,-1.6596065490036074,0.6994019831156897,Champions
15870,33,1,354.09000000000003,4.659078947368421,0.0,5.872371278471126,3.5263605246161616,2,-0.472457600715356,-0.5203529098255522,Potential Loyalists
15872,15,2,360.93,2.819765625,0.0,5.8914508229616045,2.772588722239781,2,-0.0847502467857874,-0.8949432412116829,Potential Loyalists
15874,64,7,4405.88,36.71566666666667,0.0,8.390922235063499,4.174387269895637,2,0.9395295258690576,0.6460863862803602,Potential Loyalists
15877,2,2,493.28,3.823875968992248,0.0,6.20310215823599,1.0986122886681098,2,0.7404121082788238,-1.856431592472403,Potential Loyalists
15880,369,1,343.28,3.269333333333333,0.0,5.8414552797812735,5.91350300563827,0,-1.4484061260147685,0.9053037005521948,Champions
15881,312,5,501.39,17.289310344827587,0.0,6.2193767104972935,5.746203190540153,0,-0.8975184695778501,1.1523550203261224,Champions
15882,199,4,516.36,22.450434782608696,0.0,6.248738957138337,5.298317366548036,0,-0.7779827505125289,0.8136246201735524,Champions
15883,2,2,396.48,8.091428571428573,0.0,5.9851446183631625,1.0986122886681098,2,0.6345935696001525,-1.885181526958844,Potential Loyalists
15885,93,3,379.35,21.075000000000003,0.0,5.941091881443311,4.543294782270004,0,-0.6984280885584557,0.2464867723207117,Champions
15886,60,1,181.09,15.090833333333334,0.0,5.204501070343752,4.110873864173311,0,-1.0320035736252429,-0.2583656803760871,Champions
15888,81,1,168.31,14.025833333333331,0.0,5.131731354140141,4.406719247264253,0,-1.1864252092555294,-0.0907733582336585,Champions
15889,157,2,446.87,4.80505376344086,0.0,6.104503011733608,5.062595033026967,0,-0.9031501009343847,0.5047163636595423,Champions
15891,227,1,524.52,8.459999999999999,0.0,6.2643882485842175,5.429345628954441,0,-1.0481754198322522,0.6711140876887173,Champions
15894,253,2,263.55,6.4280487804878055,0.0,5.5780302693501405,5.537334267018537,0,-1.3498581879468456,0.7196076246991178,Champions
15895,150,1,179.17,16.288181818181815,0.0,5.1939008496276085,5.017279836814924,0,-1.402021654707445,0.2831110958250087,Champions
15897,194,2,222.05,9.252083333333331,0.0,5.407395961574274,5.272999558563747,0,-1.326293927436268,0.5387815538529649,Champions
15898,1,5,1388.88,16.149767441860465,0.0,7.236972691462756,0.6931471805599453,1,1.6306213187345535,-1.73985181472981,Loyal Customers
15899,369,1,56.25,14.0625,0.0,4.047427642434349,5.91350300563827,0,-2.319407803882707,0.6686604668715325,Champions
15900,24,1,351.11,6.884509803921569,0.0,5.863943626780142,3.218875824868201,2,-0.3527719637267449,-0.7056268144979289,Potential Loyalists
15901,17,3,363.88,3.136896551724138,0.0,5.899568532403445,2.8903717578961645,2,-0.0532072928362904,-0.7489779348492531,Potential Loyalists
15903,10,7,5126.76,69.28054054054054,0.0,8.54242419563319,2.3978952727983707,1,1.7282066543993857,-0.3979264397595453,Loyal Customers
15904,8,1,164.68,5.489333333333334,0.0,5.110058217087329,2.19722457733622,2,-0.3075204693356437,-1.4169679431488142,Potential Loyalists
15906,20,7,1567.69,10.451266666666667,0.0,7.357996155136706,3.044522437723423,2,0.8928677117132094,-0.1668744310716099,Potential Loyalists
15907,4,3,967.45,3.885341365461848,0.0,6.875696855288249,1.6094379124341005,2,0.9363407048499988,-1.387412148768486,Potential Loyalists
15909,174,1,191.94,27.42,0.0,5.262379259742407,5.1647859739235145,0,-1.428153599115649,0.3804898767177854,Champions
15910,1,8,1232.18,4.614906367041199,0.0,7.117351477910972,0.6931471805599453,1,1.7975904172937436,-1.5325788732042829,Loyal Customers
15912,178,2,264.62,13.927368421052632,0.0,5.582066715972105,5.187385805840755,0,-1.2070275317154209,0.5105449302878905,Champions
15916,16,8,1528.09,9.858645161290324,0.0,7.33242806619807,2.833213344056216,2,1.0405314764153883,-0.2224561019685999,Potential Loyalists
15917,248,1,123.1,10.258333333333333,0.0,4.821087692210561,5.517452896464707,0,-1.7843662340808906,0.5335041144253498,Champions
15918,191,2,334.23,8.35575,0.0,5.814816863409831,5.2574953720277815,0,-1.1222496183745747,0.5832369218799069,Champions
15919,20,2,639.89,4.4747552447552446,0.0,6.462857835330253,3.044522437723423,2,0.0832019592164611,-0.6567015119006634,Potential Loyalists
15920,154,4,167.5,2.7916666666666665,0.0,5.126935749792416,5.043425116919247,0,-1.2200126991073004,0.5129889308300046,Champions
15921,173,1,336.03000000000003,13.441200000000002,0.0,5.820171947161762,5.159055299214529,0,-1.1550379875449406,0.4506338675333122,Champions
15922,373,1,369.5,33.59090909090909,0.0,5.914853444736141,5.924255797414532,0,-1.417099777299592,0.921425552844952,Champions
15923,373,1,127.08,6.051428571428572,0.0,4.852655068688459,5.924255797414532,0,-1.932797834846976,0.7813150811411854,Champions
15925,194,1,207.15,17.2625,0.0,5.3382589736409845,5.272999558563747,0,-1.4348750775483894,0.4553113909292265,Champions
15930,67,1,426.63,20.31571428571429,0.0,6.058258335716989,4.219507705176107,0,-0.6612341277624403,-0.0806856479333338,Champions
15932,4,8,2495.87,21.703217391304342,0.0,7.822793226449505,1.6094379124341005,1,1.7712321277693652,-0.8907314827257015,Loyal Customers
15933,21,3,1107.46,14.965675675675676,0.0,7.010726943606016,3.091042453358316,2,0.4054813632860838,-0.4822213513854008,Potential Loyalists
15935,239,2,416.86,34.73833333333334,0.0,6.035146448194105,5.480638923341991,0,-1.1051053802058857,0.7459474261814943,Champions
15937,64,1,145.35000000000002,20.76428571428572,0.0,4.986001013137895,4.174387269895637,0,-1.163652682129609,-0.249147002367367,Champions
15938,112,5,404.58,22.47666666666667,0.0,6.0053181413965175,4.727387818712341,0,-0.5913222402882592,0.5139188534007364,Champions
15939,90,15,6115.01,80.46065789473684,0.0,8.718665202103209,4.51085950651685,1,1.563323582905338,1.4856460493057424,Loyal Customers
15940,311,1,35.8,35.8,,3.605497845174885,5.7430031878094825,0,-2.465330716234618,0.5082495229551565,Champions
15942,134,1,337.44,24.102857142857143,0.0,5.8243468240563,4.90527477843843,0,-1.0508523093982884,0.299187433384124,Champions
15944,277,1,325.1,54.18333333333334,0.0,5.787204082795274,5.627621113690637,0,-1.3596640136838436,0.726923989796475,Champions
15945,365,1,181.0,90.5,0.0,5.204006687076795,5.902633333401366,0,-1.753512303567899,0.8147101386838225,Champions
15947,83,1,1708.24,58.9048275862069,0.0,7.443804106257556,4.430816798843313,2,-0.0736126790258622,0.2286359797062203,Potential Loyalists
15948,8,2,955.24,15.920666666666667,0.0,6.863008927569726,2.19722457733622,2,0.6185534256074336,-1.1113924369600432,Potential Loyalists
15949,17,2,364.72,19.19578947368421,0.0,5.901868013296226,2.8903717578961645,2,-0.1271059871639052,-0.8230251899906295,Potential Loyalists
15950,32,4,1765.51,18.015408163265302,0.0,7.476761127694584,3.49650756146648,2,0.543537322125895,-0.103552227063941,Potential Loyalists
15951,9,2,708.22,17.273658536585366,0.0,6.56416577459204,2.302585092994046,2,0.4310522285819704,-1.0877079566832193,Potential Loyalists
15952,34,4,806.57,8.863406593406594,0.0,6.694029738646186,3.555348061489413,2,0.1398345733357578,-0.1715578676241038,Potential Loyalists
15953,15,8,1659.38,16.932448979591836,0.0,7.414801770816047,2.772588722239781,1,1.1049282717345987,-0.2479004962220868,Loyal Customers
15955,24,14,4416.26,24.13256830601093,0.0,8.393274873346142,3.218875824868201,1,1.8504163537244915,0.5945648887495979,Loyal Customers
15957,32,1,428.89,10.211666666666666,0.0,6.063529362008149,3.49650756146648,2,-0.3676329743678921,-0.5130178651860502,Potential Loyalists
15958,74,1,104.35,14.907142857142857,0.0,4.6572881402501976,4.31748811353631,0,-1.3808479324966323,-0.2067986531188984,Champions
15963,20,2,470.76,16.812857142857144,0.0,6.156470381692249,3.044522437723423,2,-0.0655493646990582,-0.6971158936407928,Potential Loyalists
15965,17,4,845.64,6.931475409836065,0.0,6.741275574785469,2.8903717578961645,2,0.4304571612825054,-0.5636010497972201,Potential Loyalists
15967,23,2,418.83,4.986071428571428,0.0,6.039849867434441,3.1780538303479458,2,-0.1759214652188454,-0.6325227080575552,Potential Loyalists
15969,3,3,666.1,33.305,0.0,6.502939959715469,1.3862943611198906,2,0.8451929002446059,-1.570228748971462,Potential Loyalists
15970,304,1,314.1,28.55454545454545,0.0,5.752890048763229,5.720311776607412,0,-1.4136359172271782,0.777913108278847,Champions
15971,18,12,4199.85,119.9957142857143,0.0,8.343042164747578,2.9444389791664403,1,1.7864720797750624,0.2748688974381423,Loyal Customers
15973,367,1,307.82000000000005,76.95500000000001,0.0,5.732758582892719,5.908082938168931,0,-1.4989966128366277,0.8877196918019473,Champions
15974,39,7,3442.15,19.55767045454545,0.0,8.14414202904651,3.688879454113936,2,1.0151576315334752,0.3227486833065172,Potential Loyalists
15975,84,1,371.01,15.45875,0.0,5.91892073563227,4.442651256490317,0,-0.8187085604399861,0.0345825517435114,Champions
15976,165,2,430.94,4.39734693877551,0.0,6.068286689709266,5.111987788356544,0,-0.9406160922336422,0.5295220817191676,Champions
15977,17,2,1054.73,16.226615384615386,0.0,6.961987749755856,2.8903717578961645,2,0.3875828894036616,-0.683188903580073,Potential Loyalists
15978,77,1,1098.78,22.42408163265306,0.0,7.002865438783795,4.356708826689592,2,-0.257856715809545,0.1260878762422381,Potential Loyalists
15980,89,3,2398.86,55.78744186046512,0.0,7.783165681301249,4.499809670330265,2,0.2134048680385528,0.4634229895639113,Potential Loyalists
15981,25,8,3408.48,35.13896907216495,0.0,8.134315065980752,3.258096538021482,1,1.2588124128493154,0.1377935966729284,Loyal Customers
15983,22,4,1475.02,13.053274336283186,0.0,7.297104555204116,3.1354942159291497,2,0.6016390326500202,-0.3434722626328501,Potential Loyalists
15984,3,10,2837.67,10.50988888888889,0.0,7.951090911604787,1.3862943611198906,1,2.073376861827342,-0.8587547732899333,Loyal Customers
15985,123,2,1142.42,30.876216216216218,0.0,7.04177905036834,4.820281565605037,2,-0.3505591897450712,0.4832196664061289,Potential Loyalists
15986,30,1,168.12,12.008571428571427,0.0,5.130608522121928,3.4339872044851463,0,-0.7953992695546372,-0.6735212438210866,Champions
15987,12,7,1451.28,10.366285714285716,0.0,7.280890014259552,2.5649493574615367,2,1.0484836808542897,-0.4642765860771747,Potential Loyalists
15988,19,1,158.03,5.852962962962963,0.0,5.069092863667825,2.995732273553991,2,-0.6488466374568472,-0.9441201811296812,Potential Loyalists
15990,44,2,792.11,15.232884615384616,0.0,6.675961925760257,3.80666248977032,2,-0.1201336028884068,-0.1721221585997757,Potential Loyalists
15992,4,1,41.99,13.996666666666664,0.0,3.76096753050819,1.6094379124341005,2,-0.7258927576203977,-1.946965165752996,Potential Loyalists
15993,9,7,2797.57,5.068061594202899,0.0,7.93686385141862,2.302585092994046,1,1.472573578499651,-0.5348878188775638,Loyal Customers
15994,55,1,427.07,12.202,0.0,6.059286733610594,4.02535169073515,2,-0.5825777770406277,-0.1968361320867104,Potential Loyalists
15996,88,6,1060.68,8.159076923076924,0.0,6.967607838128994,4.48863636973214,2,0.0469940309535469,0.5722055863525219,Potential Loyalists
15998,37,5,3089.97,6.106660079051383,0.0,8.036240236488123,3.6375861597263857,2,0.8333890468404984,0.1290934691636772,Potential Loyalists
16000,3,3,12393.7,1377.0777777777778,0.0,9.4250242408686,1.3862943611198906,1,2.2638668709086005,-1.1847879346916366,Loyal Customers
16003,30,5,2735.37,26.55699029126213,0.0,7.914387503517288,3.4339872044851463,2,0.8561877566097791,-0.0089214626699208,Potential Loyalists
16005,12,4,615.39,2.822889908256881,0.0,6.423879880082695,2.5649493574615367,2,0.407359377089877,-0.8003731841781313,Potential Loyalists
16006,211,1,101.4,12.675,0.0,4.628886712605407,5.356586274672012,0,-1.8129234512725765,0.4118035548487356,Champions
16007,48,4,1701.94,4.420623376623377,0.0,7.4401114480984,3.8918202981106265,2,0.3666116322825853,0.1283786717833135,Potential Loyalists
16008,24,3,478.78,14.508484848484848,0.0,6.173327665501776,3.218875824868201,2,-0.0525356078166917,-0.5161160233207192,Potential Loyalists
16009,22,4,992.71,11.030111111111111,0.0,6.9014454135860985,3.1354942159291497,2,0.4095462415251755,-0.3956621268014234,Potential Loyalists
16010,246,3,407.5,4.738372093023256,0.0,6.012491914300058,5.5093883366279774,0,-1.052662089454322,0.8345286518900946,Champions
16011,8,16,3362.71,15.86183962264151,0.0,8.120799810480259,2.19722457733622,1,2.2794230974239227,0.095425874966111,Loyal Customers
16012,35,3,1415.29,15.05627659574468,0.0,7.255796055544432,3.58351893845611,2,0.3262172982325529,-0.1549355972383998,Potential Loyalists
16013,4,47,37130.6,267.126618705036,0.0,10.52222363808218,1.6094379124341005,3,6.007396151135501,2.3650121818799112,At-Risk / Lost Customers
16014,38,3,662.38,4.5681379310344825,0.0,6.497347978334654,3.6635616461296463,2,-0.074230786160428,-0.2070394520394221,Potential Loyalists
16015,4,3,705.39,3.875769230769231,0.0,6.560167492904158,1.6094379124341005,2,0.7831509778179405,-1.4290324042658822,Potential Loyalists
16016,3,8,1508.76,6.420255319148936,0.0,7.319705976779256,1.3862943611198906,1,1.6168088447193407,-1.0907394548999485,Loyal Customers
16017,47,1,211.88,6.62125,0.0,5.360728626669434,3.871201010907891,0,-0.8596752223568774,-0.3813059095536457,Champions
16018,39,2,408.9,14.603571428571428,0.0,6.015913227510292,3.688879454113936,2,-0.3931744158359188,-0.3297305846699457,Potential Loyalists
16019,47,9,3786.24,23.664,0.0,8.239392800596635,3.871201010907891,1,1.1380390070830029,0.5932120926800194,Loyal Customers
16020,17,3,851.01,18.500217391304343,0.0,6.747598263849638,2.8903717578961645,2,0.3585117373475773,-0.637117619138875,Potential Loyalists
16022,260,1,628.28,8.266842105263157,0.0,6.4445763086835,5.564520407322694,0,-1.0151082902547708,0.7758424175109835,Champions
16023,46,3,719.81,7.126831683168317,0.0,6.58037557967181,3.8501476017100575,2,-0.109030580215564,-0.0843354128017076,Potential Loyalists
16024,12,1,251.24,3.925625,0.0,5.530381015236806,2.5649493574615367,2,-0.251480231040191,-1.1412828693456796,Potential Loyalists
16025,30,1,439.66,15.702142857142857,0.0,6.0882736030360425,3.4339872044851463,2,-0.3304522002077746,-0.5471993540057711,Potential Loyalists
16026,43,1,236.09,7.3778125,0.0,5.468439815884993,3.784189633918261,0,-0.7723551320818481,-0.4192119909670049,Champions
16027,92,6,934.62,58.41375,0.0,6.841209411138237,4.532599493153256,2,-0.0320697496434172,0.5818637552941848,Potential Loyalists
16029,39,63,81024.84,334.813388429752,0.0,11.302523395126636,3.688879454113936,3,6.749399262174188,4.9029904926920125,At-Risk / Lost Customers
16030,310,1,331.24,11.422068965517242,0.0,5.805857599322498,5.739792912179234,0,-1.395762221128383,0.7965677166819533,Champions
16031,92,2,548.94,5.489400000000001,0.0,6.30980918136658,4.532599493153256,0,-0.5901253100609855,0.2143665271706198,Champions
16033,6,20,8816.4,7.754089709762533,0.0,9.084482320962824,1.9459101490553128,1,3.1485180612633408,0.3694236779002691,Loyal Customers
16034,196,3,437.7000000000001,19.895454545454548,0.0,6.083815808172169,5.2832037287379885,0,-0.9269841884881678,0.7084676434708953,Champions
16036,87,2,758.9200000000001,13.798545454545456,0.0,6.633213164581927,4.477336814478207,2,-0.4108665832468617,0.2239269391443505,Potential Loyalists
16037,270,3,855.02,21.923589743589744,0.0,6.752293740354778,5.602118820879701,0,-0.7308162292560845,0.987652243980808,Champions
16038,8,3,471.78,18.14538461538461,0.0,6.158630164012735,2.19722457733622,2,0.3515921351350525,-1.1299537393967185,Potential Loyalists
16040,65,3,1313.55,20.20846153846154,0.0,7.181249680723068,4.189654742026425,2,0.0460263892817083,0.1982650528289345,Potential Loyalists
16041,31,3,3166.4,527.7333333333333,0.0,8.060666341057626,3.4657359027997265,2,0.7643956807068152,-0.1193122368069065,Potential Loyalists
16042,22,5,1197.27,16.862957746478873,0.0,7.088634128908167,3.1354942159291497,2,0.5754415881916454,-0.2966202179751627,Potential Loyalists
16043,38,4,773.99,19.845897435897434,0.0,6.652850126044293,3.6635616461296463,2,0.0762807096769007,-0.1121771955596186,Potential Loyalists
16045,120,4,1340.7,16.15301204819277,0.0,7.201692745596426,4.795790545596741,2,-0.1130319860708014,0.6383459625520994,Potential Loyalists
16048,373,2,256.44,32.055,0.0,5.550786683244073,5.924255797414532,0,-1.5188393517701555,0.9477534878717966,Champions
16049,40,3,1111.79,3.563429487179487,0.0,7.014625654228094,3.713572066704308,2,0.1567763075031416,-0.1088545464177991,Potential Loyalists
16050,174,1,137.9,13.79,0.0,4.933754249760298,5.1647859739235145,0,-1.5877012722535484,0.3371422250921333,Champions
16052,54,1,362.06,10.648823529411764,0.0,5.894568109862285,4.007333185232471,0,-0.6552954760686173,-0.2293553764177721,Champions
16053,33,2,1511.95,17.999404761904763,0.0,7.321816666315659,3.5263605246161616,2,0.3062642469368746,-0.254811614645108,Potential Loyalists
16054,145,1,783.9,11.198571428571428,0.0,6.665556321132768,4.983606621708336,0,-0.6739768134628269,0.4570635200054939,Champions
16055,221,1,134.8,16.85,0.0,4.911183215124596,5.402677381872279,0,-1.694422171607352,0.4766456045577337,Champions
16056,45,1,664.85,9.77720588235294,0.0,6.501064419948154,3.828641396489095,2,-0.2889091177068297,-0.2563789239443451,Potential Loyalists
16057,16,7,2263.12,18.703471074380165,0.0,7.724941441452005,2.833213344056216,1,1.156081901845243,-0.2450317544064048,Loyal Customers
16059,66,6,1459.86,8.110333333333333,0.0,7.286780582381662,4.204692619390966,2,0.3162535345059489,0.4442435945376123,Potential Loyalists
16062,10,4,1153.62,18.0253125,0.0,7.051526564493091,2.3978952727983707,2,0.7793295256835231,-0.8176366812338871,Potential Loyalists
16063,260,1,335.32,14.57913043478261,0.0,5.818063087688587,5.564520407322694,0,-1.3192808990446827,0.6932014863048309,Champions
16065,365,1,372.09,5.028243243243243,0.0,5.921819677402093,5.902633333401366,0,-1.405013592648746,0.9093940686704128,Champions
16066,17,5,1521.87,14.920294117647058,0.0,7.328351991405618,2.8903717578961645,2,0.7904982677681854,-0.4118115038809044,Potential Loyalists
16070,22,2,852.15,25.82272727272727,0.0,6.748935381973274,3.1354942159291497,2,0.1854723262382245,-0.5644802755968409,Potential Loyalists
16071,45,1,326.24,15.535238095238096,0.0,5.790693846645498,3.828641396489095,2,-0.6337945299347205,-0.350081153541279,Potential Loyalists
16072,288,1,584.3199999999999,25.405217391304344,0.0,6.3721587062242255,5.666426688112432,0,-1.0912892290820688,0.827324964972976,Champions
16073,297,1,122.4,122.4,,4.815431111471288,5.697093486505405,0,-1.85942641968656,0.6403503692629918,Champions
16076,3,10,2234.73,17.323488372093024,0.0,7.712323075642278,1.3862943611198906,1,1.9574549097821707,-0.8902497132924522,Loyal Customers
16078,284,1,79.2,79.2,,4.384523514872469,5.652489180268651,0,-2.05067699824861,0.5567960978130181,Champions
16079,17,3,1352.0,64.38095238095238,0.0,7.210079628170788,2.8903717578961645,2,0.583046764523682,-0.5761134945135432,Potential Loyalists
16080,82,2,217.16,21.716,0.0,5.385228738537333,4.418840607796598,0,-0.9932163833481228,0.0242749337753837,Champions
16081,56,5,2806.9,12.365198237885464,0.0,7.940192151975948,4.04305126783455,2,0.6235385756113073,0.3592699287802797,Potential Loyalists
16083,101,2,1317.62,42.50387096774193,0.0,7.184341014166175,4.624972813284271,2,-0.2027241613620244,0.3850479155528075,Potential Loyalists
16084,299,1,436.18,11.47842105263158,0.0,6.0803450096018565,5.703782474656201,0,-1.2480024707960513,0.8112065050770981,Champions
16085,23,5,981.51,5.877305389221557,0.0,6.890110521808668,3.1780538303479458,2,0.4619259613612669,-0.2973164076827354,Potential Loyalists
16086,59,5,1121.39,28.753589743589743,0.0,7.023215619268875,4.0943445622221,2,0.1576978257893951,0.2690362729900209,Potential Loyalists
16091,155,2,315.06,17.503333333333334,0.0,5.755932068980957,5.049856007249537,0,-1.0672534725349163,0.4511079186205382,Champions
16092,115,3,817.86,16.036470588235293,0.0,6.707913129070193,4.7535901911063645,0,-0.4107897736960966,0.4735877180479454,Champions
16093,107,1,17.0,17.0,,2.8903717578961645,4.68213122712422,0,-2.3854733345536543,-0.2214695308311801,Champions
16094,12,4,1078.23,17.114761904761906,0.0,6.984003102876341,2.5649493574615367,2,0.6792995951277332,-0.7264895003695913,Potential Loyalists
16096,264,1,320.62,26.718333333333334,0.0,5.773370724425878,5.579729825986222,0,-1.3471015897491063,0.6964156884683413,Champions
16097,240,1,185.05,18.505,0.0,5.226015454792631,5.484796933490655,0,-1.574627937212084,0.5673578844113485,Champions
16098,88,7,2005.63,29.934776119402983,0.0,7.604211977042565,4.48863636973214,2,0.4310808813957379,0.7305281421937494,Potential Loyalists
16099,50,3,731.9,18.766666666666666,0.0,6.597009266931805,3.9318256327243257,2,-0.1338342193208449,-0.0332217890188774,Potential Loyalists
16101,71,1,1290.7,16.982894736842105,0.0,7.16371445923797,4.276666119016055,2,-0.1475433931620282,0.0993647551978417,Potential Loyalists
16102,42,3,1842.14,32.31824561403509,0.0,7.519225917888408,3.7612001156935615,2,0.3825875268972756,-0.0137687462988462,Potential Loyalists
16103,7,6,1429.64,29.784166666666668,0.0,7.265877175579781,2.079441541679836,1,1.161619912213935,-0.8313933244929569,Loyal Customers
16104,62,1,302.36,10.426206896551724,0.0,5.714920219066657,4.143134726391533,0,-0.7971812552999823,-0.1717162245686309,Champions
16105,249,1,336.96,25.92,0.0,5.822927545284644,5.521460917862246,0,-1.2995857017408547,0.6680534571767268,Champions
16106,66,1,108.38,18.063333333333333,0.0,4.694828057918627,4.204692619390966,0,-1.3172167060151032,-0.269403672773644,Champions
16107,18,7,3204.1600000000003,103.36,0.0,8.072517290105589,2.9444389791664403,1,1.2800565935683406,-0.1325678442528108,Loyal Customers
16108,85,1,842.5,17.552083333333332,0.0,6.737559901986023,4.454347296253507,2,-0.4259668845025733,0.1495711975283583,Potential Loyalists
16109,219,2,611.88,33.99333333333333,0.0,6.418169158208565,5.393627546352362,0,-0.8841213532331834,0.7443566206285118,Champions
16110,45,3,1337.48,3.77819209039548,0.0,7.199289920749408,3.828641396489095,2,0.2001100411241565,-0.0155775622875658,Potential Loyalists
16112,143,4,195.74,12.23375,0.0,5.281883060084612,4.969813299576001,0,-1.1151534011906197,0.4893390003020634,Champions
16113,183,1,161.38,5.379333333333333,0.0,5.089939267434301,5.214935757608986,0,-1.532061018052818,0.3877802663680719,Champions
16114,171,1,135.75000000000003,16.968750000000004,0.0,4.918154441302091,5.147494476813453,0,-1.5883143373107738,0.3247280940059671,Champions
16115,10,8,1667.97,5.873133802816901,0.0,7.419961948665055,2.3978952727983707,1,1.2582655391131012,-0.4716355143950925,Loyal Customers
16116,212,1,612.78,18.02294117647059,0.0,6.419636557751217,5.3612921657094255,0,-0.9454074895736156,0.65083293363177,Champions
16117,190,1,232.21,7.740333333333334,0.0,5.451939335203601,5.25227342804663,0,-1.3713399253873466,0.4578929962615691,Champions
16119,8,2,423.36,26.46,0.0,6.050582151591071,2.19722457733622,2,0.2241196553068206,-1.218556504778228,Potential Loyalists
16120,59,4,1309.14,43.638000000000005,0.0,7.1778892807139885,4.0943445622221,2,0.1577769031315094,0.2150881055464626,Potential Loyalists
16121,57,2,867.11,4.090141509433963,0.0,6.7663184347416205,4.060443010546419,2,-0.1784242268034221,-0.0082064556543335,Potential Loyalists
16122,73,4,684.42,18.011052631578945,0.0,6.530031789055632,4.30406509320417,2,-0.2411808876753172,0.2552399483314783,Potential Loyalists
16123,52,1,307.78000000000003,19.23625,0.0,5.732629049213781,3.970291913552122,0,-0.719006123922005,-0.2729013115834266,Champions
16124,317,1,249.0,22.63636363636364,0.0,5.521460917862246,5.762051382780177,0,-1.5427971065147694,0.7723853497397128,Champions
16125,367,1,289.35,22.25769230769231,0.0,5.671087091818059,5.908082938168931,0,-1.528938165064933,0.8795848443949151,Champions
16126,29,4,6287.77,53.741623931623934,0.0,8.74652078208272,3.4011973816621555,1,1.1983734225749716,0.0068525878593104,Loyal Customers
16127,39,1,656.25,16.40625,0.0,6.488064463609991,3.688879454113936,2,-0.238959753036202,-0.3418015154849432,Potential Loyalists
16128,18,5,1880.22,21.126067415730336,0.0,7.53967578152618,2.9444389791664403,2,0.8713314791093522,-0.351554044368226,Potential Loyalists
16131,52,6,3506.54,44.95564102564102,0.0,8.162670216045587,3.970291913552122,2,0.8358560387596056,0.419388855958652,Potential Loyalists
16133,4,33,14589.04,43.03551622418879,0.0,9.588094383116912,1.6094379124341005,1,4.503664426992267,1.200886821088324,Loyal Customers
16134,22,2,618.09,17.659714285714287,0.0,6.428250657915328,3.1354942159291497,2,0.0297796674929265,-0.6067805548753079,Potential Loyalists
16135,263,1,517.55,24.64523809523809,0.0,6.251036455035743,5.575949103146316,0,-1.1136726206800744,0.7571583303366223,Champions
16136,60,3,709.38,19.17243243243244,0.0,6.5658000381285,4.110873864173311,2,-0.2210617809008236,0.0698991328621119,Potential Loyalists
16139,19,3,635.4100000000001,20.49709677419355,0.0,6.455843009727984,2.995732273553991,2,0.1744517201945106,-0.6124982015899733,Potential Loyalists
16140,66,2,725.1800000000001,20.719428571428573,0.0,6.587797917978568,4.204692619390966,2,-0.3231634156174288,0.0546412168535266,Potential Loyalists
16141,88,1,620.4,20.68,0.0,6.431974996958947,4.48863636973214,0,-0.5881315591864528,0.1297994801056912,Champions
16142,250,1,535.34,14.46864864864865,0.0,6.284768288327816,5.525452939131784,0,-1.0769686757441086,0.7313640268727083,Champions
16143,3,6,2424.94,20.725982905982907,0.0,7.793974357128903,1.3862943611198906,1,1.6970362886232937,-1.176881692176313,Loyal Customers
16144,247,1,175.2,175.2,,5.171619713502079,5.513428746164983,0,-1.6125627789999413,0.5773312449954384,Champions
16145,9,11,3799.49,16.96200892857143,0.0,8.242885284769901,2.302585092994046,1,1.9212075749728048,-0.1971194344338242,Loyal Customers
16146,157,3,734.13,25.314827586206896,0.0,6.600047354321349,5.062595033026967,0,-0.5875478806739244,0.6444322683823707,Champions
16147,134,1,375.0,17.045454545454547,0.0,5.929589143389895,4.90527477843843,0,-0.9997570894507108,0.3130695399072905,Champions
16148,296,1,76.32000000000001,76.32000000000001,,4.34795265434013,5.6937321388027,0,-2.0850344360448747,0.5766738807588646,Champions
16149,5,2,280.52,15.584444444444443,0.0,5.640203493013329,1.791759469228055,2,0.1880995871050667,-1.5155337536426436,Potential Loyalists
16150,43,5,2053.02,17.547179487179488,0.0,7.627554127539443,3.784189633918261,2,0.5759567582247026,0.1629906942106798,Potential Loyalists
16152,269,1,1829.04,63.07034482758621,0.0,7.512093103520083,5.598421958998375,0,-0.5104751293108795,0.9369591254869932,Champions
16153,50,5,1824.23,20.496966292134832,0.0,7.509461285473066,3.9318256327243257,2,0.4591920643230516,0.2358373624527305,Potential Loyalists
16156,9,9,3122.04,24.01569230769231,0.0,8.046562165398301,2.302585092994046,1,1.675862374809271,-0.3717167978572304,Loyal Customers
16157,16,3,656.69,36.48277777777778,0.0,6.488733695691184,2.833213344056216,2,0.2558417974323898,-0.7054974107938526,Potential Loyalists
16159,282,1,348.2,24.87142857142857,0.0,5.855644823965447,5.645446897643238,0,-1.333611714640531,0.7466281647287014,Champions
16160,65,2,1025.44,51.272000000000006,0.0,6.933851783703411,4.189654742026425,2,-0.1491005573835269,0.091281184159037,Potential Loyalists
16161,2,19,5575.56,11.762784810126584,0.0,8.626327377813633,1.0986122886681098,1,3.19214625077341,-0.2728336410565832,Loyal Customers
16162,252,1,37.4,18.7,0.0,3.648057459593681,5.53338948872752,0,-2.3602884748639057,0.3883191677289816,Champions
16163,232,2,856.6,142.76666666666668,0.0,6.754137790316538,5.4510384535657,0,-0.7441189767549576,0.8230581367893031,Champions
16164,17,3,822.48,24.19058823529412,0.0,6.713539262741108,2.8903717578961645,2,0.3419760683899317,-0.6416102099944847,Potential Loyalists
16168,11,27,3787.6,38.648979591836735,0.0,8.239751836694179,2.4849066497880004,1,3.0465346576228938,1.1012744843479088,Loyal Customers
16169,8,4,1822.97,21.44670588235294,0.0,7.508770723130596,2.19722457733622,2,1.0821014186992344,-0.8775113593616041,Potential Loyalists
16170,51,6,1885.05,15.0804,0.0,7.542239973976665,3.951243718581428,2,0.5423045281507812,0.3261417445956655,Potential Loyalists
16171,59,1,73.19999999999999,24.399999999999995,0.0,4.306764150173335,4.0943445622221,0,-1.461201645869707,-0.386682596911714,Champions
16172,95,5,1140.21,16.524782608695652,0.0,7.039844382006876,4.564348191467836,2,-0.0234277921300858,0.5527296465767839,Potential Loyalists
16173,16,6,1418.32,16.884761904761906,0.0,7.257933162659462,2.833213344056216,2,0.8543339605980761,-0.3809835775329206,Potential Loyalists
16174,126,3,1009.55,43.89347826086957,0.0,6.918250016074778,4.844187086458591,2,-0.3451406418794711,0.5555937683210594,Potential Loyalists
16175,94,4,1037.59,17.88948275862069,0.0,6.945619303018016,4.553876891600541,2,-0.1399740300802548,0.4596786203508662,Potential Loyalists
16177,50,1,331.95,22.13,0.0,5.807992328556631,3.9318256327243257,0,-0.6669326848563097,-0.2859990973839144,Champions
16178,138,1,197.9,24.7375,0.0,5.292802185859927,4.934473933130692,0,-1.3206716579743252,0.2465617309138218,Champions
16179,61,1,215.83,19.62090909090909,0.0,5.379113636376126,4.127134385045092,0,-0.9537746859478484,-0.2255942766775231,Champions
16180,100,8,10254.18,63.29740740740741,0.0,9.235538222765896,4.61512051684126,1,1.2471901070193354,1.0958159655291582,Loyal Customers
16181,73,1,305.54,27.77636363636364,0.0,5.725348252570762,4.30406509320417,0,-0.8569005915115806,-0.0739544510365472,Champions
16182,72,4,6617.65,236.34464285714284,0.0,8.797646700642568,4.290459441148391,2,0.8652246687801965,0.546203391763862,Potential Loyalists
16183,67,1,338.71000000000004,22.58066666666667,0.0,5.828092312472438,4.219507705176107,0,-0.7729798936920358,-0.111045956152753,Champions
16184,64,6,1158.79,25.750888888888888,0.0,7.055994233228931,4.174387269895637,2,0.2164059495496119,0.395650635726938,Potential Loyalists
16185,17,2,529.41,17.07774193548387,0.0,6.273650292389248,2.8903717578961645,2,0.0533945704364615,-0.7739848302334926,Potential Loyalists
16186,23,12,4006.94,18.38045871559633,0.0,8.296032672592768,3.1780538303479458,1,1.6696078103503589,0.4085873304840722,Loyal Customers
16187,32,15,6911.4400000000005,23.428610169491527,0.0,8.841077965865253,3.49650756146648,1,2.03108013828587,0.8942657985603245,Loyal Customers
16188,45,4,981.86,14.65462686567164,0.0,6.890466688844595,3.828641396489095,2,0.12519123906544,0.0180373326552331,Potential Loyalists
16189,16,2,215.48,19.58909090909091,0.0,5.3774981644224775,2.833213344056216,2,-0.3586789273293053,-0.9264267543763072,Potential Loyalists
16190,40,1,215.08,35.84666666666667,0.0,5.37564870948436,3.713572066704308,0,-0.7889783380466221,-0.4737467855782957,Champions
16191,3,13,5180.52,38.66059701492538,0.0,8.552853728502956,1.3862943611198906,1,2.5905784137941272,-0.5563268597129611,Loyal Customers
16193,237,1,314.45,16.55,0.0,5.754000190816819,5.472270673671475,0,-1.3132485596195524,0.6294999344714796,Champions
16198,75,1,400.681,26.71206666666667,0.0,5.995658241267267,4.330733340286331,0,-0.7364001444803668,-0.0223264569787849,Champions
16200,4,2,1080.62,6.036983240223464,0.0,6.986215196242001,1.6094379124341005,2,0.9149823430835116,-1.447184673433617,Potential Loyalists
16201,3,4,1863.47,16.78801801801802,0.0,7.530732109384843,1.3862943611198906,1,1.419201804637985,-1.3603060985078033,Loyal Customers
16202,361,1,365.27,20.292777777777776,0.0,5.903370766348874,5.891644211825772,0,-1.4095469059799224,0.9003788141875334,Champions
16203,59,4,592.9,16.939999999999998,0.0,6.386710955021814,4.0943445622221,2,-0.2263407296323442,0.1107268384665828,Potential Loyalists
16204,23,1,405.71,7.117719298245614,0.0,6.008100400759408,3.1780538303479458,2,-0.2663509475030275,-0.7110612279309433,Potential Loyalists
16205,31,4,761.38,7.769183673469388,0.0,6.636445119047319,3.4657359027997265,2,0.1479503711138433,-0.2328251685066316,Potential Loyalists
16206,55,4,537.0600000000001,8.524761904761906,0.0,6.287970078106996,4.02535169073515,2,-0.2465065709366169,0.0563803139904681,Potential Loyalists
16207,25,1,394.38,20.75684210526316,0.0,5.979847327767791,3.258096538021482,2,-0.3122888445360481,-0.6668478892737939,Potential Loyalists
16208,45,2,664.26,10.064545454545454,0.0,6.500177941687698,3.828641396489095,2,-0.2143244096088769,-0.1821452851012064,Potential Loyalists
16209,89,5,2262.62,49.18739130434783,0.0,7.724720580712637,4.499809670330265,2,0.3350599184890462,0.6044148643340831,Potential Loyalists
16210,2,18,21086.3,171.43333333333334,0.0,9.956426242517606,1.0986122886681098,1,3.762895089792529,-0.1717360247795102,Loyal Customers
16211,89,1,547.02,23.783478260869565,0.0,6.306311782632405,4.499809670330265,0,-0.6536389247837042,0.1199157731748905,Champions
16212,19,2,690.34,16.837560975609758,0.0,6.538631743276411,2.995732273553991,2,0.1396306145583831,-0.6759284313140936,Potential Loyalists
16213,79,1,159.0,26.5,0.0,5.075173815233827,4.382026634673881,0,-1.2039439789758049,-0.1130228253844334,Champions
16214,171,3,1062.75,24.15340909090909,0.0,6.969555679887584,5.147494476813453,0,-0.4423274074574622,0.7440216235989278,Champions
16215,81,1,242.35,17.310714285714287,0.0,5.494500736279464,4.406719247264253,0,-1.0103004194558929,-0.0429218547881827,Champions
16216,267,1,914.93,24.72783783783784,0.0,6.81993994254006,5.5909869805108565,0,-0.8435230413515675,0.8412068419824416,Champions
16217,235,2,304.25,20.28333333333333,0.0,5.721131112990814,5.4638318050256105,0,-1.2507943786571911,0.6944605690154453,Champions
16218,30,7,3084.68,36.72238095238095,0.0,8.034527333444103,3.4339872044851463,2,1.0645459162447537,0.1556268582575153,Potential Loyalists
16221,37,3,864.86,8.916082474226805,0.0,6.763723232676042,3.6375861597263857,2,0.0655509599759069,-0.1874604592421779,Potential Loyalists
16222,318,1,846.72,6.18043795620438,0.0,6.742550392588373,5.765191102784844,0,-0.9512211961304284,0.9353350074977108,Champions
16224,57,4,1295.3,13.492708333333333,0.0,7.167269331605997,4.060443010546419,2,0.166267903041847,0.1933825649535674,Potential Loyalists
16225,45,5,1096.32,8.181492537313432,0.0,7.000626122386744,3.828641396489095,2,0.2536888153305069,0.1069186074148659,Potential Loyalists
16226,203,3,255.12,31.89,0.0,5.545646084650602,5.318119993844216,0,-1.2023214304599754,0.6583922086883027,Champions
16227,225,1,314.22,52.370000000000005,0.0,5.753270807747395,5.420534999272286,0,-1.292776597337729,0.5984176037900326,Champions
16229,87,2,1010.6,21.50212765957447,0.0,6.91928851479581,4.477336814478207,2,-0.2719767998088344,0.2616620300323902,Potential Loyalists
16230,190,2,542.03,15.486571428571429,0.0,6.297164567026571,5.25227342804663,0,-0.885967387824166,0.6437339520495678,Champions
16232,44,4,990.88,26.78054054054054,0.0,6.89960213222575,3.80666248977032,2,0.1384740622438558,0.0060784959268794,Potential Loyalists
16233,71,3,536.6800000000001,24.39454545454545,0.0,6.287263587661711,4.276666119016055,2,-0.423030719007112,0.1324566585371236,Potential Loyalists
16235,41,5,867.3100000000001,18.854565217391304,0.0,6.766548793757163,3.737669618283368,2,0.1766645906737439,0.0215565183653173,Potential Loyalists
16236,78,1,432.2,21.61,0.0,6.071199515126835,4.3694478524670215,0,-0.7153092419543775,0.0108252372257056,Champions
16239,57,2,414.2,21.8,0.0,6.028760331851679,4.060443010546419,2,-0.5365092037395967,-0.1054948869258629,Potential Loyalists
16240,24,2,3718.8,27.546666666666667,0.0,8.221425182381026,3.218875824868201,2,0.8668020810801342,-0.3203099871218756,Potential Loyalists
16241,10,13,2607.87,3.939380664652568,0.0,7.866672456375173,2.3978952727983707,1,1.8502192739086265,-0.0409588085757305,Loyal Customers
16242,8,7,3603.21,12.255816326530612,0.0,8.189857885621135,2.19722457733622,1,1.637814996160179,-0.5646200787440098,Loyal Customers
16243,34,2,409.1,8.02156862745098,0.0,6.016401032398013,3.555348061489413,2,-0.3391848272746889,-0.4096423859251668,Potential Loyalists
16244,212,2,1522.75,16.733516483516482,0.0,7.328929680795481,5.3612921657094255,0,-0.4289299458279598,0.845124836683953,Champions
16245,24,3,1413.66,15.707333333333334,0.0,7.254644498519316,3.218875824868201,2,0.472444474016348,-0.3734837100431947,Potential Loyalists
16247,170,1,114.56,7.16,0.0,4.749789875598035,5.14166355650266,0,-1.6677082284684128,0.2990274552237398,Champions
16248,62,1,152.94,21.84857142857143,0.0,5.036562916106171,4.143134726391533,0,-1.1265242022940003,-0.2611957077280195,Champions
16249,53,5,1800.07,26.08797101449275,0.0,7.496136211716589,3.9889840465642745,2,0.4297137419312114,0.2683136731934537,Potential Loyalists
16250,261,2,389.44,16.226666666666667,0.0,5.967274308306765,5.568344503761097,0,-1.1733630340678036,0.7895243024542481,Champions
16253,67,2,3683.86,29.95008130081301,0.0,8.21198781204284,4.219507705176107,2,0.4594181394624165,0.2777550322167455,Potential Loyalists
16255,17,8,2619.91,9.70337037037037,0.0,7.871276864694926,2.8903717578961645,1,1.279133956791296,-0.1171446754449125,Loyal Customers
16256,267,1,752.4300000000001,57.87923076923077,0.0,6.624636113950167,5.5909869805108565,0,-0.938343187292794,0.8154450707668799,Champions
16257,177,1,46.95,23.475,0.0,3.8701588013294472,5.181783550292085,0,-2.110919945201812,0.2070278534215454,Champions
16258,45,5,5203.51,38.54451851851852,0.0,8.557280836367838,3.828641396489095,2,1.0094457721986012,0.3122508986082694,Potential Loyalists
16260,51,1,1035.45,57.525000000000006,0.0,6.9435566914455205,3.951243718581428,2,-0.1234320955500188,-0.1245811010469685,Potential Loyalists
16261,17,4,746.83,6.022822580645162,0.0,6.617175679416844,2.8903717578961645,2,0.3702065749263458,-0.5799705861009601,Potential Loyalists
16265,9,9,5447.0,21.1124031007752,0.0,8.60300384782935,2.302585092994046,1,1.94601520241556,-0.2983187317717368,Loyal Customers
16266,74,7,861.89,14.12934426229508,0.0,6.760287220618741,4.31748811353631,2,0.0902501614431301,0.5167032308602986,Potential Loyalists
16268,71,2,667.65,14.836666666666666,0.0,6.5052607543188055,4.276666119016055,2,-0.3922080354128222,0.0868612492838004,Potential Loyalists
16270,353,1,1141.24,21.134074074074075,0.0,7.040746525754151,5.869296913133774,0,-0.8483543216621977,1.0370211440236885,Champions
16271,3,5,1429.24,10.746165413533834,0.0,7.265597541339543,1.3862943611198906,1,1.3654938795653766,-1.3209284012114173,Loyal Customers
16272,117,1,411.7,16.468,0.0,6.022720936758536,4.770684624465665,0,-0.9003625774415803,0.2447439227410518,Champions
16274,373,1,357.95,5.342537313432835,0.0,5.883183103022492,5.924255797414532,0,-1.4324757504434802,0.9172480407939264,Champions
16275,197,1,559.87,16.965757575757575,0.0,6.329489149614112,5.288267030694535,0,-0.959778017222408,0.5952048910282481,Champions
16276,177,1,810.6,135.1,0.0,6.69900760795166,5.181783550292085,0,-0.737511862901353,0.5801703375489012,Champions
16278,100,1,566.38,24.625217391304343,0.0,6.34102927325157,4.61512051684126,0,-0.6832016781798222,0.1935585111025455,Champions
16279,21,3,1509.58,14.10822429906542,0.0,7.320248962019425,3.091042453358316,2,0.5557545206014509,-0.4413935013523689,Potential Loyalists
16281,72,1,2062.06,121.29764705882351,0.0,7.631945596506783,4.290459441148391,2,0.0742306823087081,0.169388564011143,Potential Loyalists
16282,340,1,168.3,15.3,0.0,5.13167228913909,5.831882477283517,0,-1.7601501080616262,0.7627938783033471,Champions
16283,6,5,1570.81,9.462710843373491,0.0,7.359983100544423,1.9459101490553128,1,1.186046069904042,-0.9733068930598296,Loyal Customers
16284,31,2,823.97,7.559357798165138,0.0,6.715347022037144,3.4657359027997265,2,0.0362271125958417,-0.3711186657433623,Potential Loyalists
16287,170,1,142.5,17.8125,0.0,4.966335035199676,5.14166355650266,0,-1.5625754014033093,0.3275910881016641,Champions
16292,122,1,302.25,17.779411764705884,0.0,5.71455754782416,4.812184355372417,0,-1.066681741650696,0.2289507767423652,Champions
16293,22,10,2248.99,19.059237288135595,0.0,7.718681050744145,3.1354942159291497,1,1.2564052808014583,0.1582396837922396,Loyal Customers
16295,10,4,1328.55,16.817088607594936,0.0,7.192595818099261,2.3978952727983707,2,0.8478187473815002,-0.7990287826422859,Potential Loyalists
16297,269,1,301.9,15.095,0.0,5.713402718033191,5.598421958998375,0,-1.383740574675395,0.6997008467676091,Champions
16298,23,3,598.2,22.15555555555556,0.0,6.3955954322030095,3.1780538303479458,2,0.0718083502304734,-0.5112471183884331,Potential Loyalists
16302,127,1,233.22,21.201818181818183,0.0,5.456260844613992,4.852030263919617,0,-1.2081248524834254,0.2187448258580491,Champions
16303,26,3,5360.63,33.09030864197531,0.0,8.587023312312065,3.295836866004329,1,1.0883348314499763,-0.1516403986229119,Loyal Customers
16305,139,1,361.22,16.41909090909091,0.0,5.8922517620363895,4.941642422609304,0,-1.0325241269154697,0.3299262351399962,Champions
16306,214,6,632.27,15.42121951219512,0.0,6.450896871486089,5.3706380281276624,0,-0.5589172714201383,1.0323067448444827,Champions
16308,38,4,2560.0,640.0,70.0,7.848153086199526,3.6635616461296463,2,0.6566011362871369,0.0454905860457452,Potential Loyalists
16309,106,2,706.57,16.823095238095238,0.0,6.56183656455249,4.672828834461906,0,-0.5242148415088939,0.3315982402452999,Champions
16311,18,2,616.26,16.655675675675674,0.0,6.425290328985104,2.9444389791664403,2,0.1052512775258031,-0.721600023370231,Potential Loyalists
16313,3,2,274.15000000000003,17.134375000000002,0.0,5.617316403505768,1.3862943611198906,2,0.34020694782014,-1.7613984911834506,Potential Loyalists
16315,331,1,226.37,16.169285714285714,0.0,5.426578646492048,5.805134968916488,0,-1.606205715687134,0.785673910133282,Champions
16316,64,8,2938.91,19.46298013245033,0.0,7.986134247619265,4.174387269895637,2,0.8180197676004182,0.6670429421889811,Potential Loyalists
16317,120,3,1341.65,19.444202898550724,0.0,7.202400551985058,4.795790545596741,2,-0.187703439488005,0.5640887557947123,Potential Loyalists
16318,35,1,328.15000000000003,17.27105263157895,0.0,5.796513573913886,3.58351893845611,2,-0.5322955592772987,-0.496125036096165,Potential Loyalists
16319,218,1,404.4,134.8,0.0,6.004874234017899,5.389071729816501,0,-1.1579574894950635,0.6127612963284798,Champions
16320,172,2,1038.46,18.543928571428573,0.0,6.946456626519212,5.153291594497779,0,-0.5308907245687932,0.6700962221118426,Champions
16321,72,5,373.65,31.137500000000003,0.0,5.92599225681032,4.290459441148391,0,-0.4539504865319318,0.2417651526617924,Champions
16322,1,2,326.75,8.83108108108108,0.0,5.792251122643809,0.6931471805599453,2,0.7041627007048115,-2.153471150758304,Potential Loyalists
16323,196,1,207.50000000000003,207.50000000000003,,5.339939041238856,5.2832037287379885,0,-1.4381670690869084,0.461644600199956,Champions
16324,128,3,428.68,3.632881355932204,0.0,6.063040745597204,4.859812404361672,0,-0.7666352795530664,0.452144921173509,Champions
16325,47,3,594.24,33.013333333333335,0.0,6.38896468556185,3.871201010907891,2,-0.2104357058079833,-0.0969741339892289,Potential Loyalists
16326,6,14,3110.96,9.752225705329154,0.0,8.043008031745238,1.9459101490553128,1,2.192790998930547,-0.2140565843487074,Loyal Customers
16327,14,6,3844.22,12.050846394984326,0.0,8.254586097468055,2.70805020110221,1,1.388593799430837,-0.324483089096073,Loyal Customers
16330,18,3,251.91,6.4592307692307696,0.0,5.533033694214862,2.9444389791664403,2,-0.2529248513662352,-0.7649435677609331,Potential Loyalists
16332,28,7,1593.2,10.413071895424835,0.0,7.374127321993823,3.367295829986474,2,0.7707677082857504,0.0285724926506953,Potential Loyalists
16333,8,22,26626.8,591.7066666666667,0.0,10.189711061801596,2.19722457733622,1,3.733971526421567,0.8144313655080175,Loyal Customers
16337,37,1,151.05,15.105,0.0,5.024209414123374,3.6375861597263857,0,-0.9290144084146028,-0.5656141278405591,Champions
16338,157,1,214.8,19.527272727272727,0.0,5.374352052824034,5.062595033026967,0,-1.332653998182066,0.3340544092920278,Champions
16339,284,1,109.95,5.4975000000000005,0.0,4.709079649378603,5.652489180268651,0,-1.8931047670118455,0.5996070398417642,Champions
16340,107,1,549.07,3.5886928104575166,0.0,6.310045542855303,4.68213122712422,0,-0.7252193103373984,0.2296063867073358,Champions
16341,25,4,1971.87,25.608701298701305,0.0,7.587244614343444,3.258096538021482,2,0.6931489487108604,-0.2317706296939104,Potential Loyalists
16342,75,4,322.41,21.494000000000003,0.0,5.778920868124441,4.330733340286331,0,-0.6165810096067872,0.1721362682658728,Champions
16343,16,2,370.48,7.882553191489362,0.0,5.917495026907807,2.833213344056216,2,-0.0965100713557717,-0.8551978607652166,Potential Loyalists
16344,158,1,101.1,50.55,0.0,4.62595272517062,5.068904202220232,0,-1.6985421390897286,0.2391147136941483,Champions
16345,44,1,575.41,15.14236842105263,0.0,6.356819213038024,3.80666248977032,2,-0.3500927079632425,-0.288569607893653,Potential Loyalists
16347,11,2,887.65,9.648369565217392,0.0,6.789703457206,2.4849066497880004,2,0.4671578031208447,-0.94876004725131,Potential Loyalists
16348,32,7,1469.45,6.252978723404255,0.0,7.293323755375843,3.49650756146648,2,0.6795236307859805,0.0953029722499756,Potential Loyalists
16349,291,1,53.5,5.944444444444445,0.0,3.9982007016692,5.676753802268282,0,-2.248004663869399,0.5203705968948213,Champions
16350,21,4,1116.47,19.58719298245614,0.0,7.018822480489789,3.091042453358316,2,0.4844268460445811,-0.4068029297304196,Potential Loyalists
16351,333,1,153.9,19.2375,0.0,5.042779747422823,5.811140992976701,0,-1.794958062075161,0.7386456810790272,Champions
16352,18,2,494.44,17.658571428571427,0.0,6.205446256629806,2.9444389791664403,2,-0.0014831739980096,-0.7505988030460108,Potential Loyalists
16353,4,23,6675.71,71.0181914893617,0.0,8.806380630235296,1.6094379124341005,1,3.373990911815129,0.354268281578909,Loyal Customers
16354,63,2,395.8,10.148717948717948,0.0,5.983432375410718,4.158883083359672,0,-0.5981427862484625,-0.0525150700737838,Champions
16356,198,3,211.77,6.831290322580646,0.0,5.360211770085627,5.293304824724492,0,-1.2823606304193491,0.6190697025100824,Champions
16357,33,3,658.88,19.378823529411765,0.0,6.492058000307724,3.5263605246161616,2,-0.0215690742290744,-0.2899112941596497,Potential Loyalists
16358,1,4,2027.5,18.60091743119266,0.0,7.615051882646502,0.6931471805599453,1,1.7391639376612815,-1.7643314244550083,Loyal Customers
16359,7,9,1750.92,26.52909090909091,0.0,7.468467608353334,2.079441541679836,1,1.4850229913515904,-0.5816186932895839,Loyal Customers
16360,5,6,3512.53,5.305936555891239,0.0,8.164376509090179,1.791759469228055,1,1.713647734787467,-0.88517758938838,Loyal Customers
16361,10,4,896.66,8.459056603773584,0.0,6.799791377454196,2.3978952727983707,2,0.657111915583865,-0.85084209426765,Potential Loyalists
16362,32,5,734.77,9.071234567901234,0.0,6.600917569890576,3.49650756146648,2,0.19332975362778,-0.144730786073658,Potential Loyalists
16363,53,1,109.36,21.872000000000003,0.0,4.703747749349086,3.9889840465642745,0,-1.226053193291573,-0.3974217512305064,Champions
16364,12,2,707.04,13.340377358490564,0.0,6.562500589272956,2.5649493574615367,2,0.3246296409223848,-0.9307894051028208,Potential Loyalists
16365,18,9,1540.42,30.2043137254902,0.0,7.340459348477051,2.9444389791664403,2,1.074672136619257,-0.0804296290551534,Potential Loyalists
16366,19,1,327.3,18.183333333333334,0.0,5.793927824507547,2.995732273553991,2,-0.2969387549214491,-0.8485100102230785,Potential Loyalists
16367,37,2,804.49,6.188384615384615,0.0,6.69145078789068,3.6375861597263857,2,-0.0445524566399099,-0.2713442081291949,Potential Loyalists
16368,2,2,497.43,6.545131578947369,0.0,6.211463158278113,1.0986122886681098,2,0.7444713796711598,-1.8553287253562096,Potential Loyalists
16369,18,3,1553.66,13.166610169491529,0.0,7.349012151188359,2.9444389791664403,2,0.6287339648463472,-0.5254048865240366,Potential Loyalists
16370,82,4,1320.56,5.791929824561404,0.0,7.186568135964853,4.418840607796598,2,0.0313653470059006,0.410583774905421,Potential Loyalists
16372,33,2,367.93,3.793092783505154,0.0,5.910606924147827,3.5263605246161616,2,-0.3788790739706555,-0.4409588232143761,Potential Loyalists
16374,66,2,473.03,4.261531531531531,0.0,6.161270610831517,4.204692619390966,0,-0.5302427227851667,-0.0016203474140391,Champions
16376,9,2,987.01,7.896079999999999,0.0,6.895692819154136,2.302585092994046,2,0.5920088415465367,-1.0439775089216743,Potential Loyalists
16377,267,1,676.2,135.24,0.0,6.51796665025898,5.5909869805108565,0,-0.9901312868282584,0.8013747151617711,Champions
16378,247,3,362.95,15.780434782608696,0.0,5.897016495564267,5.513428746164983,0,-1.1103519440345264,0.8217166650730472,Champions
16379,4,4,2157.4,19.975925925925928,0.0,7.677122485453491,1.6094379124341005,1,1.4004485050481272,-1.2073486287091462,Loyal Customers
16380,61,1,1780.59,55.6434375,0.0,7.485261502995209,4.127134385045092,2,0.0687615824320895,0.0522195269623298,Potential Loyalists
16383,75,2,668.36,6.552549019607843,0.0,6.506322031987343,4.330733340286331,2,-0.4134574215333501,0.119383795558436,Potential Loyalists
16384,90,2,584.5,17.71212121212121,0.0,6.372466183037772,4.51085950651685,0,-0.550953909481592,0.2096106085397479,Champions
16385,60,3,555.89,9.42186440677966,0.0,6.322367733889242,4.110873864173311,2,-0.3392483355701877,0.0377889209242938,Potential Loyalists
16386,29,2,317.2,3.604545454545456,0.0,5.762680115903686,3.4011973816621555,2,-0.4003135042222237,-0.5354354133703276,Potential Loyalists
16387,323,1,94.36,23.59,0.0,4.55765920331704,5.780743515792329,0,-2.0182479915066813,0.6564493060049361,Champions
16389,53,4,1382.0700000000002,40.64911764705883,0.0,7.2320609449898114,3.9889840465642745,2,0.2264899205607417,0.1591299573112706,Potential Loyalists
16392,270,1,221.19,4.915333333333333,0.0,5.403532871692347,5.602118820879701,0,-1.535670766051179,0.6610412828119681,Champions
16393,2,13,3046.21,9.230939393939394,0.0,8.021981696860243,1.0986122886681098,1,2.4486454347459645,-0.7986539624882918,Loyal Customers
16394,57,5,1555.34,18.73903614457831,0.0,7.350092189866152,4.060443010546419,2,0.3300436230386401,0.291848590492742,Potential Loyalists
16395,61,5,1486.9,7.080476190476191,0.0,7.305121008833652,4.127134385045092,2,0.2813636216688401,0.3258601754536858,Potential Loyalists
16398,154,2,1705.8,20.80243902439024,0.0,7.442375551313843,5.043425116919247,2,-0.2458952371796152,0.6697084810737258,Potential Loyalists
16399,19,2,408.57,5.596849315068493,0.0,6.015107828855458,2.995732273553991,2,-0.1145406135610323,-0.7449844421796472,Potential Loyalists
16400,95,1,303.93,10.480344827586206,0.0,5.720082242069654,4.564348191467836,0,-0.9642336135953856,0.0812426538316796,Champions
16401,1,12,4098.32,22.033978494623653,0.0,8.318576385278623,0.6931471805599453,1,2.6808463290984523,-1.076727667468738,Loyal Customers
16402,265,2,299.6,4.993333333333334,0.0,5.705780477318874,5.583496308781699,0,-1.3064177973701538,0.7641065565078825,Champions
16403,312,1,177.5,17.75,0.0,5.184588601219693,5.746203190540153,0,-1.6999691990221666,0.7184578476743326,Champions
16404,70,1,443.05,19.26304347826087,0.0,6.095937168704513,4.262679877041316,0,-0.660319887656229,-0.049858409170142,Champions
16405,302,2,167.25,33.45,0.0,5.125450968524837,5.713732805509369,0,-1.6405945875347243,0.7655602688649993,Champions
16406,19,1,163.07,2.5884126984126983,0.0,5.100293166026791,2.995732273553991,2,-0.6336988687497637,-0.940004670148502,Potential Loyalists
16407,13,10,2126.93,12.365872093023254,0.0,7.662904955183649,2.6390573296152584,1,1.4291654887642118,-0.1464491707835191,Loyal Customers
16409,36,5,2028.88,8.745172413793103,0.0,7.61573195698808,3.610917912644224,2,0.639967224140712,0.0576534005931601,Potential Loyalists
16411,19,2,214.65,4.7700000000000005,0.0,5.373656723093852,2.995732273553991,2,-0.42596557589597,-0.8295957718801992,Potential Loyalists
16412,54,1,151.83,4.338,0.0,5.029326192539745,4.007333185232471,0,-1.0753710345834775,-0.3434860848688746,Champions
16413,57,1,262.2,8.458064516129031,0.0,5.572914199451162,4.060443010546419,0,-0.832837915074319,-0.2399743545757751,Champions
16414,22,2,126.25,18.035714285714285,0.0,4.846153655430632,3.1354942159291497,0,-0.7383295383116496,-0.8154688397548692,Champions
16415,44,1,210.35,3.89537037037037,0.0,5.353515527012799,3.80666248977032,0,-0.8371973521432975,-0.4209115092569175,Champions
16416,27,3,1051.4,14.808450704225354,0.0,6.958828549166138,3.332204510175204,2,0.2832054178743727,-0.3446275359572683,Potential Loyalists
16418,45,3,675.27,6.620294117647059,0.0,6.516592404584731,3.828641396489095,2,-0.1313400824286051,-0.1056295461521399,Potential Loyalists
16419,113,6,972.23,19.063333333333333,0.0,6.880620436574819,4.736198448394496,2,-0.0948939663189475,0.7090041209533664,Potential Loyalists
16422,17,51,34684.4,93.99566395663958,0.0,10.454074128115597,2.8903717578961645,3,5.75873288045356,3.4206166455615903,At-Risk / Lost Customers
16423,25,1,346.12,19.22888888888889,0.0,5.849670541490095,3.258096538021482,2,-0.3754897656963296,-0.6840190047090425,Potential Loyalists
16424,191,1,133.56,26.712,0.0,4.902010196224638,5.2574953720277815,0,-1.640432990268195,0.3884815608352826,Champions
16425,302,1,302.7,14.414285714285716,0.0,5.716040372051703,5.713732805509369,0,-1.4288781112706272,0.7691120577605101,Champions
16426,2,10,1908.25,5.129704301075269,0.0,7.554465773768493,1.0986122886681098,1,1.9966208440030715,-1.0833738885178057,Loyal Customers
16427,263,2,241.06,26.784444444444446,0.0,5.489185629310458,5.575949103146316,0,-1.4085366376974844,0.7310161108869215,Champions
16429,106,1,284.55,142.275,0.0,5.654417145110872,4.672828834461906,0,-1.039782700839573,0.1375534901746311,Champions
16430,57,1,300.85,50.14166666666667,0.0,5.709930205242435,4.060443010546419,0,-0.7663165480370484,-0.2219011041968652,Champions
16431,213,3,642.81,7.744698795180722,0.0,6.467403651518229,5.365976015021851,0,-0.7740718170782199,0.8086401518694283,Champions
16432,64,1,287.40000000000003,35.925000000000004,0.0,5.664348405410794,4.174387269895637,0,-0.834314546781374,-0.1596688264883733,Champions
16433,28,1,184.26,10.838823529411764,0.0,5.221760243825881,3.367295829986474,0,-0.7242985832565009,-0.7014413326143484,Champions
16434,29,7,1522.25,13.965596330275227,0.0,7.328601489128603,3.4011973816621555,2,0.7350178917965365,0.0428720607116852,Potential Loyalists
16438,6,5,798.35,6.04810606060606,0.0,6.683798897410901,1.9459101490553128,2,0.8577581644021703,-1.062499731041932,Potential Loyalists
16440,8,5,3640.67,12.91017730496454,0.0,8.20019764662707,2.19722457733622,1,1.4928047695581723,-0.7119573424475351,Loyal Customers
16441,67,2,381.2,15.883333333333333,0.0,5.945944031806173,4.219507705176107,0,-0.640747707272903,-0.0211500217824083,Champions
16442,2,3,616.79,3.5447701149425286,0.0,6.426148593885366,1.0986122886681098,2,0.9237164033468868,-1.7526598307085255,Potential Loyalists
16444,46,4,654.67,7.793690476190475,0.0,6.485657613592114,3.8501476017100575,2,-0.0800011253512042,-0.022478721914315,Potential Loyalists
16445,34,1,230.51,3.658888888888889,0.0,5.444623069137621,3.555348061489413,0,-0.6917985239101853,-0.5594139721411965,Champions
16446,1,2,168472.5,56157.5,102.0,12.034533746376653,0.6931471805599453,1,3.734795298448781,-1.3300758390710894,Loyal Customers
16447,136,1,259.01,7.194722222222222,0.0,5.560720091814363,4.919980925828125,0,-1.1847631992898549,0.2732214263437162,Champions
16448,198,1,188.89,9.4445,0.0,5.246444957137325,5.293304824724492,0,-1.487624685835519,0.4553620215564694,Champions
16449,198,2,707.69,17.69225,0.0,6.563418195373777,5.293304824724492,0,-0.7732181598524933,0.7034294288194206,Champions
16450,150,1,311.92,28.35636363636364,0.0,5.74594756681688,5.017279836814924,0,-1.1340025858125993,0.3559294390762063,Champions
16451,88,1,266.97,19.06928571428572,0.0,5.590875033946567,4.48863636973214,0,-0.996486181928965,0.0188532432961604,Champions
16454,45,2,6.9,3.45,19.0,2.066862759472976,3.828641396489095,0,-2.366702044067646,-0.7669267114321494,Champions
16455,64,7,1841.18,18.59777777777778,0.0,7.518704931910683,4.174387269895637,2,0.5160674126348224,0.5310355817144131,Potential Loyalists
16456,99,5,2158.37,19.44477477477477,0.0,7.67757179146855,4.605170185988092,2,0.2697565118198491,0.6612993728006614,Potential Loyalists
16457,218,1,208.36,23.15111111111112,0.0,5.34405525822189,5.389071729816501,0,-1.478785566333655,0.5255952259433161,Champions
16458,3,18,3482.74,17.241287128712873,0.0,8.155861708321998,1.3862943611198906,1,2.7729139787707657,-0.236939684951188,Loyal Customers
16460,28,3,814.72,6.034962962962963,0.0,6.704071158824147,3.367295829986474,2,0.145394594826124,-0.3572143023475702,Potential Loyalists
16461,178,1,151.42,4.588484848484848,0.0,5.026639868237972,5.187385805840755,0,-1.5517027502796177,0.362930156359403,Champions
16462,74,3,136.0,45.333333333333336,104.5,4.919980925828125,4.31748811353631,0,-1.1032802127788657,-0.0234467242125446,Champions
16463,21,4,1422.4,17.346341463414635,0.0,7.260803654865171,3.091042453358316,2,0.6019088761459125,-0.3748841307097326,Potential Loyalists
16464,20,3,1314.68,5.570677966101695,0.0,7.182108921222586,3.044522437723423,2,0.5074139604593494,-0.4874773175452092,Potential Loyalists
16466,34,7,1603.46,10.834189189189187,0.0,7.380542530354457,3.555348061489413,2,0.6981822975923014,0.1420490867189716,Potential Loyalists
16468,74,1,74.9,37.45,0.0,4.329416684401584,4.31748811353631,0,-1.5400297545735029,-0.2500469063388674,Champions
16469,24,4,650.43,3.5737912087912087,0.0,6.47916994643317,3.218875824868201,2,0.1709661282828697,-0.4014229824444221,Potential Loyalists
16470,52,4,762.39,4.484647058823529,0.0,6.637769040932695,3.970291913552122,2,-0.0545147405195821,0.0695439095198964,Potential Loyalists
16471,275,1,223.95,17.22692307692308,0.0,5.4158781552871815,5.62040086571715,0,-1.5370365178395824,0.6736193922852087,Champions
16473,165,3,316.11,17.561666666666667,0.0,5.759248716840184,5.111987788356544,0,-1.0156391511813223,0.5631086510135036,Champions
16474,7,7,1871.5,5.198611111111111,0.0,7.535029715391374,2.079441541679836,1,1.3673087532328243,-0.7215398851928853,Loyal Customers
16475,88,4,544.3,19.43928571428572,0.0,6.301336101932016,4.48863636973214,0,-0.4265115527211057,0.3356191219619905,Champions
16477,64,7,2494.46,17.085342465753424,0.0,7.822228359929267,4.174387269895637,2,0.6634282501007234,0.5710721809333512,Potential Loyalists
16478,25,3,331.0,19.47058823529412,0.0,5.805134968916488,3.258096538021482,2,-0.2470816296259641,-0.5411923779986441,Potential Loyalists
16479,10,2,300.83,8.595142857142857,0.0,5.709863944972069,2.3978952727983707,2,-0.0220788061683551,-1.1433113398646135,Potential Loyalists
16480,76,1,769.29,14.514905660377355,0.0,6.646767067319571,4.343805421853684,2,-0.425548488919217,0.0713880654693009,Potential Loyalists
16482,16,1,220.62,12.256666666666668,0.0,5.400964203508179,2.833213344056216,2,-0.4223012427890964,-0.9976820108481032,Potential Loyalists
16483,192,1,139.35,7.334210526315789,0.0,4.944139302807892,5.262690188904886,0,-1.6220704411751026,0.3971499870460953,Champions
16484,174,2,404.3,16.172,0.0,6.004627533634263,5.1647859739235145,0,-0.9927764469481906,0.5527475410268112,Champions
16485,77,1,363.65,8.658333333333333,0.0,5.898937989430242,4.356708826689592,0,-0.7938142677530338,-0.0195269158187121,Champions
16488,33,3,498.8,17.2,0.0,6.214208018400852,3.5263605246161616,2,-0.1564654355774158,-0.3265614085880937,Potential Loyalists
16491,47,1,731.5,18.75641025641025,0.0,6.596463340891223,3.871201010907891,2,-0.2597251507523235,-0.2183049319447683,Potential Loyalists
16493,80,4,1351.63,24.13625,0.0,7.209806124401014,4.394449154672439,2,0.0524661307909646,0.3990402004188025,Potential Loyalists
16494,297,1,826.53,16.5306,0.0,6.7184453603705006,5.697093486505405,0,-0.935511665369272,0.8913696045440375,Champions
16495,3,3,684.41,7.055773195876288,0.0,6.530017199354501,1.3862943611198906,2,0.8583389191055562,-1.566657095216561,Potential Loyalists
16496,9,3,1599.52,16.837052631578945,0.0,7.378083855426812,2.302585092994046,2,0.9012251223535364,-0.9059966058650368,Potential Loyalists
16497,50,6,2965.69,21.80654411764706,0.0,7.99520213218973,3.9318256327243257,2,0.7700346804531617,0.3742601260243236,Potential Loyalists
16498,161,2,100.97,6.731333333333334,0.0,4.624678652376135,5.087596335232384,0,-1.6316700841176814,0.324492532087257,Champions
16499,360,2,365.45,19.23421052631579,0.0,5.903862086371859,5.8888779583328805,0,-1.3331797267843803,0.9731373969490824,Champions
16500,5,6,400.86,36.441818181818185,0.0,5.996103769256407,1.791759469228055,2,0.6609497968318315,-1.171186044316474,Potential Loyalists
16503,107,4,1431.93,17.046785714285715,0.0,7.267476578065607,4.68213122712422,2,-0.0353405885961857,0.5789491167267636,Potential Loyalists
16504,25,1,484.38,5.632325581395349,0.0,6.18493208931219,3.258096538021482,2,-0.2127200487763119,-0.6397959530938891,Potential Loyalists
16505,32,1,777.6,194.4,0.0,6.657497435176356,3.49650756146648,2,-0.0792610577041292,-0.4346698383153716,Potential Loyalists
16506,20,2,90.3,30.100000000000005,10.0,4.514150787600923,3.044522437723423,0,-0.862896681022657,-0.9137479072131284,Champions
16509,297,1,363.7000000000001,27.97692307692308,0.0,5.8990750978146345,5.697093486505405,0,-1.3333165032794942,0.7832896483178683,Champions
16510,372,1,248.1,19.084615384615383,0.0,5.517854422268135,5.921578419643816,0,-1.6087653091749268,0.8674553845333566,Champions
16511,22,3,950.26,5.622840236686391,0.0,6.857787421604214,3.1354942159291497,2,0.3133351618412235,-0.4757714541018079,Potential Loyalists
16513,5,4,874.59,24.98828571428572,0.0,6.774897944843427,1.791759469228055,2,0.8890247281903647,-1.2171594639983014,Potential Loyalists
16515,52,5,1627.13,14.399380530973453,0.0,7.395187395954291,3.970291913552122,2,0.3882274966902319,0.2438026004457968,Potential Loyalists
16516,30,1,101.7,16.95,0.0,4.631812116934513,3.4339872044851463,0,-1.037565274575173,-0.7393155447641853,Champions
16517,277,1,162.70000000000002,9.57058823529412,0.0,5.098035484377089,5.627621113690637,0,-1.6942558522152902,0.6360184305476619,Champions
16518,61,2,484.32,12.108,0.0,6.1848084671836725,4.127134385045092,2,-0.4875941858396448,-0.0449676229048584,Potential Loyalists
16519,25,2,215.08,16.544615384615383,0.0,5.37564870948436,3.258096538021482,2,-0.5306126041221363,-0.672194816951342,Potential Loyalists
16520,186,3,1046.57,6.708782051282051,0.0,6.954228475339207,5.231108616854587,0,-0.4834274582749016,0.792079006509446,Champions
16523,2,21,9418.47,32.477482758620695,0.0,9.150534102717932,1.0986122886681098,1,3.59667917169397,-0.0549864217954611,Loyal Customers
16525,2,26,13027.45,71.18825136612023,0.0,9.474890706788235,1.0986122886681098,1,4.129230000343874,0.3595510547232884,Loyal Customers
16526,172,1,290.36,19.357333333333333,0.0,5.674559615979298,5.153291594497779,0,-1.2234127103483563,0.4279746453713293,Champions
16527,81,1,228.06,16.29,0.0,5.43398397796957,4.406719247264253,0,-1.0396813481159417,-0.0509043858708713,Champions
16528,4,1,244.41,14.377058823529412,0.0,5.502930281242811,1.6094379124341005,2,0.1198313812323762,-1.7171896095108894,Potential Loyalists
16529,190,1,455.25,15.175,0.0,6.123040904896701,5.25227342804663,0,-1.0455196419903063,0.5464154037620467,Champions
16531,22,7,1244.59,16.163506493506492,0.0,7.127364592228089,3.1354942159291497,2,0.7442754431656105,-0.1428102911307963,Potential Loyalists
16532,18,3,6748.8,1687.2,118.0,8.81726815379798,2.9444389791664403,1,1.3415732852616495,-0.3317329267974797,Loyal Customers
16533,19,3,1095.56,6.189604519774011,0.0,6.999933285923126,2.995732273553991,2,0.4386079313989403,-0.5407293616386384,Potential Loyalists
16535,5,1,593.75,19.15322580645161,0.0,6.388141149183067,1.791759469228055,2,0.4762087505321138,-1.4912267664746717,Potential Loyalists
16536,110,1,548.97,9.981272727272728,0.0,6.309863731284314,4.709530201312334,0,-0.7363369748385334,0.2459925109816439,Champions
16539,3,4,1388.81,30.86244444444444,0.0,7.236922326134238,1.3862943611198906,1,1.276556948528778,-1.3990614084863375,Loyal Customers
16542,54,1,119.62,23.924,0.0,4.792645108022841,4.007333185232471,0,-1.190279867336293,-0.3747057695744874,Champions
16545,165,1,339.3,113.1,0.0,5.82982758150686,5.111987788356544,0,-1.131403250650438,0.4237172940438256,Champions
16546,291,2,787.15,31.486,0.0,6.669688427072551,5.676753802268282,0,-0.8759804030985691,0.947106761337289,Champions
16549,10,10,4154.64,4.235107033639144,0.0,8.332221726715554,2.3978952727983707,1,1.851198489863724,-0.2026017206216778,Loyal Customers
16550,109,5,2298.97,9.159243027888444,0.0,7.740651358353913,4.700480365792417,2,0.2620147893449079,0.7267042147258482,Potential Loyalists
16551,96,3,922.12,28.81625,0.0,6.827759236886412,4.574710978503383,2,-0.280596983258879,0.3822597741007871,Potential Loyalists
16552,243,2,379.73,22.33705882352941,0.0,5.942090462490183,5.497168225293202,0,-1.1569379595919669,0.7435726898835572,Champions
16553,163,12,5719.82,68.09309523809523,0.0,8.651867430742618,5.099866427824199,1,1.068744537295964,1.606558049700922,Loyal Customers
16554,42,3,837.1,16.098076923076924,0.0,6.73113742510486,3.7612001156935615,2,-2.998981946714777e-05,-0.117722445493032,Potential Loyalists
16555,35,2,285.89,16.81705882352941,0.0,5.659098867029561,3.58351893845611,2,-0.5239954020592786,-0.439900306835949,Potential Loyalists
16556,67,7,3313.79,16.008647342995168,0.0,8.106149552197078,4.219507705176107,2,0.7831090595575197,0.6355471712665249,Potential Loyalists
16557,24,2,281.85,25.622727272727275,0.0,5.644916721789165,3.218875824868201,2,-0.3840945860053146,-0.660167234037932,Potential Loyalists
16558,1,20,8338.49,18.127152173913043,0.0,9.028757342403852,0.6931471805599453,1,3.6257604338668186,-0.3882458833644321,Loyal Customers
16560,27,2,841.41,14.76157894736842,0.0,6.736266831594512,3.332204510175204,2,0.1001364537734725,-0.4483353604378205,Potential Loyalists
16561,6,2,511.12,16.48774193548387,0.0,6.238558972577978,1.9459101490553128,2,0.4165485864582518,-1.344281316461917,Potential Loyalists
16563,54,1,1077.74,56.72315789473684,0.0,6.9835489723662585,4.007333185232471,2,-0.1265945025375075,-0.0857121307092538,Potential Loyalists
16565,364,1,173.7,57.9,0.0,5.163070217140011,5.899897353582492,0,-1.7722856260070587,0.8076717033059281,Champions
16566,15,5,614.66,34.147777777777776,0.0,6.422694863102173,2.772588722239781,2,0.398214389540223,-0.6018171862124314,Potential Loyalists
16567,194,2,865.6,24.731428571428573,0.0,6.764577509305809,5.272999558563747,0,-0.6673813328712713,0.717802112656547,Champions
16569,3,1,124.2,24.84,0.0,4.829912458665998,1.3862943611198906,2,-0.1170933143051168,-1.939612465066356,Potential Loyalists
16570,15,10,3738.4,29.66984126984127,0.0,8.226680449731173,2.772588722239781,1,1.6491261283578886,0.0078924157469968,Loyal Customers
16571,27,3,1421.69,16.34126436781609,0.0,7.260304724743686,3.332204510175204,2,0.4295723128423767,-0.3048609818746045,Potential Loyalists
16572,127,3,1009.6,17.712280701754388,0.0,6.918299492857808,4.852030263919617,0,-0.3482738741471903,0.5602978199734643,Champions
16573,85,2,663.61,15.800238095238097,0.0,6.499200402451892,4.454347296253507,2,-0.4666754950090213,0.1924806903570998,Potential Loyalists
16574,71,1,451.44,16.122857142857143,0.0,6.11465515766318,4.276666119016055,0,-0.6568624208253209,-0.0390125921068858,Champions
16581,183,1,105.84,11.76,0.0,4.67133238824176,5.214935757608986,0,-1.7352949518861671,0.3325634550598652,Champions
16582,113,1,313.62,52.27,0.0,5.751365561394358,4.736198448394496,0,-1.01822347086858,0.1882956325202397,Champions
16583,374,1,233.45,16.675,0.0,5.457242345535596,5.926926025970411,0,-1.6403451817822507,0.8626631297819874,Champions
16584,80,2,936.08,33.431428571428576,0.0,6.842768657462584,4.394449154672439,2,-0.2757610050080373,0.2019245689359133,Potential Loyalists
16586,249,1,463.95,57.99375,0.0,6.141929872924206,5.521460917862246,0,-1.1447098476382205,0.710131818063029,Champions
16587,232,1,225.15,17.31923076923077,0.0,5.421198495923853,5.4510384535657,0,-1.4662770342147105,0.5728847089281822,Champions
16589,71,3,459.24,13.916363636363636,0.0,6.131748092555038,4.276666119016055,0,-0.4985336010991013,0.1119432122092198,Champions
16591,69,1,213.5,21.35,0.0,5.368309738368072,4.248495242049359,0,-1.0078735234806813,-0.1543325473902884,Champions
16592,4,16,4113.68,19.044814814814817,0.0,8.322316345810338,1.6094379124341005,1,2.6138717043592457,-0.230036757689484,Loyal Customers
16593,51,3,330.03,12.223333333333333,0.0,5.802209005711098,3.951243718581428,0,-0.5275270107045055,-0.1264307099726792,Champions
16594,75,1,181.09,3.416792452830189,0.0,5.204501070343752,4.330733340286331,0,-1.1205075065891796,-0.1266849336151069,Champions
16595,61,1,360.16,4.237176470588236,0.0,5.889321073439279,4.127134385045092,0,-0.7060686169377355,-0.1582947907381102,Champions
16596,16,2,250.15,20.84583333333333,0.0,5.526050370196054,2.833213344056216,2,-0.286556727098815,-0.9068318085611796,Potential Loyalists
16597,4,1,90.04,12.862857142857145,0.0,4.511298970378021,1.6094379124341005,2,-0.3616063166098412,-1.847991853097876,Potential Loyalists
16598,286,1,145.05,14.505,0.0,4.983949028833751,5.659482215759621,0,-1.7624705208077305,0.6400523431808397,Champions
16600,4,6,813.52,13.121290322580643,0.0,6.702598982682314,1.6094379124341005,2,1.077346847882027,-1.1871931061136178,Potential Loyalists
16601,41,1,244.8,7.896774193548388,0.0,5.504518197131935,3.737669618283368,0,-0.7361125259690289,-0.4423153302146006,Champions
16602,36,1,528.08,18.2096551724138,0.0,6.271139649157846,3.610917912644224,2,-0.3128936612747386,-0.4171088433803619,Potential Loyalists
16603,75,2,482.47,14.19029411764706,0.0,6.180989265398516,4.330733340286331,0,-0.5714067081916865,0.0764704110011565,Champions
16607,18,14,3347.71,19.46343023255814,0.0,8.116330476031974,2.9444389791664403,1,1.826433583517177,0.3936653786113295,Loyal Customers
16609,15,7,5493.46,19.903840579710145,0.0,8.611495590853199,2.772588722239781,1,1.6109088678783272,-0.1643998224346824,Loyal Customers
16610,219,1,75.66,12.61,0.0,4.339380059952409,5.393627546352362,0,-1.9683900142749768,0.3958010353512685,Champions
16611,186,1,129.49,12.949000000000002,0.0,4.871296595474155,5.231108616854587,0,-1.6447225366132396,0.3686263922083733,Champions
16612,33,4,1187.66,17.994848484848486,0.0,7.08058190121429,3.5263605246161616,2,0.3391747868942219,-0.1379308162001987,Potential Loyalists
16613,70,1,618.59,20.619666666666667,0.0,6.429057968967668,4.262679877041316,2,-0.4985895051795121,-0.0059177352699668,Potential Loyalists
16614,183,1,506.19,19.468846153846155,0.0,6.228885686840323,5.214935757608986,0,-0.9791017315552204,0.5380142750680912,Champions
16616,15,2,500.42,15.164242424242424,0.0,6.2174440732414,2.772588722239781,2,0.073519705168368,-0.8519427348101406,Potential Loyalists
16617,236,1,151.85,30.37,0.0,5.029457048336844,5.468060141135132,0,-1.6633198238229874,0.5314064359910607,Champions
16618,31,5,2647.59,27.579062500000003,0.0,7.881782701906185,3.4657359027997265,2,0.8275777361017143,0.0057930570478066,Potential Loyalists
16619,264,1,226.21,16.157857142857143,0.0,5.425874699962912,5.579729825986222,0,-1.5158111536704744,0.6505788344488015,Champions
16620,4,2,178.96,19.884444444444444,0.0,5.192734603972972,1.6094379124341005,2,0.0442462559850782,-1.6837557485178851,Potential Loyalists
16621,52,4,813.48,28.05103448275862,0.0,6.70254987279894,3.970291913552122,2,-0.0230636011532887,0.0780888980218696,Potential Loyalists
16623,246,1,129.45000000000002,25.890000000000004,0.0,4.870990011582737,5.5093883366279774,0,-1.7568922527262028,0.5352564177784882,Champions
16624,81,2,810.57,16.886875,0.0,6.698970643246788,4.406719247264253,2,-0.3505143398145154,0.1903056740040309,Potential Loyalists
16625,275,1,333.08,14.481739130434782,0.0,5.811380485254219,5.62040086571715,0,-1.3450198588814166,0.7257885720365557,Champions
16626,1,17,4413.1,24.65418994413408,0.0,8.392559241748096,0.6931471805599453,1,3.09184052745201,-0.6952160217831338,Loyal Customers
16627,79,1,322.8,16.14,0.0,5.780126041243535,4.382026634673881,0,-0.8616891781639168,-0.0200353089825003,Champions
16628,30,5,2188.05,18.701282051282053,0.0,7.691222938742128,3.4339872044851463,2,0.7478412036841598,-0.0383582356337027,Potential Loyalists
16629,74,2,417.73,6.52703125,0.0,6.037226320804645,4.31748811353631,0,-0.6358718827982779,0.0495742156923943,Champions
16633,17,6,2883.1,18.967763157894737,0.0,7.966968171867508,2.8903717578961645,1,1.1755619657951315,-0.2532235474358166,Loyal Customers
16634,223,2,217.9,24.211111111111112,0.0,5.388615004528817,5.41164605185504,0,-1.391223926377894,0.6193439707657332,Champions
16637,32,4,1154.47,16.73144927536232,0.0,7.052262466590724,3.49650756146648,2,0.3374429240368338,-0.1595462004930712,Potential Loyalists
16638,23,10,1680.72,17.88,0.0,7.427572358185583,3.1780538303479458,1,1.0979395299586947,0.1453309542343701,Loyal Customers
16639,31,3,1257.51,25.1502,0.0,7.137683760511223,3.4657359027997265,2,0.3162869896458107,-0.2410592923954298,Potential Loyalists
16641,106,1,231.1,19.258333333333333,0.0,5.447168313280391,4.672828834461906,0,-1.1404021542430165,0.1102160998691881,Champions
16642,5,2,688.33,20.245,0.0,6.535720111358577,1.791759469228055,2,0.622873534228212,-1.3974096266958689,Potential Loyalists
16643,246,1,487.51,18.055925925925926,0.0,6.191359942102381,5.5093883366279774,0,-1.115851724170181,0.7094212988028142,Champions
16644,178,2,833.78,13.448064516129032,0.0,6.72716821708184,5.187385805840755,0,-0.6510799487279898,0.6615908319641458,Champions
16647,170,2,214.06,15.29,0.0,5.37091705896238,5.14166355650266,0,-1.291135450814754,0.4553085058325746,Champions
16648,43,1,290.66,15.297894736842109,0.0,5.675588740285419,3.784189633918261,0,-0.6717841838058607,-0.3918877790635133,Champions
16650,72,1,518.42,21.60083333333333,0.0,6.252712804455737,4.290459441148391,0,-0.5953878068598815,-0.0125406889807672,Champions
16652,59,7,6773.97,57.406525423728816,0.0,8.820990217693817,4.0943445622221,1,1.1805488437241278,0.6548748952974323,Loyal Customers
16653,16,2,1212.66,17.574782608695653,0.0,7.101395866495808,2.833213344056216,2,0.4782746177114249,-0.6990340886999938,Potential Loyalists
16654,141,4,601.27,20.733448275862067,0.0,6.400705849743913,4.955827057601261,0,-0.5663340211137036,0.6285417793094139,Champions
16655,18,6,3794.52,14.538390804597702,0.0,8.241576702840911,2.9444389791664403,1,1.287119963264887,-0.1846184429893032,Loyal Customers
16656,22,15,8625.8,118.16164383561645,0.0,9.062628915777823,3.1354942159291497,1,2.283968382702566,0.7072674925690419,Loyal Customers
16657,10,4,933.62,4.488557692307692,0.0,6.8401400295665695,2.3978952727983707,2,0.6767012145210648,-0.845519859920888,Potential Loyalists
16658,368,1,123.24,15.405,0.0,4.822215178840431,5.910796644040527,0,-1.9421584711114763,0.769238763475248,Champions
16659,189,1,39.12,19.56,0.0,3.691874963093735,5.247024072160486,0,-2.223739297836081,0.2225857211487655,Champions
16660,16,4,1267.65,79.228125,0.0,7.145708621949827,2.833213344056216,2,0.649818679436908,-0.5444878233319264,Potential Loyalists
16665,362,1,135.4,15.044444444444444,0.0,4.915591745409362,5.8944028342648505,0,-1.890224791557945,0.7717369368730059,Champions
16666,19,1,118.98,3.718125,0.0,4.787325062224947,2.995732273553991,2,-0.7856451029413831,-0.9812870799513403,Potential Loyalists
16667,68,2,570.13,10.757169811320754,0.0,6.347616854496022,4.23410650459726,2,-0.4516119833277455,0.0405767633231256,Potential Loyalists
16668,15,6,306.72,15.336000000000002,0.0,5.729190278590734,2.772588722239781,2,0.1365325206313346,-0.6189441178292862,Potential Loyalists
16669,24,3,1374.87,8.5929375,0.0,7.226841537285894,3.218875824868201,2,0.4589461168116507,-0.3771510909213985,Potential Loyalists
16670,17,11,4095.9,16.25357142857143,0.0,8.317985869145499,2.8903717578961645,1,1.7210567739213103,0.1648306905746673,Loyal Customers
16671,28,3,1692.27,282.045,0.0,7.434416849630159,3.367295829986474,2,0.4999779406303122,-0.2608772324055144,Potential Loyalists
16672,2,20,8134.94,71.35912280701754,0.0,9.004046563069934,1.0986122886681098,1,3.450544274401479,-0.1486595962579857,Loyal Customers
16674,55,2,319.61,3.261326530612245,0.0,5.770225431204915,4.02535169073515,0,-0.6479021484488171,-0.1606145176023105,Champions
16676,34,4,1592.12,17.888988764044942,0.0,7.373449636639774,3.555348061489413,2,0.4696934109646024,-0.0819382216715163,Potential Loyalists
16678,3,12,3109.99,19.07969325153374,0.0,8.042696282491956,1.3862943611198906,1,2.2678815215589703,-0.6979703222817232,Loyal Customers
16679,366,1,129.75,43.25,0.0,4.873287102945032,5.905361848054571,0,-1.915175251305584,0.7727203930362052,Champions
16680,43,1,183.7,18.37,0.0,5.218732887205194,3.784189633918261,0,-0.8935880213237302,-0.4521498643002389,Champions
16681,73,6,1770.34,40.23500000000001,0.0,7.479491601287774,4.30406509320417,2,0.3698127057958774,0.5291806544614905,Potential Loyalists
16682,5,5,1028.0,34.266666666666666,0.0,6.9363427358340495,1.791759469228055,2,1.0424213815140977,-1.121513336471393,Potential Loyalists
16684,4,28,66653.56,240.6265703971119,0.0,11.107278740370788,1.6094379124341005,1,4.866154029774202,1.0295236889490569,Loyal Customers
16685,61,2,324.24,5.229677419354839,0.0,5.784563371339637,4.127134385045092,0,-0.6819134609619125,-0.0977624025245458,Champions
16686,47,7,3062.83,5.235606837606838,0.0,8.02742104629252,3.871201010907891,2,0.8850963836697808,0.4165505784620387,Potential Loyalists
16688,1,4,1260.86,20.33645161290323,0.0,7.1403421019236415,0.6931471805599453,1,1.5086920057341948,-1.8269485521020628,Loyal Customers
16689,76,2,422.6,32.50769230769231,0.0,6.048789613727251,4.343805421853684,0,-0.6408518686786799,0.0668617475187812,Champions
16690,72,2,225.58,18.798333333333336,0.0,5.423098083445343,4.290459441148391,0,-0.923151242628433,-0.0476213812684787,Champions
16692,256,2,1276.0,425.3333333333333,16.0,7.152268856032539,5.54907608489522,0,-0.590290890662104,0.9342918799778892,Champions
16693,69,2,482.01,8.0335,0.0,6.180037357371996,4.248495242049359,0,-0.538764100466341,0.0270898680959543,Champions
16696,135,4,657.9,65.78999999999999,0.0,6.490571777919774,4.912654885736052,0,-0.5053251901010887,0.6145384757478934,Champions
16697,241,1,112.75,5.369047619047619,0.0,4.73400305783106,5.488937726156687,0,-1.8151671681614996,0.5049384865086403,Champions
16698,227,2,1998.0,399.6,0.0,7.6004023345004,5.429345628954441,0,-0.3245245489284317,0.921693099384706,Champions
16700,9,13,5076.55,16.482305194805196,0.0,8.532584140771885,2.302585092994046,1,2.211886760847669,-0.0102052394279318,Loyal Customers
16701,9,13,5398.3,37.488194444444446,0.0,8.59402459452009,2.302585092994046,1,2.241716144291724,-0.0021008672593493,Loyal Customers
16705,1,20,14034.99,51.98144444444444,0.0,9.549380024249162,0.6931471805599453,1,3.87852311153324,-0.3195725628454861,Loyal Customers
16706,37,3,531.35,4.319918699186992,0.0,6.277301167760616,3.6375861597263857,2,-0.1706072941521448,-0.251622508911289,Potential Loyalists
16708,46,1,656.63,24.31962962962963,0.0,6.488642463139346,3.8501476017100575,2,-0.303597260547698,-0.2451367142429668,Potential Loyalists
16709,85,5,3029.87,38.35278481012658,0.0,8.016604986002726,4.454347296253507,2,0.4950707777179436,0.6156873612079542,Potential Loyalists
16710,19,10,2483.04,6.176716417910448,0.0,7.817641545983298,2.995732273553991,1,1.3607115233420986,0.0875853615659231,Loyal Customers
16711,3,5,1651.03,75.04681818181818,0.0,7.4097601137223315,1.3862943611198906,1,1.4354849097018236,-1.3019124749267832,Loyal Customers
16712,9,11,3645.43,8.155324384787471,0.0,8.201503885750247,2.302585092994046,1,1.9011168766868276,-0.2025778944231711,Loyal Customers
16713,19,15,6923.13,11.094759615384616,0.0,8.842767691394254,2.995732273553991,1,2.233486456459587,0.5945586327600578,Loyal Customers
16714,219,3,1161.53,12.489569892473115,0.0,7.058353943580143,5.393627546352362,0,-0.4982960964209613,0.903151485668801,Champions
16715,78,1,301.72,15.88,0.0,5.712808285863513,4.3694478524670215,0,-0.8893084354579623,-0.0364487610394947,Champions
16716,267,2,901.2,450.6,44.0,6.804836224974296,5.5909869805108565,0,-0.7758408129210331,0.9135651398814488,Champions
16717,24,6,3858.38,19.38884422110553,0.0,8.258261827796161,3.218875824868201,1,1.1847466739632533,-0.0180487249480338,Loyal Customers
16718,369,1,623.75,13.86111111111111,0.0,6.437351569715061,5.91350300563827,0,-1.1590980587571398,0.9839060710244684,Champions
16719,15,7,1790.42,8.907562189054726,0.0,7.490763880431157,2.772588722239781,2,1.0667928353845444,-0.3122311994556849,Potential Loyalists
16720,26,1,155.24,5.74962962962963,0.0,5.051393286568423,3.295836866004329,0,-0.7782462169345491,-0.7667127960567538,Champions
16721,262,1,292.47,7.904594594594595,0.0,5.681775419393111,5.572154032177765,0,-1.388521556071082,0.679796325825872,Champions
16722,17,13,4730.81,21.025822222222224,0.0,8.46206307213662,2.8903717578961645,1,1.9410365449900944,0.3325364976242989,Loyal Customers
16723,91,2,589.15,13.701162790697676,0.0,6.380376741875078,4.5217885770490405,0,-0.5515128001410813,0.2171998233622595,Champions
16725,302,7,781.02,5.172317880794702,0.0,6.661880315665835,5.713732805509369,0,-0.5195815908917994,1.339977564069604,Champions
16726,26,5,1382.02,7.470378378378379,0.0,7.2320247928761745,3.295836866004329,2,0.5805122864875902,-0.1816718611127366,Potential Loyalists
16727,364,1,272.82,5.930869565217392,0.0,5.61247095620561,5.899897353582492,0,-1.5541012515789772,0.8669504133419862,Champions
16728,46,4,1054.67,3.920706319702602,0.0,6.9619309154279065,3.8501476017100575,2,0.1512298971742635,0.0403446437440107,Potential Loyalists
16729,38,21,7239.92,10.969575757575758,0.0,8.887503549130026,3.6635616461296463,1,2.436463112541701,1.4465469809076674,Loyal Customers
16730,52,3,743.11,9.062317073170732,0.0,6.612188873366803,3.970291913552122,2,-0.1419490237536106,-0.0081808420143989,Potential Loyalists
16732,32,1,603.75,21.5625,0.0,6.404815149490137,3.49650756146648,2,-0.2019384848622051,-0.4680001794616404,Potential Loyalists
16734,52,3,650.51,12.27377358490566,0.0,6.47929274564127,3.970291913552122,2,-0.206470187096596,-0.0257106552424249,Potential Loyalists
16735,79,5,2300.56,18.40448,0.0,7.741342432871859,4.382026634673881,2,0.3905431329873,0.5360634284305249,Potential Loyalists
16737,53,1,417.6,417.6,,6.0369158100119,3.9889840465642745,2,-0.5787991635629841,-0.2215687184524958,Potential Loyalists
16738,298,1,3.75,3.75,,1.55814461804655,5.700443573390687,0,-3.442189869689132,0.2127008023635084,Champions
16739,177,1,323.0,24.846153846153847,0.0,5.780743515792329,5.181783550292085,0,-1.1833297245366643,0.4590456794790989,Champions
16742,47,1,464.9,464.9,,6.143971018822751,3.871201010907891,2,-0.4794104908995023,-0.2779914407146709,Potential Loyalists
16743,29,7,2238.09,11.717748691099477,0.0,7.713824812307198,3.4011973816621555,2,0.9220440857400222,0.0936853765093198,Potential Loyalists
16744,11,7,1304.76,5.391570247933884,0.0,7.174540525720933,2.4849066497880004,2,1.0290719397337225,-0.526244827032998,Potential Loyalists
16745,87,17,7194.3,20.152100840336136,0.0,8.881183314074189,4.477336814478207,1,1.8057509118086283,1.6357065318781892,Loyal Customers
16746,5,18,6697.66,14.91683741648107,0.0,8.809662785376391,1.791759469228055,1,2.927115802097196,0.0921464718584078,Loyal Customers
16747,38,2,836.0600000000001,19.90619047619048,0.0,6.729895752508072,3.6635616461296463,2,-0.0363437723981494,-0.2507155470397202,Potential Loyalists
16748,18,5,1515.9,21.969565217391303,0.0,7.324424057597627,2.9444389791664403,2,0.7668266159719062,-0.3799470651586519,Potential Loyalists
16750,45,5,623.93,6.567684210526315,0.0,6.437639643463933,3.828641396489095,2,-0.0196415155689085,0.0326572425856122,Potential Loyalists
16751,31,1,1764.72,70.5888,0.0,7.476313818197086,3.4657359027997265,2,0.3306619326384284,-0.3450930552079598,Potential Loyalists
16752,373,1,207.5,23.05555555555556,0.0,5.339939041238856,5.924255797414532,0,-1.696221123956832,0.8455908217064831,Champions
16753,58,1,223.92,6.5858823529411765,0.0,5.415744783424001,4.07753744390572,0,-0.9160251022741648,-0.2504675700714067,Champions
16754,372,1,2002.4,1001.2,0.0,7.602601016177664,5.921578419643816,0,-0.5966193737254769,1.142446229221273,Champions
16755,114,3,1496.83,8.804882352941176,0.0,7.311772672991101,4.74493212836325,2,-0.1141302575342665,0.5480549047402075,Potential Loyalists
16756,215,1,239.4,18.415384615384617,0.0,5.4823042026610525,5.375278407684165,0,-1.406113136207455,0.535569854562411,Champions
16757,319,1,106.83,15.261428571428572,0.0,4.680555912893981,5.768320995793772,0,-1.953580895474712,0.6652198972735325,Champions
16758,65,1,369.34,16.78818181818182,0.0,5.91442150260967,4.189654742026425,0,-0.7190497687109407,-0.1175384846235388,Champions
16759,8,3,789.79,18.804523809523808,0.0,6.673032445794151,2.19722457733622,2,0.6013348042018988,-1.0621009277457876,Potential Loyalists
16761,97,1,316.62,24.35538461538461,0.0,5.760855699682501,4.584967478670572,0,-0.952738318541012,0.0989704614519251,Champions
16762,20,3,1501.38,16.869438202247192,0.0,7.314805796331314,3.044522437723423,2,0.5718383865169419,-0.4699737869577504,Potential Loyalists
16763,199,1,611.8499999999999,26.60217391304348,0.0,6.418120207787174,5.298317366548036,0,-0.9207933161148912,0.6129153323184503,Champions
16764,4,13,2799.25,3.964943342776204,0.0,7.937463977891848,1.6094379124341005,1,2.201980327707142,-0.5038528544821926,Loyal Customers
16765,294,1,34.0,34.0,,3.555348061489413,5.68697535633982,0,-2.4671245950753025,0.4680776310349567,Champions
16766,273,2,1145.6,33.69411764705882,0.0,7.044556320474283,5.613128106388071,0,-0.6683693981566865,0.9584467045637134,Champions
16767,31,11,5580.6,25.13783783783784,0.0,8.627230752625026,3.4657359027997265,1,1.6395838517457253,0.5502256452953602,Loyal Customers
16768,48,3,478.09,8.85351851851852,0.0,6.17188847120203,3.8918202981106265,2,-0.3241266075827833,-0.1132582774163746,Potential Loyalists
16769,260,1,380.39,9.50975,0.0,5.94382247363014,5.564520407322694,0,-1.2582246288499146,0.7097899195794231,Champions
16770,58,5,770.1,5.311034482758621,0.0,6.647818066838915,4.07753744390572,2,-0.0177922822338606,0.2094527254092751,Potential Loyalists
16771,33,5,2246.81,8.811019607843138,0.0,7.717711687868648,3.5263605246161616,2,0.7235168396837242,0.0204610757976001,Potential Loyalists
16773,57,1,171.59,6.599615384615385,0.0,5.150918839543312,4.060443010546419,0,-1.0377169586746626,-0.2956381272445779,Champions
16774,68,4,661.52,13.781666666666666,0.0,6.496050746083953,4.23410650459726,2,-0.2295170368855315,0.2088572442831398,Potential Loyalists
16775,10,11,1695.66,10.732025316455696,0.0,7.4364168915956546,2.3978952727983707,1,1.491299707210045,-0.2464132943710199,Loyal Customers
16776,60,1,388.28,5.1089473684210525,0.0,5.964298879035212,4.110873864173311,0,-0.6631212039036051,-0.1581436956924371,Champions
16777,80,2,226.35,4.527,0.0,5.426490680271019,4.394449154672439,0,-0.9633649575789844,0.015108829124371,Champions
16778,74,2,245.94,15.37125,0.0,5.509145392139597,4.31748811353631,0,-0.8922555445335678,-0.0200828932634015,Champions
16779,2,22,10629.72,31.92108108108108,0.0,9.271503201873838,1.0986122886681098,1,3.7304248482060856,0.0353207140671973,Loyal Customers
16780,100,2,425.19,7.0865,0.0,6.054885256226418,4.61512051684126,0,-0.7471097054869716,0.2301649333968398,Champions
16781,372,1,311.25,18.308823529411764,0.0,5.743804149005687,5.921578419643816,0,-1.4990665581605616,0.8972595374189325,Champions
16782,10,13,2279.9,11.999473684210528,0.0,7.732325380902501,2.3978952727983707,1,1.7849936744154125,-0.0586800106985745,Loyal Customers
16784,20,1,107.6,35.86666666666667,0.0,4.687671407499835,3.044522437723423,0,-0.8536673921151057,-0.9652100454001098,Champions
16788,123,2,597.48,3.854709677419355,0.0,6.39439310756415,4.820281565605037,0,-0.6648655196321879,0.3978254953491295,Champions
16789,8,1,80.80000000000001,16.160000000000004,0.0,4.404277243608702,2.19722457733622,2,-0.650177627625717,-1.5100647764179276,Potential Loyalists
16790,4,6,1545.62,16.61956989247312,0.0,7.343827183683202,1.6094379124341005,1,1.388663589799091,-1.1026111789162834,Loyal Customers
16791,29,7,1721.78,5.3805625,0.0,7.4516945441039795,3.4011973816621555,2,0.7947796564346753,0.059108788600717,Potential Loyalists
16792,282,2,110.38,9.198333333333332,0.0,4.7129477781615225,5.645446897643238,0,-1.8133768389723823,0.6702499961897513,Champions
16793,57,1,243.84,15.24,0.0,5.500604935982869,4.060443010546419,0,-0.8679441132705841,-0.2495123893172627,Champions
16794,1,10,1222.71,4.290210526315789,0.0,7.109642506895799,0.6931471805599453,1,1.9438778942838535,-1.384894592187541,Loyal Customers
16795,365,1,414.88,6.286060606060606,0.0,6.030396757109769,5.902633333401366,0,-1.3522993441975677,0.9237160505121336,Champions
16796,89,1,305.62,16.97888888888889,0.0,5.725609195882308,4.499809670330265,0,-0.9355704384751946,0.043317545213091,Champions
16800,11,1,1201.49,7.326158536585366,0.0,7.092149685937022,2.4849066497880004,2,0.5389805656601503,-0.9832161079715044,Potential Loyalists
16801,163,4,1619.73,21.312236842105264,0.0,7.390631944012902,5.099866427824199,2,-0.1437069285980281,0.8453887979649423,Potential Loyalists
16803,65,1,332.3,13.845833333333331,0.0,5.809042985313695,4.189654742026425,0,-0.7702111128649052,-0.1314385564921479,Champions
16804,23,3,536.99,8.949833333333334,0.0,6.287839972628443,3.1780538303479458,2,0.0194929989309387,-0.5254607235022212,Potential Loyalists
16805,174,2,460.59,4.699897959183674,0.0,6.134677051181064,5.1647859739235145,0,-0.9296373148461388,0.5699018689369413,Champions
16806,103,4,801.49,7.781456310679611,0.0,6.687719393867341,4.6443908991413725,2,-0.3016208253369062,0.4798717251740191,Potential Loyalists
16807,143,3,1121.59,16.740149253731342,0.0,7.02339379457603,4.969813299576001,0,-0.3446638104573416,0.6447043620777982,Champions
16808,99,2,288.42,12.54,0.0,5.667878920309847,4.605170185988092,0,-0.9309960702721658,0.1731568615772908,Champions
16809,23,5,914.69,6.138859060402685,0.0,6.81967787944687,3.1780538303479458,2,0.4277308640301464,-0.3066069046060815,Potential Loyalists
16810,192,1,309.54,20.636000000000003,0.0,5.738312717553024,5.262690188904886,0,-1.2364986905726032,0.5019063247168059,Champions
16811,5,2,547.07,19.53821428571429,0.0,6.3064030160165885,1.791759469228055,2,0.511539923391508,-1.427657956125306,Potential Loyalists
16812,361,1,479.35,31.956666666666667,0.0,6.174515004855747,5.891644211825772,0,-1.277906187761688,0.9361443999892304,Champions
16813,8,10,1692.98,3.7705567928730512,0.0,7.434836068766861,2.19722457733622,1,1.496296655577567,-0.4411603685857025,Loyal Customers
16814,14,21,6509.1,20.08981481481481,0.0,8.781110096067739,2.70805020110221,1,2.7694479792655637,0.8602272125778013,Loyal Customers
16816,103,4,417.06,14.895,0.0,6.035624962893636,4.6443908991413725,0,-0.6182131295370682,0.3938564756882454,Champions
16817,3,9,1604.75,18.65988372093023,0.0,7.381346216137902,1.3862943611198906,1,1.7217503181335467,-1.0082581590303528,Loyal Customers
16818,11,11,3349.57,17.722592592592594,0.0,8.116885759599102,2.4849066497880004,1,1.7866415882494788,-0.1045414358536113,Loyal Customers
16820,96,1,497.61,19.13884615384616,0.0,6.211824227045576,4.574710978503383,0,-0.7296640509364112,0.1523130322261427,Champions
16823,227,1,358.38,9.431052631578948,0.0,5.884380324498308,5.429345628954441,0,-1.232669533853492,0.6209887149754231,Champions
16824,16,2,460.64,17.716923076923077,0.0,6.134785366552204,2.833213344056216,2,0.0089845411434251,-0.8265359340754687,Potential Loyalists
16825,39,2,775.18,27.685,0.0,6.654384452047831,3.688879454113936,2,-0.0831961879280203,-0.2455123195544468,Potential Loyalists
16826,51,1,341.7,15.53181818181818,0.0,5.836855428880563,3.951243718581428,0,-0.6607363357556785,-0.2705617760599471,Champions
16828,93,2,128.5,16.0625,0.0,4.863680881139593,4.543294782270004,0,-1.2965269797818622,0.0300190915458175,Champions
16829,157,1,197.22,17.92909090909091,0.0,5.289377524978562,5.062595033026967,0,-1.3739091911281986,0.322845748605185,Champions
16830,39,1,325.91,14.170000000000002,0.0,5.789684903656904,3.688879454113936,2,-0.5780235198616522,-0.4339220569768118,Potential Loyalists
16832,184,3,199.15,16.595833333333335,0.0,5.299067085438582,5.220355825078324,0,-1.282680963565089,0.5673128966388815,Champions
16833,1,4,1106.53,23.5431914893617,0.0,7.0098875895885335,0.6931471805599453,1,1.4453562483779945,-1.84415630130534,Loyal Customers
16834,228,1,413.46,17.2275,0.0,6.026976468109342,5.43372200355424,0,-1.1652007056453246,0.6424191679350695,Champions
16835,128,2,180.85,18.085,0.0,5.203182171432998,4.859812404361672,0,-1.2591123150998351,0.2643737379023331,Champions
16836,40,2,251.87,22.89727272727273,0.0,5.5328755226775,3.713572066704308,0,-0.6376295159058303,-0.378657035157743,Champions
16837,31,11,3170.98,19.218060606060607,0.0,8.062111277564622,3.4657359027997265,1,1.3652179497235164,0.475682925211081,Loyal Customers
16838,197,2,588.85,23.554,0.0,6.379868267287852,5.288267030694535,0,-0.8603038262948494,0.6762007759738912,Champions
16839,9,34,16594.35,62.38477443609022,0.0,9.716877814621636,2.302585092994046,1,4.362179143460263,1.707372335744231,Loyal Customers
16841,37,6,1869.82,16.119137931034484,0.0,7.534132116408228,3.6375861597263857,2,0.6646302958298376,0.1372129034975205,Potential Loyalists
16842,101,3,1264.19,20.066507936507936,0.0,7.142977587511544,4.624972813284271,2,-0.1477910401361877,0.4539423969838073,Potential Loyalists
16843,43,16,10196.57,26.97505291005291,0.0,9.22990473559571,3.784189633918261,1,2.179065136833977,1.192206832025808,Loyal Customers
16846,50,1,214.32,19.483636363636364,0.0,5.372125293692757,3.9318256327243257,0,-0.8785464363898063,-0.3434926289426165,Champions
16847,43,1,193.44,16.12,0.0,5.270123632177254,3.784189633918261,0,-0.8686377785483497,-0.4453711102731097,Champions
16848,53,1,281.42,20.10142857142857,0.0,5.643395324641106,3.9889840465642745,0,-0.769853635577835,-0.2734764807629157,Champions
16849,187,1,124.57,15.57125,0.0,4.8328633720008725,5.236441962829949,0,-1.6655288199150913,0.3667511230737642,Champions
16850,334,1,332.41,17.495263157894737,0.0,5.809372963868082,5.814130531825066,0,-1.4239799491929566,0.8415545503945169,Champions
16851,4,3,342.45,17.1225,0.0,5.839041540659891,1.6094379124341005,2,0.4330438215604525,-1.524153334221283,Potential Loyalists
16852,10,2,144.91,16.10111111111111,0.0,4.982989993275931,2.3978952727983707,2,-0.3749766201965157,-1.2391904661538773,Potential Loyalists
16855,24,2,328.40000000000003,17.284210526315793,0.0,5.79727281774354,3.218875824868201,2,-0.3101255944205948,-0.6400705318093517,Potential Loyalists
16856,15,1,35.400000000000006,17.700000000000003,0.0,3.594568774642695,2.772588722239781,0,-1.2749031882485586,-1.2722666224087975,Champions
16858,369,1,375.69000000000005,37.569,0.0,5.931422568022302,5.91350300563827,0,-1.4047269443902044,0.9171709369155776,Champions
16859,145,2,747.81,14.380961538461538,0.0,6.618485279775063,4.983606621708336,0,-0.6218147431837601,0.5252051320983512,Champions
16861,60,2,173.76,28.96,0.0,5.163413604083235,4.110873864173311,0,-0.9769364734342584,-0.1894347980788624,Champions
16863,31,2,502.8,19.338461538461537,0.0,6.22217936391851,3.4657359027997265,2,-0.2032061317697615,-0.4361705004723413,Potential Loyalists
16866,141,3,207.74,18.885454545454547,0.0,5.341089458391906,4.955827057601261,0,-1.155793617193995,0.4144213164461921,Champions
16869,23,4,825.4200000000001,6.448593750000001,0.0,6.717103118867857,3.1780538303479458,2,0.302915651815357,-0.3944877145461974,Potential Loyalists
16871,22,6,2812.34,20.528029197080293,0.0,7.942127668587332,3.1354942159291497,2,1.0648283950257975,-0.1096886217380286,Potential Loyalists
16872,77,3,680.02,97.14571428571428,0.0,6.523591674293888,4.356708826689592,2,-0.3405142772288484,0.2115698726928167,Potential Loyalists
16873,5,6,7123.62,25.53268817204301,0.0,8.871311670381246,1.791759469228055,1,2.05686525207106,-0.7919285116774728,Loyal Customers
16875,67,5,2095.53,18.71008928571429,0.0,7.648038876071995,4.219507705176107,2,0.4106658167381707,0.4264184256738239,Potential Loyalists
16877,12,6,853.72,5.369308176100629,0.0,6.750773929921596,2.5649493574615367,2,0.7160968556945508,-0.6085527152867575,Potential Loyalists
16878,84,1,13.3,4.433333333333334,0.0,2.660259537265861,4.442651256490317,0,-2.400790860787194,-0.3952548194307252,Champions
16880,31,7,1519.08,8.534157303370787,0.0,7.326518244034276,3.4657359027997265,2,0.7080266396775918,0.0812514156027361,Potential Loyalists
16881,67,1,432.0,432.0,,6.07073772800249,4.219507705176107,0,-0.6551753740436191,-0.0790395396553266,Champions
16882,67,3,705.12,18.08,0.0,6.559785194721083,4.219507705176107,2,-0.2677122976643784,0.1341699581026957,Potential Loyalists
16883,187,2,276.73,7.282368421052632,0.0,5.626649418726377,5.236441962829949,0,-1.2051300428421945,0.5458069352853997,Champions
16884,38,2,429.84,16.53230769230769,0.0,6.0657367914825695,3.6635616461296463,2,-0.358793414411314,-0.3383221819338687,Potential Loyalists
16885,15,3,471.51,4.668415841584158,0.0,6.158058910731007,2.772588722239781,2,0.1197032609796631,-0.7854254307205966,Potential Loyalists
16887,35,1,194.88,5.2670270270270265,0.0,5.277502226834117,3.58351893845611,0,-0.7842759327834176,-0.5645858116902048,Champions
16889,195,3,1578.67,11.693851851851852,0.0,7.364971243447073,5.278114659230517,0,-0.3029337315370419,0.8744118887933322,Champions
16891,2,5,809.7,3.988669950738916,0.0,6.697898071993661,1.0986122886681098,1,1.2056811536486136,-1.568113268585703,Loyal Customers
16892,1,5,525.54,5.308484848484848,0.0,6.266327302097504,0.6931471805599453,2,1.1593723005186622,-1.867885886733463,Potential Loyalists
16893,367,1,145.93,3.242888888888889,0.0,4.989956282887855,5.908082938168931,0,-1.859627651155068,0.7897395188105584,Champions
16895,65,1,219.14,3.175942028985507,0.0,5.394263707595246,4.189654742026425,0,-0.9715867434944788,-0.1861504837220863,Champions
16897,299,2,289.78,7.831891891891891,0.0,5.672566967503279,5.703782474656201,0,-1.3709639026992742,0.8317686544629008,Champions
16898,26,3,508.81,3.1408024691358025,0.0,6.234038107285137,3.295836866004329,2,-0.0540411380795115,-0.4620135590630551,Potential Loyalists
16899,8,6,1281.56,10.25248,0.0,7.156613359576336,2.19722457733622,2,1.0611589592073558,-0.7752619310470747,Potential Loyalists
16900,17,3,887.11,11.229240506329116,0.0,6.789095609194309,2.8903717578961645,2,0.3786587276557784,-0.631643865119094,Potential Loyalists
16902,116,1,1706.88,38.79272727272728,0.0,7.443008114269093,4.762173934797756,2,-0.2073861964960627,0.4269911812396271,Potential Loyalists
16903,29,1,373.24,6.220666666666667,0.0,5.924897302835869,3.4011973816621555,2,-0.3965720399583599,-0.588388543598488,Potential Loyalists
16904,4,16,3754.27,5.287704225352113,0.0,8.230915465741086,1.6094379124341005,1,2.569496512895276,-0.2420930935956757,Loyal Customers
16905,5,7,3102.43,14.915528846153846,0.0,8.040263230419699,1.791759469228055,1,1.7284057447448304,-0.8271983202762861,Loyal Customers
16906,82,4,579.77,6.234086021505376,0.0,6.364354809283968,4.418840607796598,2,-0.3678198005336871,0.30212880110756,Potential Loyalists
16907,29,5,981.65,6.500993377483444,0.0,6.890253003845995,3.4011973816621555,2,0.3721692065100895,-0.1636499308666276,Potential Loyalists
16909,72,1,379.14,21.063333333333333,0.0,5.940539605922692,4.290459441148391,0,-0.7469481139852414,-0.0537182459099026,Champions
16910,4,8,1510.06,2.7606215722120657,0.0,7.320566670286484,1.6094379124341005,1,1.527400782041196,-0.9569782415919572,Loyal Customers
16912,29,11,2575.38,25.49881188118812,0.0,7.854140591872849,3.4011973816621555,1,1.2902278709260582,0.4095961702812735,Loyal Customers
16913,290,1,113.44,14.18,0.0,4.74005066818191,5.673323267171493,0,-1.886455030015324,0.6161704960316317,Champions
16914,36,1,208.46,5.4857894736842105,0.0,5.344532790344999,3.610917912644224,0,-0.7627619419794129,-0.5393339634707222,Champions
16915,9,6,621.6800000000001,10.906666666666668,0.0,6.4340327431676485,2.302585092994046,2,0.6679329260975885,-0.8074710175640397,Potential Loyalists
16916,24,2,576.26,4.029790209790209,0.0,6.358292771601228,3.218875824868201,2,-0.0377500128213767,-0.5660685636810391,Potential Loyalists
16917,277,1,391.52,43.50222222222222,0.0,5.972587491338293,5.627621113690637,0,-1.2696602386424325,0.7513771968458599,Champions
16918,50,6,1068.82,8.35015625,0.0,6.975245689005592,3.9318256327243257,2,0.2748451109773123,0.2397216239946326,Potential Loyalists
16919,156,11,2596.45,7.940214067278287,0.0,7.862285473509961,5.056245805348308,2,0.6279462311704439,1.401931021573651,Potential Loyalists
16921,61,1,169.79,2.829833333333333,0.0,5.1404347316311005,4.127134385045092,0,-1.0696534618244755,-0.2570774861077574,Champions
16923,12,19,7247.61,10.785133928571428,0.0,8.888565005329367,2.5649493574615367,1,2.729192145071901,0.6399924412242959,Loyal Customers
16924,21,3,846.75,10.201807228915662,0.0,6.742585781005748,3.091042453358316,2,0.2752986405295508,-0.5175908130813519,Potential Loyalists
16926,371,1,230.25,16.446428571428573,0.0,5.443499376392535,5.918893854273146,0,-1.643784070471467,0.8560396280304322,Champions
16927,116,3,543.05,90.50833333333333,0.0,6.299041154397021,4.762173934797756,0,-0.61275277108388,0.4247960740122593,Champions
16928,80,17,2847.6,13.62488038277512,0.0,7.954582924500486,4.394449154672439,1,1.3892520111996665,1.4638382418855331,Loyal Customers
16929,4,7,1295.39,16.823246753246753,0.0,7.167338757569021,1.6094379124341005,1,1.3779934288897524,-1.0515405125467356,Loyal Customers
16930,26,3,380.55,7.047222222222223,0.0,5.944241903735643,3.295836866004329,2,-0.1947373984251137,-0.5002394532960716,Potential Loyalists
16931,5,21,4604.22,5.127193763919822,0.0,8.434945721706782,1.791759469228055,1,2.970235686271731,0.2657707083061961,Loyal Customers
16932,53,1,161.94,3.0554716981132075,0.0,5.093382034882496,3.9889840465642745,0,-1.0368854740270292,-0.3460266024813846,Champions
16933,1,2,563.23,12.800681818181818,0.0,6.335461969788099,0.6931471805599453,2,0.9678919484874344,-2.081818312885229,Potential Loyalists
16934,55,2,950.93,15.33758064516129,0.0,6.858491502676181,4.02535169073515,2,-0.119548206466081,-0.0170655572090597,Potential Loyalists
16936,26,1,262.68,4.608421052631579,0.0,5.574736246721107,3.295836866004329,2,-0.5241628422394615,-0.6976806541675192,Potential Loyalists
16938,9,4,2736.38,11.354273858921164,0.0,7.914756537547509,2.302585092994046,1,1.23679518034146,-0.7608556212491319,Loyal Customers
16940,52,3,3049.88,9.99960655737705,0.0,8.023185352576407,3.970291913552122,2,0.5430907578379269,0.1779382358644558,Potential Loyalists
16942,13,9,1920.59,6.834839857651246,0.0,7.560908247315509,2.6390573296152584,1,1.304630921546515,-0.2342537320305316,Loyal Customers
16943,212,3,816.73,24.74939393939394,0.0,6.706532208766916,5.3612921657094255,0,-0.6560892616882682,0.8373773687305044,Champions
16945,22,19,4345.5,17.451807228915662,0.0,8.377126202519118,3.1354942159291497,1,2.2512167096544697,0.9142477690473784,Loyal Customers
16947,236,1,406.48,19.35619047619048,0.0,6.009991851721866,5.468060141135132,0,-1.1872694881552153,0.6607449822760048,Champions
16948,139,3,435.02,22.89578947368421,0.0,6.0776881138566,4.941642422609304,0,-0.7924644600438544,0.503087567242558,Champions
16949,4,6,1286.27,21.437833333333334,0.0,7.160278975803028,1.6094379124341005,1,1.2995508059683427,-1.126822311757742,Loyal Customers
16950,57,3,1178.56,28.06095238095238,0.0,7.072896766566239,4.060443010546419,2,0.0454348625217243,0.1065836748430485,Potential Loyalists
16951,135,3,1277.75,14.857558139534884,0.0,7.153638317265837,4.912654885736052,2,-0.2584210134964668,0.6276504427761843,Potential Loyalists
16952,109,2,167.61,10.475625,0.0,5.127588355789889,4.700480365792417,0,-1.231674415288004,0.1589734875632657,Champions
16953,30,1,20.8,20.8,,3.0819099697950434,3.4339872044851463,0,-1.790043855499367,-0.9437571310321006,Champions
16954,1,9,2085.08,38.61259259259259,0.0,7.643041985736175,0.6931471805599453,1,2.1278286219484817,-1.3888865046431302,Loyal Customers
16955,185,4,518.67,20.7468,0.0,6.25319399473728,5.225746673713202,0,-0.7466066589855432,0.7707473992942503,Champions
16956,18,1,308.74,19.29625,0.0,5.735733235888028,2.9444389791664403,2,-0.3045442693610559,-0.8869073982020175,Potential Loyalists
16957,239,2,416.64,26.04,0.0,6.03461981742191,5.480638923341991,0,-1.1053610598156365,0.745877960357059,Champions
16959,87,1,117.35,16.764285714285716,0.0,4.773646335959993,4.477336814478207,0,-1.3887026784226133,-0.0957118860445283,Champions
16960,39,3,507.05,5.02029702970297,0.0,6.23057986793189,3.688879454113936,2,-0.2139385172360277,-0.2270641692223692,Potential Loyalists
16961,116,1,234.17,16.726428571428574,0.0,5.46030865686874,4.762173934797756,0,-1.1699881755031498,0.1654609788900283,Champions
16963,187,1,110.55,15.792857142857144,0.0,4.714472920878541,5.236441962829949,0,-1.723007467079963,0.3511346974361232,Champions
16965,227,1,201.19,7.738076923076923,0.0,5.309207849379209,5.429345628954441,0,-1.511916174464365,0.5451199426093634,Champions
16966,8,7,2154.97,76.96321428571427,0.0,7.675996017275306,2.19722457733622,1,1.3883346981958389,-0.6324016065527861,Loyal Customers
16967,189,1,319.02,15.19142857142857,0.0,5.768383493840728,5.247024072160486,0,-1.2155929478375895,0.496489914847887,Champions
16968,4,2,439.43,14.17516129032258,0.0,6.087751522419478,1.6094379124341005,2,0.4787775984564481,-1.565697535048387,Potential Loyalists
16969,39,3,650.41,15.48595238095238,0.0,6.479139244274806,3.688879454113936,2,-0.0932627654596223,-0.1942776650710611,Potential Loyalists
16971,38,1,357.21,8.712439024390243,0.0,5.881119406601529,3.6635616461296463,2,-0.5234403783428332,-0.4370249165257088,Potential Loyalists
16976,267,1,251.52,125.76,0.0,5.5314904534994245,5.5909869805108565,0,-1.4690661731519754,0.6712524627000384,Champions
16978,78,1,344.33,8.828974358974358,0.0,5.84450048159508,4.3694478524670215,0,-0.8253717819435623,-0.019077753815486,Champions
16979,4,6,1852.0,20.808988764044944,0.0,7.52456122628536,1.6094379124341005,1,1.4764100944109892,-1.078771251711593,Loyal Customers
16980,255,2,1078.96,12.401839080459771,0.0,6.984679282395341,5.545177444479562,0,-0.6700863575119562,0.9098507705245918,Champions
16982,61,1,384.06,17.457272727272727,0.0,5.95339916630119,4.127134385045092,0,-0.6749586578515764,-0.1498424978150442,Champions
16983,13,7,1931.25,13.048986486486486,0.0,7.56644040598698,2.6390573296152584,1,1.1572866006347735,-0.3822251479282563,Loyal Customers
16984,88,2,4481.35,11.010687960687962,0.0,8.407902741450327,4.48863636973214,2,0.4461978423635634,0.4647870228015705,Potential Loyalists
16985,17,10,5464.12,45.53433333333333,0.0,8.606141358283566,2.8903717578961645,1,1.7859413723519266,0.1284895937722159,Loyal Customers
16986,30,2,1873.2,624.4,0.0,7.535937180689723,3.4339872044851463,2,0.4474045773454418,-0.2818930905029836,Potential Loyalists
16987,3,7,1625.05,12.597286821705426,0.0,7.393909039942478,1.3862943611198906,1,1.5778193900815265,-1.1553021871346072,Loyal Customers
16988,5,1,126.12,18.01714285714285,0.0,4.845131522228461,1.791759469228055,2,-0.2729235070017489,-1.6947591871139192,Potential Loyalists
16989,7,6,1133.25,94.4375,0.0,7.033726918544073,2.079441541679836,2,1.0489107993852165,-0.8620153653027458,Potential Loyalists
16990,219,1,179.0,179.0,,5.19295685089021,5.393627546352362,0,-1.5539778828122626,0.5083930421840055,Champions
16992,11,5,1614.31,17.358172043010754,0.0,7.38728216770102,2.4849066497880004,2,0.9823279684904253,-0.646884042936321,Potential Loyalists
16996,30,6,1456.96,39.3772972972973,0.0,7.284793477350012,3.4339872044851463,2,0.625534508661025,-0.0176182001927396,Potential Loyalists
16997,288,3,702.0,58.5,0.0,6.555356891810665,5.666426688112432,0,-0.8523161934888017,1.000191069240666,Champions
16998,150,4,295.0,73.75,54.0,5.69035945432406,5.017279836814924,0,-0.9359453717191786,0.5716487388304188,Champions
16999,23,2,484.82,21.07913043478261,0.0,6.185838184926078,3.1780538303479458,2,-0.1050440345498415,-0.6132659548104815,Potential Loyalists
17001,1,11,3989.57,23.60692307692308,0.0,8.291689356823657,0.6931471805599453,1,2.592777563984977,-1.1546248019587493,Loyal Customers
17002,86,3,1493.73,30.484285714285715,0.0,7.309700867507591,4.465908118654584,2,-0.0028156389094712,0.3806653764211861,Potential Loyalists
17004,46,2,1412.94,32.11227272727273,0.0,7.254135412741511,3.8501476017100575,2,0.143065198001727,-0.0698129348354687,Potential Loyalists
17006,5,4,781.78,17.76772727272727,0.0,6.662851685885364,1.791759469228055,2,0.8346261907767375,-1.2319390518316686,Potential Loyalists
17007,51,6,889.9300000000001,17.114038461538463,0.0,6.792265860972647,3.951243718581428,2,0.1781915695845255,0.227215565542752,Potential Loyalists
17010,18,1,195.36,17.76,0.0,5.279949709189852,2.9444389791664403,2,-0.5258274916673514,-0.9470280370210143,Potential Loyalists
17011,30,1,270.9,18.06,0.0,5.605434351638425,3.4339872044851463,2,-0.5648709958567397,-0.6108888086273595,Potential Loyalists
17014,8,3,586.33,7.923378378378379,0.0,6.375586842443012,2.19722457733622,2,0.4569247548804659,-1.1013358246647682,Potential Loyalists
17015,29,3,1842.56,8.491059907834101,0.0,7.519453763930569,3.4011973816621555,2,0.5276164295835302,-0.2293556383041694,Potential Loyalists
17017,3,20,8694.26,34.50103174603175,0.0,9.070533328583988,1.3862943611198906,1,3.367017880608891,0.032412245582315,Loyal Customers
17018,41,2,920.1,57.50625,0.0,6.82556860799419,3.737669618283368,2,-0.0197265298127988,-0.1937101189098614,Potential Loyalists
17019,11,4,1272.61,5.4385042735042735,0.0,7.149610666818088,2.4849066497880004,2,0.7919231939803658,-0.7525849403821756,Potential Loyalists
17022,31,1,71.0,10.142857142857142,0.0,4.276666119016055,3.4657359027997265,0,-1.222769272409414,-0.7671461843854059,Champions
17024,45,3,95.85,31.95,55.5,4.573163389853005,3.828641396489095,0,-1.0748762339406523,-0.3619797365845769,Champions
17025,61,3,357.77,39.75222222222222,0.0,5.882681514648826,4.127134385045092,0,-0.5592619395614816,-0.0104694476988405,Champions
17026,185,2,154.83,38.7075,0.0,5.048765669457524,5.225746673713202,0,-1.4813876446043763,0.4631747846259921,Champions
17027,79,6,890.29,5.818888888888889,0.0,6.792669851506807,4.382026634673881,2,0.0049770224028646,0.4852782751395862,Potential Loyalists
17029,111,2,716.0,358.0,126.0,6.57507584059962,4.718498871295094,0,-0.536171533332989,0.3606978015527569,Champions
17030,64,1,146.87,13.351818181818182,0.0,4.996333509385396,4.174387269895637,0,-1.1586362479449903,-0.2477840828263849,Champions
17031,12,2,380.35,17.288636363636364,0.0,5.943717588610248,2.5649493574615367,2,0.024210059532651,-1.0124106729000069,Potential Loyalists
17033,86,3,1030.14,36.79071428571429,0.0,6.9384202652929305,4.465908118654584,2,-0.1830726320330686,0.3316911909170469,Potential Loyalists
17034,16,3,745.52,24.850666666666665,0.0,6.615422408314929,2.833213344056216,2,0.3173492563840229,-0.6887863936378077,Potential Loyalists
17035,246,2,433.53,15.483214285714286,0.0,6.07426498720113,5.5093883366279774,0,-1.0976863130939256,0.7683263278068929,Champions
17037,88,1,1267.32,16.8976,0.0,7.145448469088846,4.48863636973214,2,-0.2417396873987862,0.2239110010630128,Potential Loyalists
17038,30,1,112.4,5.109090909090909,0.0,4.730921391293652,3.4339872044851463,0,-0.989447652269898,-0.726242424437692,Champions
17040,138,1,449.73,29.982000000000003,0.0,6.110868490605405,4.934473933130692,0,-0.9234998924968084,0.3544696871181354,Champions
17041,27,3,1081.57,15.451,0.0,6.987093122912967,3.332204510175204,2,0.2969278882785169,-0.3408992655611965,Potential Loyalists
17042,3,5,1044.38,10.656938775510206,0.0,6.952135734662869,1.3862943611198906,1,1.2133079522813028,-1.3622759334473469,Loyal Customers
17043,32,4,1735.18,17.01156862745098,0.0,7.459442576481153,3.49650756146648,2,0.5351291533490486,-0.1058366500441082,Potential Loyalists
17044,25,1,948.48,158.08,0.0,6.855914466312751,3.258096538021482,2,0.1130423664847922,-0.5512892678396057,Potential Loyalists
17045,113,3,339.44,15.42909090909091,0.0,5.83023889860876,4.736198448394496,0,-0.8299002224267197,0.3474006503040485,Champions
17046,157,1,642.02,29.18272727272728,0.0,6.466175827952961,5.062595033026967,0,-0.8025727885749789,0.4780726525884515,Champions
17047,85,3,1100.9,16.93692307692308,0.0,7.004791241493732,4.454347296253507,2,-0.1461956936644955,0.3335217894964282,Potential Loyalists
17048,118,3,925.35,21.519767441860463,0.0,6.831252132996021,4.77912349311153,0,-0.3611869734238953,0.5051495847667392,Champions
17049,3,9,5659.9800000000005,17.79867924528302,0.0,8.64135230108571,1.3862943611198906,1,2.333484157271237,-0.842055638961984,Loyal Customers
17050,96,6,3228.84,10.217848101265822,0.0,8.080187879386058,4.574710978503383,2,0.5525032839965494,0.7705144953648115,Potential Loyalists
17051,194,1,247.14,5.747441860465116,0.0,5.513993103014726,5.272999558563747,0,-1.3495560343202997,0.4784917989549119,Champions
17052,28,1,413.75,4.497282608695652,0.0,6.027675929070554,3.367295829986474,2,-0.3330259520799402,-0.5951361175440265,Potential Loyalists
17053,131,1,498.48,38.34461538461539,0.0,6.213567557246944,4.882801922586371,0,-0.8528389729833071,0.3370683327293572,Champions
17054,28,5,1356.33,16.34132530120482,0.0,7.213274813763555,3.367295829986474,2,0.542643514742154,-0.1413460799077453,Potential Loyalists
17058,82,3,1179.89,19.030483870967743,0.0,7.074023670453844,4.418840607796598,2,-0.0982901639550428,0.3213878998209139,Potential Loyalists
17059,30,5,3095.04,5.9981395348837205,0.0,8.037879154522797,3.4339872044851463,2,0.9161430399004792,0.0073678424768628,Potential Loyalists
17060,266,1,234.24,46.848,0.0,5.460606269591755,5.58724865840025,0,-1.501975641142192,0.659663406135961,Champions
17061,74,11,5232.2300000000005,52.850808080808086,0.0,8.56278395725042,4.31748811353631,1,1.2654239686255122,1.0518658736306403,Loyal Customers
17062,314,4,538.37,7.691,0.0,6.290401791806313,5.752572638825633,0,-0.9406148435845676,1.0911879554836554,Champions
17063,21,7,1461.14,18.732564102564105,0.0,7.287656394959027,3.091042453358316,2,0.8399911820679341,-0.1482903775539255,Potential Loyalists
17064,59,3,859.35,13.860483870967744,0.0,6.757339283199166,4.0943445622221,2,-0.1214155099279217,0.0852644142747402,Potential Loyalists
17068,12,21,4552.14,15.378851351351353,0.0,8.423572383818774,2.5649493574615367,1,2.6534680885986246,0.7273582079050135,Loyal Customers
17069,28,9,2709.7000000000003,18.94895104895105,0.0,7.904962183102404,3.367295829986474,1,1.1785185939883938,0.2472940036741096,Loyal Customers
17070,114,1,312.14,4.8771875,0.0,5.746650374883377,4.74493212836325,0,-1.0240284202745245,0.1929045458264021,Champions
17071,28,9,2429.03,17.350214285714287,0.0,7.795658881937399,3.367295829986474,1,1.125451764509661,0.2328762287741034,Loyal Customers
17073,18,4,1446.09,8.310862068965516,0.0,7.277309922347601,2.9444389791664403,2,0.6689375763040406,-0.4605122789247802,Potential Loyalists
17075,18,4,834.12,10.832727272727272,0.0,6.727575427100043,2.9444389791664403,2,0.402041092785758,-0.5330256259396412,Potential Loyalists
17076,36,3,841.0799999999999,33.6432,0.0,6.735875021605469,3.610917912644224,2,0.0627658762616922,-0.2071062597668394,Potential Loyalists
17078,36,2,378.2,13.507142857142856,0.0,5.938063770380866,3.610917912644224,2,-0.3995871404223963,-0.3866930211060488,Potential Loyalists
17079,78,1,118.8,59.400000000000006,0.0,4.785823685681349,4.3694478524670215,0,-1.339360109862726,-0.1587237075301117,Champions
17080,22,2,287.62,35.9525,0.0,5.665110944007932,3.1354942159291497,2,-0.3407251995580505,-0.7074433573259143,Potential Loyalists
17081,25,2,290.16,4.53375,0.0,5.673872944250057,3.258096538021482,2,-0.3858245287021067,-0.632857213779709,Potential Loyalists
17082,33,2,2003.85,24.73888888888889,0.0,7.603324523974459,3.5263605246161616,2,0.4429365095316838,-0.2176790040007091,Potential Loyalists
17083,109,3,1405.78,27.034230769230767,0.0,7.249058683836842,4.700480365792417,2,-0.12668398720798,0.5131589884699572,Potential Loyalists
17084,35,2,2949.75,18.20833333333333,0.0,7.989814654309178,3.58351893845611,2,0.6075687495141971,-0.1324646189955604,Potential Loyalists
17085,123,5,1566.65,8.377807486631017,0.0,7.3573329617086225,4.820281565605037,2,0.0276877375703776,0.7478948723271687,Potential Loyalists
17086,7,6,2050.08,21.355,0.0,7.626121762674929,2.079441541679836,1,1.336518912246475,-0.78387485697803,Loyal Customers
17088,28,4,1991.01,17.313130434782607,0.0,7.596899458212264,3.367295829986474,2,0.6538784551235636,-0.1650942103817171,Potential Loyalists
17090,4,7,2043.95,32.4436507936508,0.0,7.623128618300249,1.6094379124341005,1,1.5992797263735428,-0.9914190382299838,Loyal Customers
17091,3,9,3827.76,19.629538461538463,0.0,8.250296269962053,1.3862943611198906,1,2.143626179524144,-0.8936383246625681,Loyal Customers
17092,50,4,1777.78,14.22224,0.0,7.483683015038365,3.9318256327243257,2,0.3716616020070903,0.1580864799366708,Potential Loyalists
17094,322,1,302.0,21.571428571428573,0.0,5.713732805509369,5.777652323222656,0,-1.455729093186993,0.8070910826828547,Champions
17095,23,3,1324.16,17.894054054054056,0.0,7.189288485847039,3.1780538303479458,2,0.457146885181033,-0.4065541432891414,Potential Loyalists
17096,15,4,1022.13,21.294375,0.0,6.930621835101851,2.772588722239781,2,0.5697981972444875,-0.6091690783379267,Potential Loyalists
17097,2,8,954.42,4.523317535545024,0.0,6.862151034377116,1.0986122886681098,1,1.5104713639876763,-1.3233955845415533,Loyal Customers
17100,18,2,971.74,14.949846153846154,0.0,6.880116831678181,2.9444389791664403,2,0.3260698640055098,-0.6616056218792229,Potential Loyalists
17101,10,4,1621.73,38.61261904761905,0.0,7.391865195080271,2.3978952727983707,2,0.9445641698515974,-0.7727439313051834,Potential Loyalists
17102,262,1,25.5,25.5,,3.277144732992177,5.572154032177765,0,-2.555971443077995,0.3626108100669373,Champions
17105,159,2,665.78,7.397555555555555,0.0,6.50246015642561,5.075173815233827,0,-0.7150051879230994,0.5647431763137546,Champions
17107,33,6,10815.43,25.874234449760767,0.0,9.28882155340966,3.5263605246161616,1,1.5613068767019074,0.3020506607740371,Loyal Customers
17109,29,6,885.04,7.564444444444444,0.0,6.78676209631286,3.4011973816621555,2,0.3969393921376151,-0.1029504446906979,Potential Loyalists
17110,165,1,163.29999999999998,13.608333333333333,0.0,5.101694025043222,5.111987788356544,0,-1.484912603677834,0.3276720181707226,Champions
17111,47,1,248.61,8.287,0.0,5.519899699795292,3.871201010907891,0,-0.7823975545692807,-0.3603102700948092,Champions
17114,6,8,808.62,6.367086614173228,0.0,6.696565001785386,1.9459101490553128,2,1.0890013987894684,-0.837764091417332,Potential Loyalists
17115,8,3,837.5,21.47435897435897,0.0,6.731614581263264,2.19722457733622,2,0.6297764721140732,-1.0543735852652498,Potential Loyalists
17117,288,1,116.2,12.911111111111111,0.0,4.763881877142913,5.666426688112432,0,-1.8721087590852543,0.6151834006154107,Champions
17118,318,1,157.02,15.702000000000002,0.0,5.062721607294587,5.765191102784844,0,-1.7667792511253255,0.7137553018641634,Champions
17119,3,2,606.91,17.340285714285713,0.0,6.410026844693401,1.3862943611198906,2,0.7250684237330354,-1.6568351286856018,Potential Loyalists
17120,233,1,307.46,17.08111111111111,0.0,5.731592175295468,5.455321115357702,0,-1.3173046606734462,0.6163925570603449,Champions
17122,119,1,138.32,19.76,0.0,4.9367734454978,4.787491742782046,0,-1.4343565144249597,0.111567108405867,Champions
17123,162,1,345.3,38.36666666666667,0.0,5.847305451408376,5.093750200806762,0,-1.1155762330751349,0.4150996680479635,Champions
17124,185,1,298.89,9.3403125,0.0,5.703415740750875,5.225746673713202,0,-1.238569669150186,0.4751765679677547,Champions
17125,50,1,259.35,6.483750000000001,0.0,5.562026879608908,3.9318256327243257,0,-0.7863490830606478,-0.3184434466241426,Champions
17126,152,5,1004.75,3.8644230769230767,0.0,6.9134888108298975,5.030437921392435,0,-0.2723968732963955,0.8152183534974435,Champions
17128,335,1,157.09,11.220714285714283,0.0,5.063164491108096,5.817111159963204,0,-1.7874645318662552,0.7449102741774853,Champions
17131,5,5,2463.17,18.38186567164179,0.0,7.8096103157799615,1.791759469228055,1,1.4663934048689848,-1.0063239939635524,Loyal Customers
17133,16,7,4892.240000000001,181.1940740740741,0.0,8.495609939749011,2.833213344056216,1,1.5302419990048006,-0.1433758591814437,Loyal Customers
17134,107,2,425.0,17.708333333333332,0.0,6.054439346269371,4.68213122712422,0,-0.7743012043747591,0.2702409345599315,Champions
17135,16,7,1139.73,21.91788461538461,0.0,7.039423687328594,2.833213344056216,2,0.8232625507828777,-0.3354557449315289,Potential Loyalists
17138,276,1,380.5,15.854166666666666,0.0,5.944110850724512,5.6240175061873385,0,-1.2820350436402062,0.7454626397961256,Champions
17139,16,12,10668.47,22.31897489539749,0.0,9.2751416710846,2.833213344056216,1,2.2837806716090565,0.3312020045446937,Loyal Customers
17140,247,1,465.32,23.266,0.0,6.144872093737295,5.513428746164983,0,-1.1400480648858071,0.7057091950625061,Champions
17142,239,1,579.0,38.6,0.0,6.363028103540465,5.480638923341991,0,-1.0209337001816694,0.7148464540223669,Champions
17144,1,2,984.57,20.511875,0.0,6.893220154004312,0.6931471805599453,1,1.238683938634993,-2.008246592150775,Loyal Customers
17146,106,3,749.78,21.42228571428572,0.0,6.621112666105018,4.672828834461906,0,-0.4204211586598794,0.4137676918580622,Champions
17147,23,4,1714.59,21.167777777777776,0.0,7.447512323761201,3.1780538303479458,2,0.6575298337535503,-0.2981422667070025,Potential Loyalists
17148,52,1,124.88,13.875555555555556,0.0,4.835329072196206,3.970291913552122,0,-1.1546458929330083,-0.3912606744620493,Champions
17152,195,3,1689.5,120.67857142857144,0.0,7.43277962214794,5.278114659230517,2,-0.2700127160563094,0.8833562292663397,Potential Loyalists
17153,24,1,213.78,15.27,0.0,5.369614248430071,3.218875824868201,2,-0.5927692240805812,-0.7708318872409032,Potential Loyalists
17154,75,1,329.34,14.319130434782608,0.0,5.800122427092944,4.330733340286331,0,-0.8313329195857563,-0.048118828513831,Champions
17155,18,2,251.7,12.585,0.0,5.532203014394148,2.9444389791664403,2,-0.3283432409185467,-0.8394037102724711,Potential Loyalists
17157,8,2,319.0,24.53846153846154,0.0,5.768320995793772,2.19722457733622,2,0.0870816659367333,-1.255788480061002,Potential Loyalists
17158,32,3,1266.97,18.91,0.0,7.145172475411292,3.49650756146648,2,0.3075357046534486,-0.2216413720165756,Potential Loyalists
17159,22,3,1538.88,15.236435643564358,0.0,7.33945977029367,3.1354942159291497,2,0.547187425405867,-0.4122359210946369,Potential Loyalists
17160,31,6,3518.03,15.362576419213974,0.0,8.165940662434437,3.4657359027997265,2,1.0405517194167682,0.117625803247732,Potential Loyalists
17162,29,10,1715.46,16.494807692307692,0.0,7.448019309392898,3.4011973816621555,2,1.0180406091492666,0.2816757148976884,Potential Loyalists
17163,22,2,293.1,58.620000000000005,0.0,5.68391984555995,3.1354942159291497,2,-0.3315934646451549,-0.7049623480077786,Potential Loyalists
17164,33,7,2467.35,17.134375,0.0,7.811305190205457,3.5263605246161616,2,0.9189867386304064,0.1815077735212069,Potential Loyalists
17165,284,1,158.68,15.868,0.0,5.073171812563154,5.652489180268651,0,-1.716337766085769,0.6476330262090624,Champions
17166,39,2,206.34,17.195,0.0,5.334359957894966,3.688879454113936,0,-0.7240690068853726,-0.419631635406217,Champions
17169,58,2,835.78,15.477407407407409,0.0,6.729561192451421,4.07753744390572,2,-0.2031512190891479,-0.0028165679165213,Potential Loyalists
17171,289,1,224.91,14.056875,0.0,5.420136689869131,5.66988092298052,0,-1.5548870810264577,0.7038162797079319,Champions
17172,79,1,317.76,21.184,0.0,5.764438468529548,4.382026634673881,0,-0.8693055057338558,-0.0221045959089428,Champions
17173,5,8,3766.6,43.79767441860465,0.0,8.234193472948663,1.791759469228055,1,1.8975741076047867,-0.7272671627199752,Loyal Customers
17174,218,1,59.9,14.975,0.0,4.109233174715851,5.389071729816501,0,-2.0782925550847766,0.3627146299156561,Champions
17175,44,4,1443.69,22.915714285714287,0.0,7.275650044659092,3.80666248977032,2,0.3210455878266794,0.0556815188483596,Potential Loyalists
17176,202,1,306.13,20.408666666666665,0.0,5.7272711107251055,5.313205979041787,0,-1.262194415076,0.530705362728864,Champions
17179,178,3,711.79,8.897375,0.0,6.569186846877494,5.187385805840755,0,-0.6527649209956978,0.7151026923628381,Champions
17180,56,4,796.03,6.218984375,0.0,6.680892319236134,4.04305126783455,2,-0.0628674714993773,0.1188099969485784,Potential Loyalists
17181,57,2,239.92,10.431304347826089,0.0,5.48446492817552,4.060443010546419,0,-0.8007650044801203,-0.1772907844483378,Champions
17183,8,6,3347.31,45.85356164383562,0.0,8.116211019915529,2.19722457733622,1,1.527044297222334,-0.6486851221686551,Loyal Customers
17186,47,2,144.0,72.0,13.0,4.976733742420574,3.871201010907891,0,-0.9710899144212776,-0.357606615977011,Champions
17187,227,1,203.95,20.395,0.0,5.322766046950346,5.429345628954441,0,-1.5053336600217284,0.5469083519121654,Champions
17188,11,7,2474.23,29.455119047619046,0.0,7.814088599978061,2.4849066497880004,1,1.3395729789367472,-0.4418845188438436,Loyal Customers
17189,106,2,384.4,6.301639344262295,0.0,5.954281755980266,4.672828834461906,0,-0.8191831277531986,0.25145803975687,Champions
17190,59,2,444.74,23.40736842105263,0.0,6.09973582239177,4.0943445622221,2,-0.5156975458972762,-0.075828080743904,Potential Loyalists
17191,28,7,2095.13,8.840210970464135,0.0,7.647848066418356,3.367295829986474,2,0.9036593219364748,0.0646779353638801,Potential Loyalists
17193,36,7,1699.3,53.103125,0.0,7.43855998506344,3.610917912644224,2,0.7039802951763177,0.1829844738389502,Potential Loyalists
17194,274,2,262.62,9.055862068965515,0.0,5.57450867228432,5.616771097666572,0,-1.3835450416280115,0.7667203177265429,Champions
17197,30,1,1013.01,34.93137931034483,0.0,6.921668046035439,3.4339872044851463,2,0.0741613871568886,-0.4372695224818132,Potential Loyalists
17198,24,3,692.22,7.210625,0.0,6.541347409127499,3.218875824868201,2,0.1261382361718929,-0.4675719650370293,Potential Loyalists
17201,54,1,342.63,8.56575,0.0,5.839565497125275,4.007333185232471,0,-0.6819992831804764,-0.2366105579255776,Champions
17203,36,6,3563.85,23.446381578947367,0.0,8.178877256226862,3.610917912644224,2,0.9883897563310428,0.2062862855501759,Potential Loyalists
17204,175,4,1564.56,27.448421052631577,0.0,7.355998866445309,5.170483995038151,2,-0.18894825343915,0.8831155622451319,Potential Loyalists
17205,54,1,384.08,29.544615384615383,0.0,5.953451104909766,4.007333185232471,0,-0.6267077406198532,-0.2215883487161004,Champions
17206,53,1,204.24,29.17714285714285,0.0,5.324180026073764,3.9889840465642745,0,-0.9248328872154752,-0.3155829338190267,Champions
17211,27,8,2317.2200000000003,10.982085308056874,0.0,7.748554928800743,3.332204510175204,2,1.0416935993874477,0.1312950643211352,Potential Loyalists
17212,253,1,226.85,56.7125,0.0,5.428687517709892,5.537334267018537,0,-1.4973792926667742,0.6255578302868084,Champions
17213,40,7,2781.23,17.71484076433121,0.0,7.931008043401064,3.713572066704308,2,0.9017409766809572,0.3094241865240628,Potential Loyalists
17214,60,6,1069.12,10.37980582524272,0.0,6.975526070700374,4.110873864173311,2,0.2029057774091394,0.3469962183723465,Potential Loyalists
17217,234,1,113.5,12.61111111111111,0.0,4.740574822994295,5.459585514144159,0,-1.8001609052519028,0.4882253807605088,Champions
17218,4,10,1960.72,7.155912408759124,0.0,7.581576918422193,1.6094379124341005,1,1.804151628649129,-0.7738482496796757,Loyal Customers
17219,32,1,114.23,4.5692,0.0,4.746930131025923,3.49650756146648,0,-1.006842825650355,-0.686685367846076,Champions
17220,24,14,3198.25,6.775953389830509,0.0,8.070671686317706,3.218875824868201,1,1.6937922798596945,0.5520115524548496,Loyal Customers
17221,7,2,335.13,5.319523809523809,0.0,5.817497989896762,2.079441541679836,2,0.1583704247119884,-1.3198456933438325,Potential Loyalists
17222,65,1,354.15,12.648214285714284,0.0,5.872540235443819,4.189654742026425,0,-0.7393831533329512,-0.1230628802830324,Champions
17223,310,2,426.79,8.71,0.0,6.058632420966027,5.739792912179234,0,-1.1980247737820728,0.904260834643089,Champions
17226,309,1,393.49,18.73761904761905,0.0,5.977593791422191,5.736572297479192,0,-1.3110877281188102,0.8172918449799921,Champions
17227,19,6,939.32,19.985531914893617,0.0,6.84622024286434,2.995732273553991,2,0.5890254227899713,-0.3379533412355511,Potential Loyalists
17228,16,8,1906.09,9.16389423076923,0.0,7.553333799033199,2.833213344056216,1,1.147781364847757,-0.193317282772922,Loyal Customers
17229,96,2,318.76,6.782127659574468,0.0,5.767570714403068,4.574710978503383,0,-0.8703343494052397,0.1680638436370722,Champions
17230,264,8,3638.41,52.73057971014492,0.0,8.199576859581033,5.579729825986222,2,0.355928850192113,1.536901133353565,Potential Loyalists
17231,12,10,3174.32,5.867504621072089,0.0,8.063163693649658,2.5649493574615367,1,1.6533233833327228,-0.1380381841190155,Loyal Customers
17232,3,2,421.52,11.708888888888888,0.0,6.046236782954962,1.3862943611198906,2,0.5484480932712101,-1.704821266021804,Potential Loyalists
17233,35,1,190.88,7.6352,0.0,5.256870176633863,3.58351893845611,0,-0.7942928076454191,-0.5673073054817219,Champions
17234,183,1,149.89,10.706428571428573,0.0,5.01655109452556,5.214935757608986,0,-1.5676910275401328,0.3780999168631319,Champions
17235,25,2,550.0600000000001,18.967586206896552,0.0,6.311843696146471,3.258096538021482,2,-0.0760892806129537,-0.5487049640709403,Potential Loyalists
17236,13,6,916.13,8.725047619047618,0.0,6.821249228838842,2.6390573296152584,2,0.7204806668696049,-0.5548709992018966,Potential Loyalists
17237,11,2,314.69,16.562631578947368,0.0,5.754760719420831,2.4849066497880004,2,-0.0353076229086001,-1.0852753333290572,Potential Loyalists
17238,3,17,3744.65,6.615989399293286,0.0,8.228350445643704,1.3862943611198906,1,2.733092217732933,-0.3017285472644887,Loyal Customers
17239,313,1,382.5,25.5,0.0,5.949339620807311,5.749392985908253,0,-1.3299660868154906,0.8212436598613433,Champions
17242,108,2,1135.04,28.376,0.0,7.0353038099288,4.691347882229144,2,-0.3018009620002263,0.4051431093223293,Potential Loyalists
17243,1,26,8676.85,21.692125,0.0,9.068529081120175,0.6931471805599453,1,4.09516020444091,0.0631036771037523,Loyal Customers
17244,53,1,954.9,30.80322580645161,0.0,6.862653305069717,3.9889840465642745,2,-0.1779030298013911,-0.1126488852603917,Potential Loyalists
17245,205,1,171.45000000000002,19.05,0.0,5.15010733938285,5.327876168789581,0,-1.5483132829790425,0.4633603636737701,Champions
17247,15,1,282.19,5.130727272727273,0.0,5.646118050461663,2.772588722239781,2,-0.2788745740463749,-1.0016547073086626,Potential Loyalists
17248,120,1,318.65,4.618115942028985,0.0,5.767226647212736,4.795790545596741,0,-1.034511566001864,0.2260793858881735,Champions
17250,4,2,384.52,6.7459649122807015,0.0,5.954593072332077,1.6094379124341005,2,0.4141290774225482,-1.5832619502026526,Potential Loyalists
17251,363,1,283.28000000000003,7.263589743589744,0.0,5.649959667958695,5.8971538676367405,0,-1.534796071655786,0.8702522441234674,Champions
17252,117,2,353.86,4.067356321839081,0.0,5.871723345495433,4.770684624465665,0,-0.898656920128644,0.2991769863573327,Champions
17253,18,1,178.26,9.903333333333332,0.0,5.188837265929216,2.9444389791664403,2,-0.5700626468581713,-0.959046326345491,Potential Loyalists
17254,5,2,272.44,2.4325,0.0,5.6110822193672805,1.791759469228055,2,0.1739611882981954,-1.5193750280026594,Potential Loyalists
17255,41,2,298.41,3.825769230769231,0.0,5.701813871561357,3.737669618283368,2,-0.5653102435578754,-0.3419402515775451,Potential Loyalists
17256,107,2,240.0,15.0,0.0,5.484796933490655,4.68213122712422,0,-1.050862995835643,0.1951016112878774,Champions
17259,148,2,603.37,4.865887096774194,0.0,6.40418659316403,5.003946305945459,0,-0.7340445997468548,0.5091198985941019,Champions
17262,52,5,1253.36,104.44666666666669,0.0,7.134380761332616,3.970291913552122,2,0.2616056924183052,0.2094006079137781,Potential Loyalists
17263,208,1,63.440000000000005,2.758260869565217,0.0,4.165734558308774,5.342334251964811,0,-2.03204702806835,0.3421749648143423,Champions
17265,139,2,562.9,4.432283464566929,0.0,6.334876930813136,4.941642422609304,0,-0.7426142027050995,0.4626617767103024,Champions
17266,2,3,310.64,3.883,0.0,5.741848675462657,1.0986122886681098,2,0.5914883123724919,-1.8429231812455544,Potential Loyalists
17267,127,2,317.62,8.358421052631579,0.0,5.763999170144749,4.852030263919617,0,-0.9837025853992912,0.3336879666301646,Champions
17268,108,4,763.64,127.27333333333333,1.0,6.639405134829848,4.691347882229144,0,-0.3439798589663423,0.5016227907311326,Champions
17272,42,4,2148.63,18.847631578947368,0.0,7.673051013288749,3.7612001156935615,2,0.5322848126606549,0.0808722967095131,Potential Loyalists
17274,35,1,111.98,4.147407407407408,0.0,4.727210811897116,3.58351893845611,0,-1.0514428012020465,-0.637172619823204,Champions
17277,228,2,1065.35,15.43985507246377,0.0,6.9719968810436015,5.43372200355424,0,-0.6313775375669913,0.841423719351309,Champions
17278,241,1,246.04,16.40266666666667,0.0,5.509550266836412,5.488937726156687,0,-1.4386384535267478,0.6072379135578505,Champions
17279,58,1,187.83,20.87,0.0,5.240847139393487,4.07753744390572,0,-1.0009380312806588,-0.2735376405568965,Champions
17282,130,3,1703.41,18.121382978723407,0.0,7.440974288775877,4.875197323201151,2,-0.1038407407750332,0.6431173064657295,Potential Loyalists
17284,60,6,1652.58,5.659520547945205,0.0,7.410697913471,4.110873864173311,2,0.4141820126931342,0.4043980498359382,Potential Loyalists
17286,22,1,153.92,3.420444444444444,0.0,5.042908854646552,3.1354942159291497,2,-0.7178198448281699,-0.8638661946194944,Potential Loyalists
17287,26,7,1064.11,8.581532258064515,0.0,6.97083335919483,3.295836866004329,2,0.6037338498338976,-0.0674234694869568,Potential Loyalists
17288,9,7,1419.73,9.998098591549295,0.0,7.258926103006179,2.302585092994046,1,1.1434343255333592,-0.624311960222318,Loyal Customers
17289,32,3,944.41,8.508198198198198,0.0,6.851618695836513,3.49650756146648,2,0.1650151385086452,-0.2603629135422609,Potential Loyalists
17290,4,2,525.24,5.149411764705882,0.0,6.265757382440746,1.6094379124341005,2,0.5651995685093365,-1.5422174718360753,Potential Loyalists
17291,308,1,550.8000000000001,550.8000000000001,,6.313185661783185,5.733341276897746,0,-1.1468569993744742,0.8596233084379088,Champions
17293,8,9,1875.11,13.889703703703702,0.0,7.536955763241639,2.19722457733622,1,1.470860745047213,-0.5020407261626295,Loyal Customers
17295,29,3,556.95,8.071739130434784,0.0,6.324269352631711,3.4011973816621555,2,-0.05264644147368,-0.3870077825892728,Potential Loyalists
17297,17,1,131.78,2.583921568627451,0.0,4.888693623291013,2.8903717578961645,2,-0.6940179589743596,-1.0310196684216604,Potential Loyalists
17298,101,2,498.42,16.614,0.0,6.21344742510144,4.624972813284271,0,-0.6740936807063239,0.2569811044885846,Champions
17299,12,4,669.11,11.738771929824562,0.0,6.507441878013575,2.5649493574615367,2,0.4479287857704629,-0.7893508448386864,Potential Loyalists
17301,21,1,197.63,2.994393939393939,0.0,5.291443797604864,3.091042453358316,2,-0.5792619993727716,-0.857706470362548,Potential Loyalists
17302,15,5,1135.63,14.375063291139242,0.0,7.035823023024634,2.772588722239781,2,0.6958885417792029,-0.5209418265444533,Potential Loyalists
17303,361,1,250.04,4.717735849056604,0.0,5.525612288984722,5.891644211825772,0,-1.5929489120379747,0.850550157274569,Champions
17306,11,19,8631.31,130.77742424242425,0.0,9.063267419175418,2.4849066497880004,1,2.8462312999403374,0.6150966676195141,Loyal Customers
17309,95,1,82.75,6.895833333333333,0.0,4.427836170705175,4.564348191467836,0,-1.5916199887803384,-0.0892125179130836,Champions
17311,78,2,1384.85,25.179090909090903,0.0,7.234068948784864,4.3694478524670215,2,-0.0757202213204531,0.2385654087879513,Potential Loyalists
17312,139,3,644.3,46.021428571428565,0.0,6.469715324941794,4.941642422609304,0,-0.6021349737433807,0.5547983575284894,Champions
17313,31,1,2328.84,97.035,0.0,7.753554874673989,3.4657359027997265,2,0.4652626602628744,-0.3085232617733616,Potential Loyalists
17314,25,8,2527.92,19.297099236641223,0.0,7.835547613113086,3.258096538021482,1,1.1137606046592805,0.0983843397064665,Loyal Customers
17315,2,38,6292.26,13.302875264270613,0.0,8.747234498421118,1.0986122886681098,1,4.676133527144253,1.1557755930516902,Loyal Customers
17317,46,3,2600.34,288.9266666666667,0.0,7.863781975859922,3.8501476017100575,2,0.5140641264632066,0.0849537516447982,Potential Loyalists
17320,100,3,1200.62,16.446849315068494,0.0,7.091425925345387,4.61512051684126,2,-0.1688533887567759,0.4412415671600716,Potential Loyalists
17321,8,2,700.86,6.550093457943925,0.0,6.553733953937535,2.19722457733622,2,0.4684002087068468,-1.1521877002732972,Potential Loyalists
17323,15,7,921.07,4.60535,0.0,6.826621142583565,2.772588722239781,2,0.7443510697356486,-0.399835694413301,Potential Loyalists
17324,18,4,990.23,19.8046,0.0,6.898946596200742,2.9444389791664403,2,0.4852419157372019,-0.5104207190968473,Potential Loyalists
17325,280,1,96.8,16.133333333333333,0.0,4.582924577040772,5.638354669333745,0,-1.9486633279425252,0.5745008104970647,Champions
17329,14,2,523.11,15.851818181818182,0.0,6.261701585954275,2.70805020110221,2,0.1209865938348801,-0.8847590454873765,Potential Loyalists
17330,23,2,363.9,60.65,0.0,5.899623343442402,3.1780538303479458,2,-0.2440015410973177,-0.6510194454513828,Potential Loyalists
17331,124,1,175.2,175.2,,5.171619713502079,4.8283137373023015,0,-1.3367712875938584,0.1669943444480297,Champions
17333,86,1,494.25,17.651785714285715,0.0,6.20506268557866,4.465908118654584,0,-0.6891484398493953,0.0862556928697072,Champions
17334,302,2,307.02000000000004,27.91090909090909,0.0,5.73016471593032,5.713732805509369,0,-1.347005638482135,0.8453257159842021,Champions
17337,151,4,2027.87,3.734567219152855,0.0,7.615234266802261,5.0238805208462765,2,-0.0040743888030706,0.8295048733580105,Potential Loyalists
17338,17,8,6643.93,8.8232802124834,0.0,8.801609436855593,2.8903717578961645,1,1.730811073942885,0.0055718890558018,Loyal Customers
17339,94,2,243.36,27.040000000000003,0.0,5.498642547781566,4.553876891600541,0,-0.9925124487835268,0.1201123821763385,Champions
17340,30,11,12353.29,30.352063882063884,0.0,9.421758650158734,3.4339872044851463,1,2.0381080704187267,0.636013448664331,Loyal Customers
17341,157,3,781.36,4.2697267759562845,0.0,6.662314992669317,5.062595033026967,0,-0.5573168985257569,0.6526457512661193,Champions
17343,355,1,193.64,11.390588235294118,0.0,5.271151698475268,5.87493073085203,0,-1.709761733615139,0.80697501804894,Champions
17344,46,1,160.57,5.0178125,0.0,5.084938485288739,3.8501476017100575,0,-0.9850965276079574,-0.4302938665264245,Champions
17345,15,4,537.74,6.180919540229885,0.0,6.2892330797607725,2.772588722239781,2,0.2584035060825042,-0.6937721836361184,Potential Loyalists
17346,4,15,2676.56,5.35312,0.0,7.8926612110344125,1.6094379124341005,1,2.33025874076506,-0.3610614723343804,Loyal Customers
17347,86,1,228.96,228.96,,5.43790538075509,4.465908118654584,0,-1.061603850111707,-0.0149370544302524,Champions
17348,15,5,1159.52,5.393116279069767,0.0,7.056623459516872,2.772588722239781,2,0.7059871683042194,-0.5181981215696673,Potential Loyalists
17349,179,1,110.75,12.305555555555555,0.0,4.716264233493678,5.19295685089021,0,-1.7046329504598745,0.3253263829891377,Champions
17350,8,4,1286.07,18.113661971830982,0.0,7.160123596171431,2.19722457733622,2,0.9128329937075488,-0.923500050850828,Potential Loyalists
17351,36,3,587.15,21.746296296296297,0.0,6.37698201740645,3.610917912644224,2,-0.1114769293255668,-0.2544464452194003,Potential Loyalists
17353,129,2,1740.0,217.5,0.0,7.462214939768189,4.867534450455582,2,-0.1654588116902782,0.5669789724704197,Potential Loyalists
17354,51,1,1393.06,87.06625,0.0,7.239975632001093,3.951243718581428,2,0.0204795082631467,-0.0854816272389728,Potential Loyalists
17356,312,1,178.22,9.38,0.0,5.188614101456073,5.746203190540153,0,-1.698014815830317,0.7189888358114652,Champions
17357,24,2,388.14,8.625333333333334,0.0,5.96393917604323,3.218875824868201,2,-0.2292089604172041,-0.6180862183279026,Potential Loyalists
17358,303,2,365.85,6.200847457627119,0.0,5.904953045160004,5.717027701406222,0,-1.2634721347511155,0.8703547838341722,Champions
17359,11,1,127.86,8.524,0.0,4.858726543710496,2.4849066497880004,2,-0.5453479384119458,-1.277818300017616,Potential Loyalists
17360,17,3,585.79,4.43780303030303,0.0,6.374667004542158,2.8903717578961645,2,0.1774533490461686,-0.6863095364237355,Potential Loyalists
17361,49,3,488.2,16.834482758620688,0.0,6.192771403813017,3.912023005428146,2,-0.3221204830987862,-0.0984036546515945,Potential Loyalists
17362,239,2,312.23,8.920857142857143,0.0,5.746937744970129,5.480638923341991,0,-1.2450309080285555,0.7079309329647607,Champions
17364,1,11,4481.18,10.903114355231144,0.0,8.407864814197026,0.6931471805599453,1,2.6491808301291497,-1.1393005475633038,Loyal Customers
17365,13,8,4801.56,10.259743589743591,0.0,8.47690438805764,2.6390573296152584,1,1.6743325972600334,-0.1877788013990483,Loyal Customers
17367,238,1,168.4,4.952941176470588,0.0,5.132262782217954,5.476463551931511,0,-1.6167903417616718,0.5500002086741157,Champions
17368,23,8,1912.67,17.231261261261263,0.0,7.55677814335483,3.1780538303479458,2,1.0106388415669494,0.0136728471654483,Potential Loyalists
17370,73,4,446.18,13.52060606060606,0.0,6.102961198121657,4.30406509320417,0,-0.4485239595031517,0.1989067216048358,Champions
17371,17,3,423.89,4.872298850574713,0.0,6.051830311894415,2.8903717578961645,2,0.020715908039208,-0.7288936735398788,Potential Loyalists
17372,41,8,1342.68,5.30703557312253,0.0,7.203167397495829,3.737669618283368,2,0.613688511171693,0.302200898727881,Potential Loyalists
17373,40,4,646.92,11.349473684210526,0.0,6.473767231940735,3.713572066704308,2,-0.0307957424433731,-0.1058465142884605,Potential Loyalists
17374,219,2,495.77,17.706071428571427,0.0,6.208127142322502,5.393627546352362,0,-0.9860968994572504,0.7166507922380482,Champions
17375,199,3,400.1,5.798550724637681,0.0,5.994210772776008,5.298317366548036,0,-0.9765714566901936,0.7057002229305627,Champions
17376,71,2,203.2,8.466666666666667,0.0,5.319099905730565,4.276666119016055,0,-0.9680899604368276,-0.0696006318109773,Champions
17377,24,20,4100.92,9.810813397129186,0.0,8.319210435760528,3.218875824868201,1,2.2645485807574555,1.030898760323619,Loyal Customers
17379,11,1,404.66,4.875421686746988,0.0,6.005515370330642,2.4849066497880004,2,0.0114188422957893,-1.126549829771767,Potential Loyalists
17381,9,29,20275.61,186.01477064220185,0.0,9.917223283969056,2.302585092994046,1,4.084371539950121,1.362046276478864,Loyal Customers
17382,65,1,65.4,32.7,0.0,4.1956970564823886,4.189654742026425,0,-1.5534916943567143,-0.3442487661546777,Champions
17383,4,1,199.29,3.9076470588235295,0.0,5.299766316313141,1.6094379124341005,2,0.0211951335780561,-1.743988180852544,Potential Loyalists
17384,19,2,336.4,22.426666666666662,0.0,5.821269170111868,2.995732273553991,2,-0.2086494185128977,-0.7705529485184017,Potential Loyalists
17385,15,1,261.11,5.555531914893617,0.0,5.568764262978113,2.772588722239781,2,-0.3164298921947893,-1.0118581456651778,Potential Loyalists
17386,8,6,2686.42,95.94357142857145,0.0,7.896336904550998,2.19722457733622,1,1.4202952597964404,-0.6776878647013643,Loyal Customers
17387,20,2,784.11,10.052692307692308,0.0,6.6658238353540185,3.044522437723423,2,0.1817420947699348,-0.629929053342621,Potential Loyalists
17388,78,4,1259.56,83.97066666666666,0.0,7.13931134565379,4.3694478524670215,2,0.028305083643599,0.3747674420608131,Potential Loyalists
17389,1,34,31833.68,149.45389671361502,0.0,10.36831154057086,0.6931471805599453,1,5.326326252662265,0.8293575106395864,Loyal Customers
17391,164,2,508.8,169.6,0.0,6.234018491942015,5.10594547390058,0,-0.8577208658906593,0.5477641895944295,Champions
17392,307,2,457.91,7.385645161290323,0.0,6.128854112403284,5.730099782973574,0,-1.160030146117469,0.9077179862727508,Champions
17394,219,1,203.87,50.9675,0.0,5.322375631641108,5.393627546352362,0,-1.4911449738675846,0.5254641720475298,Champions
17396,39,8,7330.8,271.5111111111111,0.0,8.899976330900701,3.688879454113936,1,1.4571308098180422,0.4967984279174037,Loyal Customers
17397,22,2,696.41,7.569673913043478,0.0,6.547373473112078,3.1354942159291497,2,0.0876138779302641,-0.5910675259305639,Potential Loyalists
17398,115,3,653.38,17.19421052631579,0.0,6.483688222474311,4.7535901911063645,0,-0.5196511233203491,0.4440110795034784,Champions
17400,126,5,2129.96,9.99981220657277,0.0,7.664327861392181,4.844187086458591,2,0.1671108638205508,0.8027071473123368,Potential Loyalists
17402,5,13,2633.85,44.641525423728815,0.0,7.876581533358911,1.791759469228055,1,2.099028729364876,-0.4026855141275259,Loyal Customers
17403,36,1,281.62,8.533939393939393,0.0,5.6441032391546,3.610917912644224,2,-0.6173202786956289,-0.4998187864212157,Potential Loyalists
17404,4,15,31906.82,161.14555555555555,0.0,10.370606399796603,1.6094379124341005,1,3.5333028701567457,-0.0342053246669465,Loyal Customers
17405,1,3,1031.41,12.57817073170732,0.0,6.9396511539657,0.6931471805599453,1,1.336241315640463,-1.927771488113382,Loyal Customers
17406,333,3,2200.42,19.47274336283186,0.0,7.6968578856756675,5.811140992976701,0,-0.3563710741765893,1.2374359850989578,Champions
17408,163,1,32.65,16.325,0.0,3.516013056090737,5.099866427824199,0,-2.249882401556263,0.111251122567431,Champions
17409,185,2,771.85,59.37307692307692,0.0,6.650084980598328,5.225746673713202,0,-0.703945994447535,0.674398609752813,Champions
17410,16,5,1214.72,18.98,0.0,7.1030917728535865,2.833213344056216,2,0.7041432631870713,-0.4757586759981141,Potential Loyalists
17411,12,3,778.94,18.99853658536585,0.0,6.659216993647982,2.5649493574615367,2,0.4466006170858462,-0.8436813482281008,Potential Loyalists
17412,3,7,1258.06,19.061515151515152,0.0,7.138120689779327,1.3862943611198906,1,1.4536339664385274,-1.189042237209847,Loyal Customers
17414,44,2,778.0,129.66666666666666,0.0,6.658011045870748,3.80666248977032,2,-0.1288487676815702,-0.1744899896052939,Potential Loyalists
17415,80,1,507.84,36.27428571428571,0.0,6.23213362528801,4.394449154672439,0,-0.6472398358904806,0.0470274973328232,Champions
17416,30,7,6893.42,25.62609665427509,0.0,8.838467667762448,3.4339872044851463,1,1.454859513159303,0.2616715124417452,Loyal Customers
17418,42,2,463.46,15.448666666666668,0.0,6.1408754404446775,3.7612001156935615,2,-0.361617691825791,-0.2699321873452466,Potential Loyalists
17419,11,12,4226.57,20.517330097087378,0.0,8.349382638885205,2.4849066497880004,1,1.9745340803401683,0.0004768973093661,Loyal Customers
17420,50,3,598.83,19.961,0.0,6.3966462817363405,3.9318256327243257,2,-0.2311105893470947,-0.0596508939777529,Potential Loyalists
17422,16,6,1979.37,16.917692307692306,0.0,7.591038974917671,2.833213344056216,2,1.0160570663878656,-0.3370448806423985,Potential Loyalists
17423,46,2,698.41,26.86192307692308,0.0,6.550237122496749,3.8501476017100575,2,-0.1986779162561063,-0.1626614306547103,Potential Loyalists
17425,19,2,759.1700000000001,17.65511627906977,0.0,6.63354209247732,2.995732273553991,2,0.1857096557504549,-0.6634091749341425,Potential Loyalists
17426,8,6,5037.26,18.58767527675277,0.0,8.524816063361785,2.19722457733622,1,1.7254223327766265,-0.5947876142560437,Loyal Customers
17427,72,1,100.8,50.4,0.0,4.623010104116422,4.290459441148391,0,-1.386609612406102,-0.2275084569894744,Champions
17428,1,28,17256.85,52.61234756097561,0.0,9.756022391409203,0.6931471805599453,1,4.578968877241051,0.3024893970979283,Loyal Customers
17429,128,3,524.9200000000001,13.459487179487182,0.0,6.265149109915909,4.859812404361672,0,-0.6685115267367128,0.4788042523290852,Champions
17430,33,2,265.76,18.982857142857146,0.0,5.586349377764106,3.5263605246161616,2,-0.5363063404642915,-0.4837303796409412,Potential Loyalists
17431,313,1,403.3,9.37906976744186,0.0,6.002157176646725,5.749392985908253,0,-1.304323126361968,0.8282106189810099,Champions
17432,18,2,365.76,7.62,0.0,5.9047076831817,2.9444389791664403,2,-0.1474919626141554,-0.7902680628900313,Potential Loyalists
17433,88,1,303.16,5.614074074074074,0.0,5.717553878740119,4.48863636973214,0,-0.9349835138158208,0.035562958824963,Champions
17434,2,7,2373.82,17.715074626865672,0.0,7.77267692412289,1.0986122886681098,1,1.877517229000735,-1.2776422135214578,Loyal Customers
17436,2,2,216.3,24.03333333333333,0.0,5.381278887262384,1.0986122886681098,2,0.3414163330590536,-1.9648351155334056,Potential Loyalists
17438,254,1,388.4500000000001,22.85,0.0,5.9647354873659575,5.541263545158426,0,-1.2387093489297356,0.6986192088566466,Champions
17440,157,3,186.42,37.284000000000006,0.0,5.233352087695677,5.062595033026967,0,-1.251079392443458,0.4641567917856788,Champions
17442,37,6,2248.56,16.656,0.0,7.718489920519429,3.6375861597263857,2,0.7541361391993243,0.1615308270405812,Potential Loyalists
17443,220,1,534.24,534.24,,6.282715244436788,5.3981627015177525,0,-1.026725033829611,0.6548550958922252,Champions
17444,148,3,2940.04,21.77807407407408,0.0,7.9865185392775535,5.003946305945459,2,0.1091937652704897,0.7921897447326418,Potential Loyalists
17446,177,2,120.9,13.433333333333332,0.0,4.803201036487226,5.181783550292085,0,-1.58291219084617,0.404452409823427,Champions
17447,40,2,541.53,15.0425,0.0,6.296243383424822,3.713572066704308,2,-0.2670138834038431,-0.2779641387415643,Potential Loyalists
17449,2,7,2520.86,9.10057761732852,0.0,7.832752003485234,1.0986122886681098,1,1.9066837222215596,-1.2697179425972087,Loyal Customers
17450,8,46,194550.79,577.3020474777448,0.0,12.178453679089984,2.19722457733622,3,6.499869717781724,2.8611723957885387,At-Risk / Lost Customers
17451,1,7,1721.4,17.214000000000002,0.0,7.451473946050153,0.6931471805599453,1,1.8847920163117635,-1.5628566439314229,Loyal Customers
17453,18,2,486.72,25.61684210526316,0.0,6.189741470692064,2.9444389791664403,2,-0.0091078586001705,-0.7526703605020966,Potential Loyalists
17454,192,4,517.53,8.484098360655738,0.0,6.25099788520506,5.262690188904886,0,-0.7625443998735719,0.7925843507628089,Champions
17455,204,1,131.7,16.4625,0.0,4.888090941338162,5.3230099791384085,0,-1.6735635546460472,0.4258842820912474,Champions
17456,365,1,249.86,14.69764705882353,0.0,5.524895014596528,5.902633333401366,0,-1.597720795198914,0.8570372745059586,Champions
17457,127,5,1737.7,91.4578947368421,0.0,7.460892986533744,4.852030263919617,2,0.0651858359249285,0.780570366653451,Potential Loyalists
17458,15,1,316.5,5.861111111111111,0.0,5.760477818332746,2.772588722239781,2,-0.223352826430711,-0.9865699534795612,Potential Loyalists
17459,43,2,657.3,5.921621621621621,0.0,6.489660754473831,3.784189633918261,2,-0.2015365552829959,-0.210156123493153,Potential Loyalists
17460,94,6,622.4300000000001,21.463103448275863,0.0,6.435236489370733,4.553876891600541,0,-0.2377350567131828,0.541057142676476,Champions
17461,23,3,757.46,6.823963963963965,0.0,6.6312900617355215,3.1780538303479458,2,0.1862382583955846,-0.4801575531372408,Potential Loyalists
17462,60,2,675.69,25.02555555555556,0.0,6.517213265531828,4.110873864173311,2,-0.3196657870347113,-0.0108603307898567,Potential Loyalists
17463,16,5,1896.41,8.820511627906978,0.0,7.548245077314868,2.833213344056216,2,0.9202655051318064,-0.4170402286016546,Potential Loyalists
17464,158,1,289.96000000000004,32.21777777777778,0.0,5.673185800678734,5.068904202220232,0,-1.190109745464356,0.3772511705951533,Champions
17466,10,2,763.28,18.61658536585366,0.0,6.638934214171274,2.3978952727983707,2,0.428985462008936,-1.0207612808560478,Potential Loyalists
17468,10,2,137.0,27.4,0.0,4.927253685157205,2.3978952727983707,2,-0.4020366369314678,-1.2465424265763725,Potential Loyalists
17469,16,5,1870.97,21.261022727272728,0.0,7.5347466312681,2.833213344056216,2,0.9137120000962142,-0.4188207563124177,Potential Loyalists
17470,45,5,1125.07,14.42397435897436,0.0,7.02648897373005,3.828641396489095,2,0.2662452478210241,0.1103300759155034,Potential Loyalists
17472,191,3,710.29,3.924254143646409,0.0,6.567080222875004,5.2574953720277815,0,-0.68201013512773,0.756815637317868,Champions
17475,79,1,194.37,13.883571428571427,0.0,5.274895196603544,4.382026634673881,0,-1.10697910805755,-0.0866783518999599,Champions
17480,78,1,511.82,17.64896551724138,0.0,6.239924906405982,4.3694478524670215,0,-0.6333929459934129,0.033081149768602,Champions
17481,4,4,1255.59,15.312073170731706,0.0,7.136156981955326,1.6094379124341005,1,1.1378093731825905,-1.2787052920026996,Loyal Customers
17483,65,3,414.04,19.71619047619048,0.0,6.028374901128079,4.189654742026425,0,-0.5136951258694455,0.0461938081095971,Champions
17486,261,1,396.87,16.53625,0.0,5.986125318762377,5.568344503761097,0,-1.239225949168613,0.717660295439362,Champions
17489,59,2,376.64,12.987586206896552,0.0,5.933941360864316,4.0943445622221,0,-0.5961908734054179,-0.0976973857007784,Champions
17490,1,7,2092.32,27.53052631578948,0.0,7.646506601347098,0.6931471805599453,1,1.97948050742882,-1.5371306421341218,Loyal Customers
17491,1,10,3558.87,32.65018348623853,0.0,8.177479306325386,0.6931471805599453,1,2.4623134103429867,-1.244040377904687,Loyal Customers
17492,248,1,374.57,31.214166666666667,0.0,5.92844487193968,5.517452896464707,0,-1.2467435456313831,0.6795713089297356,Champions
17495,8,2,497.56,18.42814814814815,0.0,6.211723943242329,2.19722457733622,2,0.3023541083225242,-1.197300915475355,Potential Loyalists
17496,359,1,271.05,27.105,0.0,5.605985872931934,5.886104031450156,0,-1.551697293553292,0.8578337372182822,Champions
17498,76,1,272.22,16.012941176470587,0.0,5.610277331459341,4.343805421853684,0,-0.928764983600552,-0.0653312791298196,Champions
17499,290,1,622.88,15.572,0.0,6.435958042183625,5.673323267171493,0,-1.0630908089108202,0.8398710659961728,Champions
17500,17,3,1138.0,227.6,3.0,7.037905963447182,2.8903717578961645,2,0.4994563293837282,-0.5988242554442375,Potential Loyalists
17501,221,2,288.6,16.033333333333335,0.0,5.668500660511562,5.402677381872279,0,-1.251728926096019,0.6508909848847608,Champions
17502,9,4,689.1,24.610714285714288,0.0,6.536836514626557,2.302585092994046,2,0.5678140415074809,-0.9426117119521484,Potential Loyalists
17503,3,2,558.96,14.709473684210527,0.0,6.327865352606625,1.3862943611198906,2,0.6851789616233296,-1.6676727327261929,Potential Loyalists
17504,206,9,2997.03,23.59866141732284,0.0,8.00571068528359,5.332718793265369,2,0.4362555107699413,1.4377369013659984,Potential Loyalists
17505,162,2,1145.84,22.03538461538462,0.0,7.0447656130660885,5.093750200806762,0,-0.459193389704481,0.6474025684995582,Champions
17506,76,1,302.2,21.585714285714285,0.0,5.714392653768217,4.343805421853684,0,-0.8782169214999593,-0.0515978304170045,Champions
17507,262,2,605.58,6.881590909090909,0.0,6.407836624054821,5.572154032177765,0,-0.9610032373829516,0.849918816558587,Champions
17508,281,1,387.31,17.605,0.0,5.961803989689555,5.641907070938114,0,-1.2806464159227575,0.7585110954949864,Champions
17509,58,8,6115.14,16.708032786885248,0.0,8.71868645756525,4.07753744390572,1,1.2126610575714798,0.7056646623601043,Loyal Customers
17510,25,1,308.48,15.424,0.0,5.7348934696812535,3.258096538021482,2,-0.4312141146668454,-0.6991588034834967,Potential Loyalists
17511,3,31,91062.38,94.5611422637591,0.0,11.419311026583388,1.3862943611198906,1,5.332517135597307,1.1600866883833163,Loyal Customers
17512,29,10,2924.99,27.85704761904762,0.0,7.981388163939233,3.4011973816621555,1,1.2769915626136037,0.3520303336654636,Loyal Customers
17513,72,1,513.2,85.53333333333335,0.0,6.2426122948317895,4.290459441148391,0,-0.600291611375842,-0.013873008065198,Champions
17514,128,1,208.65,5.2162500000000005,0.0,5.345439473616771,4.859812404361672,0,-1.2650613888990443,0.208787776622728,Champions
17515,31,4,639.02,7.345057471264368,0.0,6.461499425865447,3.4657359027997265,2,0.0630141142106205,-0.2559015769694837,Potential Loyalists
17516,15,5,768.08,5.606423357664234,0.0,6.645194995304136,2.772588722239781,2,0.506238359984928,-0.5724680559746649,Potential Loyalists
17517,309,1,153.94,13.994545454545454,0.0,5.043037945203756,5.736572297479192,0,-1.7648152477914285,0.6940182047637509,Champions
17519,17,6,1844.02,22.488048780487805,0.0,7.520245396524275,2.8903717578961645,2,0.9586777446349776,-0.3121490176545232,Potential Loyalists
17520,54,1,546.81,18.227,0.0,6.305928511499892,4.007333185232471,2,-0.455579712177351,-0.1750944198833134,Potential Loyalists
17521,30,3,723.21,16.071333333333335,0.0,6.585081405576444,3.4339872044851463,2,0.0607785246629965,-0.3329662204212479,Potential Loyalists
17522,2,5,1070.71,14.667260273972603,0.0,6.977010782644906,1.0986122886681098,1,1.3411905706891558,-1.5312965925017363,Loyal Customers
17523,11,4,652.74,19.78,0.0,6.48270971889503,2.4849066497880004,2,0.4681423154027551,-0.8405532601426214,Potential Loyalists
17524,361,1,145.0,24.166666666666668,0.0,4.983606621708336,5.891644211825772,0,-1.856093044148339,0.7790562900077259,Champions
17525,360,1,422.7,46.96666666666667,0.0,6.049025657632513,5.8888779583328805,0,-1.3377178049057066,0.9179347903614468,Champions
17526,5,4,1195.9,62.942105263157885,0.0,7.087490159879325,1.791759469228055,2,1.0407884681221329,-1.1759266362259884,Potential Loyalists
17527,54,4,939.37,19.98659574468085,0.0,6.8462734148384685,4.007333185232471,2,0.0318033996227799,0.1192320947140114,Potential Loyalists
17528,1,8,3628.5,14.34189723320158,0.0,8.196850176724896,0.6931471805599453,1,2.321687793694061,-1.3901863829641816,Loyal Customers
17530,1,10,2385.0,6.053299492385787,0.0,7.777373602657861,0.6931471805599453,1,2.2680618102203094,-1.2968167708425236,Loyal Customers
17531,190,1,296.7,21.192857142857143,0.0,5.69608626802173,5.25227342804663,0,-1.2528064180410607,0.4900974720859987,Champions
17534,54,1,223.36,24.817777777777778,0.0,5.413251904640136,4.007333185232471,0,-0.8889748317297652,-0.2928439319202473,Champions
17535,280,1,164.4,12.646153846153847,0.0,5.108366782589591,5.638354669333745,0,-1.6935607681333256,0.6438098557118049,Champions
17536,177,1,76.5,25.5,0.0,4.350277936359301,5.181783550292085,0,-1.877821767959719,0.2703585080336718,Champions
17537,30,2,897.62,11.968266666666668,0.0,6.80086025323236,3.4339872044851463,2,0.0905242128243003,-0.3788542395379011,Potential Loyalists
17538,26,1,98.42,10.935555555555556,0.0,4.599353300666526,3.295836866004329,0,-0.9977119475551826,-0.8263396389157526,Champions
17540,25,2,578.9,23.156,0.0,6.362855674882395,3.258096538021482,2,-0.0513229291112228,-0.5419761716302784,Potential Loyalists
17542,270,1,170.75,6.83,0.0,5.146039931102459,5.602118820879701,0,-1.6606837695434833,0.6270763868189246,Champions
17545,43,3,645.96,4.454896551724138,0.0,6.472284468787567,3.784189633918261,2,-0.1349576602709764,-0.1380975912485868,Potential Loyalists
17548,234,1,103.3,20.66,0.0,4.647271362006727,5.459585514144159,0,-1.845459801087888,0.475918082777994,Champions
17549,24,2,148.86,24.81,0.0,5.0097015249361645,3.218875824868201,0,-0.6924920101856787,-0.7439560091588606,Champions
17550,197,3,267.16,6.360952380952382,0.0,5.591583817293718,5.288267030694535,0,-1.1680013864589782,0.6465717995787229,Champions
17551,359,1,306.84,7.135813953488372,0.0,5.729580167477342,5.886104031450156,0,-1.4916921767518851,0.8741365816766641,Champions
17552,60,4,930.41,18.987959183673468,0.0,6.836699567016301,4.110873864173311,2,-0.0145247754585342,0.1799830107215416,Potential Loyalists
17553,130,1,1487.6,743.8,0.0,7.305591359925811,4.875197323201151,2,-0.3195994356423923,0.476558327427225,Potential Loyalists
17554,1,5,1952.45,22.18693181818182,0.0,7.577352319081822,0.6931471805599453,1,1.7958758669904005,-1.6949536570414965,Loyal Customers
17555,20,2,483.26,4.559056603773585,0.0,6.182621952564336,3.044522437723423,2,-0.0528527586745518,-0.6936663412659189,Potential Loyalists
17556,206,1,157.9,26.316666666666663,0.0,5.068275073542671,5.332718793265369,0,-1.5899922930033648,0.4554665865130763,Champions
17557,14,3,541.46,15.92529411764706,0.0,6.29611434997733,2.70805020110221,2,0.2127091088519462,-0.8058692203812434,Potential Loyalists
17560,95,5,854.95,31.66481481481481,0.0,6.752211963220788,4.564348191467836,2,-0.1630735334534396,0.5147891688071163,Potential Loyalists
17561,19,1,167.62,3.643913043478261,0.0,5.12764766249453,2.995732273553991,2,-0.6204182415037601,-0.9363964445197124,Potential Loyalists
17562,14,7,1122.38,17.81555555555556,0.0,7.024097276842117,2.70805020110221,2,0.8662057067672047,-0.412441530453545,Potential Loyalists
17564,24,3,454.01,9.265510204081632,0.0,6.120319396731415,3.218875824868201,2,-0.0782711595321252,-0.5231081386440831,Potential Loyalists
17566,8,2,901.21,5.929013157894737,0.0,6.804847308929716,2.19722457733622,2,0.5903159189111156,-1.119064310695181,Potential Loyalists
17567,7,8,4331.48,26.25139393939393,0.0,8.373895405306746,2.079441541679836,1,1.849593728733594,-0.5365377919343218,Loyal Customers
17569,332,1,344.14,11.866896551724135,0.0,5.843950131819433,5.808142489980444,0,-1.4047822372192704,0.8425290642653954,Champions
17571,50,4,1498.51,5.011739130434783,0.0,7.312893667056457,3.9318256327243257,2,0.288743253617429,0.1355583188630657,Potential Loyalists
17572,71,4,226.75000000000003,18.895833333333336,0.0,5.428248536140067,4.276666119016055,0,-0.7650680358865695,0.0934978825796695,Champions
17573,29,3,380.6,15.224,0.0,5.944372939574132,3.4011973816621555,2,-0.2370864168123519,-0.4371184463149317,Potential Loyalists
17574,243,1,185.65,23.20625,0.0,5.229235205360593,5.497168225293202,0,-1.5780447814787877,0.5751921445159867,Champions
17576,8,19,3622.68,8.814306569343065,0.0,8.195245363043425,2.19722457733622,1,2.540611747223972,0.3282974115898195,Loyal Customers
17578,218,1,143.45999999999998,28.692,0.0,4.973002652622701,5.389071729816501,0,-1.6589318669403206,0.4766511145892235,Champions
17579,5,3,448.9,8.978000000000002,0.0,6.109025335847127,1.791759469228055,2,0.4907280149679191,-1.3793427103111122,Potential Loyalists
17580,253,3,215.72,4.793777777777778,0.0,5.37860619777684,5.537334267018537,0,-1.3716636208341682,0.7676529389531171,Champions
17581,1,25,11045.04,25.10236363636364,0.0,9.309827271674928,0.6931471805599453,1,4.137295551501698,0.0205818156199419,Loyal Customers
17582,236,1,175.27,6.043793103448277,0.0,5.172016910431863,5.468060141135132,0,-1.5941069106568273,0.5502109549722313,Champions
17584,7,2,1242.3,35.49428571428572,0.0,7.125524413958892,2.079441541679836,2,0.7934181722141083,-1.1473089964245096,Potential Loyalists
17585,109,4,1133.07,5.294719626168224,0.0,7.0335682107776405,4.700480365792417,2,-0.1562896693000552,0.5590850459621947,Potential Loyalists
17588,100,3,1240.2,53.92173913043479,0.0,7.123833932574225,4.61512051684126,2,-0.153119278487205,0.4455163818107087,Potential Loyalists
17589,60,4,2404.17,9.502648221343874,0.0,7.785375866112405,4.110873864173311,2,0.4460582340029111,0.3051192251592974,Potential Loyalists
17590,2,3,1479.22,7.359303482587065,0.0,7.299946004359694,1.0986122886681098,1,1.3479456597954174,-1.637400600308806,Loyal Customers
17591,73,7,2225.9700000000003,13.409457831325303,0.0,7.708397196129362,4.30406509320417,2,0.5559616267666156,0.6337252752098289,Potential Loyalists
17593,4,5,3927.34,18.43821596244132,0.0,8.275972223773232,1.6094379124341005,1,1.7662055674873,-1.0540061095497455,Loyal Customers
17594,85,2,993.18,19.8636,0.0,6.901918276781505,4.454347296253507,2,-0.2711556841953871,0.2456016446046586,Potential Loyalists
17595,12,2,388.79,4.68421686746988,0.0,5.965608132562755,2.5649493574615367,2,0.034837933995205,-1.0095231760743668,Potential Loyalists
17596,23,7,2827.93,10.473814814814814,0.0,7.947653827269738,3.1780538303479458,1,1.1253941667015648,-0.009118826790738,Loyal Customers
17597,214,1,2044.37,37.17036363636364,0.0,7.623333981206562,5.3706380281276624,2,-0.3647737008344068,0.8152055269489002,Potential Loyalists
17600,18,1,161.67000000000002,12.436153846153848,0.0,5.091723608778362,2.9444389791664403,2,-0.6172113956073126,-0.9718562125391724,Potential Loyalists
17601,239,1,116.01,12.89,0.0,4.7622594012308666,5.480638923341991,0,-1.7981080293642706,0.5036952575728291,Champions
17602,2,6,5102.97,9.11244642857143,0.0,8.537773947264405,1.0986122886681098,1,2.173957277143512,-1.2510718007497863,Loyal Customers
17603,78,1,394.72,35.88363636363636,0.0,5.980706890455022,4.3694478524670215,0,-0.7592434747850286,-0.0011112942305526,Champions
17604,217,2,309.36,4.91047619047619,0.0,5.737732914025749,5.384495062789089,0,-1.2107973671256878,0.6491331811007974,Champions
17608,33,2,193.42,3.2783050847457624,0.0,5.270020767392923,3.5263605246161616,0,-0.6898841029553905,-0.525456060843182,Champions
17609,41,5,1112.22,4.692911392405064,0.0,7.015011995713845,3.737669618283368,2,0.2972936497180896,0.0543303365260186,Potential Loyalists
17611,7,15,3984.22,6.917048611111111,0.0,8.290347796726813,2.079441541679836,1,2.3341369635048093,-0.027104237943,Loyal Customers
17612,53,6,2048.45,15.173703703703705,0.0,7.625326743452606,3.9889840465642745,2,0.5674509297348397,0.3597052663692238,Potential Loyalists
17613,23,14,4559.150000000001,14.612660256410258,0.0,8.425110796704255,3.1780538303479458,1,1.8823055180893071,0.574314667160997,Loyal Customers
17614,57,1,390.07,3.9007,0.0,5.968886572094735,4.060443010546419,0,-0.6405930500665868,-0.1877431733164092,Champions
17615,130,3,329.6,23.542857142857144,0.0,5.800909185386924,4.875197323201151,0,-0.9000935002793128,0.4267826740256611,Champions
17616,174,3,571.1999999999999,190.4,96.5,6.3494885806160095,5.1647859739235145,0,-0.7503310725285125,0.6725873961328152,Champions
17618,6,3,971.58,12.456153846153846,0.0,6.879952334320048,1.9459101490553128,2,0.8029606079471244,-1.1853270327959,Potential Loyalists
17619,312,1,218.52,2.837922077922078,0.0,5.39144334453752,5.746203190540153,0,-1.5995410758683828,0.7457432552911875,Champions
17620,60,1,81.44,20.36,0.0,4.412070756022258,4.110873864173311,0,-1.416729047747896,-0.3628920924245316,Champions
17621,21,3,1379.9,53.073076923076925,0.0,7.230490739491305,3.091042453358316,2,0.5121768405273295,-0.4532331606677038,Potential Loyalists
17623,33,1,527.05,15.97121212121212,0.0,6.269190976192483,3.5263605246161616,2,-0.2798013587872875,-0.4680099611986098,Potential Loyalists
17624,15,2,843.48,16.869600000000002,0.0,6.73872105331496,2.772588722239781,2,0.3266000450841144,-0.7831831083473499,Potential Loyalists
17625,18,4,2047.0,6.498412698412698,0.0,7.6246189861593985,2.9444389791664403,2,0.8375563706979648,-0.4147000861602526,Potential Loyalists
17628,81,1,75.75,15.15,0.0,4.340553386467307,4.406719247264253,0,-1.5705426682007415,-0.1951345780885945,Champions
17629,6,8,1814.12,14.748943089430895,0.0,7.503906860215884,1.9459101490553128,1,1.480966438049341,-0.7312707553685722,Loyal Customers
17630,170,2,503.6,19.36923076923077,0.0,6.223766036206958,5.14166355650266,0,-0.8770766734112402,0.567804509581359,Champions
17631,2,3,528.33,13.546923076923076,0.0,6.271612055889925,1.0986122886681098,2,0.8486888056199166,-1.7730441465974027,Potential Loyalists
17633,31,4,1324.84,18.92628571428571,0.0,7.189801499815289,3.4657359027997265,2,0.4166052825959169,-0.1598340726077907,Potential Loyalists
17634,36,9,2361.9700000000003,7.952760942760944,0.0,7.767674581380544,3.610917912644224,2,1.0137958506556368,0.3750978464115166,Potential Loyalists
17636,19,1,285.56,14.278,0.0,5.657947938312402,2.995732273553991,2,-0.3629570851671381,-0.866446590081087,Potential Loyalists
17637,31,2,547.0600000000001,15.630285714285716,0.0,6.3063847700056215,3.4657359027997265,2,-0.1623243479774629,-0.4250632916562522,Potential Loyalists
17639,276,1,108.5,15.5,0.0,4.695924549256556,5.6240175061873385,0,-1.8880303695974572,0.5808192215642334,Champions
17640,87,1,621.66,124.332,0.0,6.434000623425246,4.477336814478207,0,-0.5825995058003048,0.1232990140452727,Champions
17642,120,2,712.29,17.80725,0.0,6.569888069839022,4.795790545596741,0,-0.5698037876960086,0.4063059145422819,Champions
17643,373,1,101.55,12.69375,0.0,4.63035048451839,5.924255797414532,0,-2.040726866584864,0.751991744886546,Champions
17644,1,11,2895.64,18.44356687898089,0.0,7.971306723565063,0.6931471805599453,1,2.437231570534921,-1.1968852336104931,Loyal Customers
17646,219,3,1008.39,19.77235294117647,0.0,6.917101466981717,5.393627546352362,0,-0.5668742730103554,0.8845194188422911,Champions
17647,65,1,133.06,19.00857142857143,0.0,4.898287460929812,4.189654742026425,0,-1.21238355957201,-0.2515727884828292,Champions
17648,61,4,1797.5,19.75274725274725,0.0,7.494708263135679,4.127134385045092,2,0.2983932728626151,0.2765173247516735,Potential Loyalists
17649,138,1,868.49,16.70173076923077,0.0,6.767906832865638,4.934473933130692,0,-0.6045073158949548,0.4411370687837703,Champions
17650,21,1,166.07999999999998,20.76,0.0,5.118472739628975,3.091042453358316,2,-0.663239569496714,-0.8805224123472056,Potential Loyalists
17651,12,10,3945.0,17.004310344827587,0.0,8.28045768658256,2.5649493574615367,1,1.7588197695060548,-0.1093757755381374,Loyal Customers
17652,25,12,4867.72,18.79428571428572,0.0,8.490586347854247,3.258096538021482,1,1.731842746070203,0.4821902439141381,Loyal Customers
17653,37,4,1207.56,27.44454545454545,0.0,7.09718484723547,3.6375861597263857,2,0.3024619019487891,-0.0691242590935363,Potential Loyalists
17654,277,1,117.55,5.343181818181818,0.0,4.775334812511415,5.627621113690637,0,-1.8509272550370293,0.5934522354057928,Champions
17655,11,7,2638.94,28.99934065934066,0.0,7.878511468609366,2.4849066497880004,1,1.3708503269010817,-0.433386747885063,Loyal Customers
17656,73,5,1674.69,20.423048780487804,0.0,7.4239802997335635,4.30406509320417,2,0.2678468359900456,0.4475078030276868,Potential Loyalists
17658,26,2,595.42,31.337894736842102,0.0,6.39094511686889,3.295836866004329,2,-0.0528777686476195,-0.5156671342079999,Potential Loyalists
17659,17,12,2999.46,18.98392405063291,0.0,8.006520889229225,2.8903717578961645,1,1.6448554013477443,0.1980971227742022,Loyal Customers
17660,141,1,196.0,4.355555555555555,0.0,5.2832037287379885,4.955827057601261,0,-1.3339273674257563,0.2580846926474829,Champions
17663,26,7,1802.91,20.96406976744186,0.0,7.4977118102428095,3.295836866004329,2,0.8595337078416075,0.0020750253060425,Potential Loyalists
17664,19,2,604.64,14.061395348837207,0.0,6.406285750140171,2.995732273553991,2,0.0753765419448561,-0.6933856784202497,Potential Loyalists
17666,4,2,728.16,40.45333333333333,0.0,6.591893186664721,1.6094379124341005,2,0.7235387305035056,-1.4991981616961612,Potential Loyalists
17667,66,5,2055.51,17.56846153846154,0.0,7.628765650289339,4.204692619390966,2,0.4072724312334357,0.4150029488779017,Potential Loyalists
17668,1,2,347.75,23.183333333333334,0.0,5.854355333135575,0.6931471805599453,2,0.7343143385140185,-2.1452792250097747,Potential Loyalists
17669,43,7,3406.7200000000003,50.09882352941177,0.0,8.133798724949507,3.784189633918261,2,0.9717690536321056,0.3784685988383294,Potential Loyalists
17670,228,1,205.7,18.7,0.0,5.331268466687723,5.43372200355424,0,-1.502967428927526,0.5506510213766416,Champions
17671,16,4,1572.71,29.67377358490566,0.0,7.361191168037922,2.833213344056216,2,0.754435606894917,-0.5160643556848845,Potential Loyalists
17672,50,2,3178.17,28.892454545454545,0.0,8.064375435416844,3.9318256327243257,2,0.5035579920860744,0.0859822253811446,Potential Loyalists
17673,2,6,1629.12,7.176740088105727,0.0,7.396408910722918,1.0986122886681098,1,1.6198237503280637,-1.4016248398638624,Loyal Customers
17674,74,2,551.04,20.40888888888889,0.0,6.313620507419839,4.31748811353631,0,-0.5016823110864432,0.0860323018052047,Champions
17675,1,31,20374.28,28.89968794326241,0.0,9.922077680345929,0.6931471805599453,1,4.884634118387491,0.5474448190535994,Loyal Customers
17676,4,6,1387.68,17.790769230769232,0.0,7.236108934642959,1.6094379124341005,1,1.3363663042401035,-1.1168198757326817,Loyal Customers
17677,2,30,16363.23,53.82641447368421,0.0,9.702853134193733,1.0986122886681098,1,4.539966294609926,0.687022978175922,Loyal Customers
17678,264,1,298.11,18.631875,0.0,5.700811398711247,5.579729825986222,0,-1.3823291933415858,0.686844668984945,Champions
17679,53,2,1992.11,66.40366666666667,0.0,7.597451511865824,3.9889840465642745,2,0.2538571095589391,0.0586260695674786,Potential Loyalists
17680,24,1,184.4,16.763636363636365,0.0,5.2225156531317545,3.218875824868201,2,-0.6641856954044698,-0.7902350929310645,Potential Loyalists
17682,10,6,2474.33,20.968898305084743,0.0,7.814128999448025,2.3978952727983707,1,1.2996037312576971,-0.568343607657272,Loyal Customers
17684,44,1,239.41,15.960666666666668,0.0,5.482345799133678,3.80666248977032,0,-0.7746501645518005,-0.4039180072862737,Champions
17685,17,7,3191.53,24.55023076923077,0.0,8.068568984886818,2.8903717578961645,1,1.2999043257856866,-0.1654712071441975,Loyal Customers
17686,7,7,5739.46,20.06804195804196,0.0,8.655294625475447,2.079441541679836,1,1.911198153834692,-0.5737700819955857,Loyal Customers
17690,30,15,4757.95,18.5857421875,0.0,8.467782334657008,3.4339872044851463,1,1.8750122749340703,0.8075804126216638,Loyal Customers
17691,358,2,290.40000000000003,15.28421052631579,0.0,5.674696893761104,5.883322388488279,0,-1.4422032067102148,0.9395816991214444,Champions
17692,127,4,740.94,16.10739130434783,0.0,6.6092683773641365,4.852030263919617,0,-0.4232936038342932,0.593885293797618,Champions
17693,137,1,200.47,12.529375,0.0,5.305640486927818,4.927253685157205,0,-1.3115321593599425,0.2439307481352133,Champions
17694,142,1,283.12,18.874666666666663,0.0,5.649396684129609,4.962844630259907,0,-1.1589653383495662,0.3105908310846679,Champions
17695,132,2,765.34,21.866857142857143,0.0,6.641625935491769,4.890349128221754,0,-0.5730393463005218,0.4724026839456055,Champions
17696,38,8,2285.71,19.875739130434784,0.0,7.734869382309582,3.6635616461296463,2,0.901662194153922,0.3279500546678666,Potential Loyalists
17697,236,1,338.95,17.839473684210525,0.0,5.828798547972468,5.468060141135132,0,-1.275238964376635,0.6368444757130458,Champions
17698,261,1,154.95,19.36875,0.0,5.049535443053812,5.568344503761097,0,-1.6939409915871777,0.5941183542750608,Champions
17700,17,4,2534.64,17.84957746478873,0.0,7.838201349644471,2.8903717578961645,2,0.9630153953416511,-0.4189098214869488,Potential Loyalists
17701,253,1,417.95,17.414583333333333,0.0,6.037751581059295,5.537334267018537,0,-1.2016782621682076,0.7058971107244458,Champions
17702,30,4,1824.37,24.653648648648648,0.0,7.509537985193698,3.4339872044851463,2,0.5846179372240538,-0.1366741645718007,Potential Loyalists
17703,35,3,798.74,14.522545454545456,0.0,6.684286674843982,3.58351893845611,2,0.0487490925345053,-0.2303211850144002,Potential Loyalists
17704,169,2,885.19,28.55451612903225,0.0,6.786931374567216,5.135798437050262,0,-0.6012985156093068,0.6385766627829783,Champions
17705,3,9,1823.52,17.70407766990291,0.0,7.509072217723792,1.3862943611198906,1,1.7837613816047833,-0.9914103171068668,Loyal Customers
17706,4,17,10504.49,27.498664921465966,0.0,9.259653256646304,1.6094379124341005,1,3.143964526772776,-0.0320457072610114,Loyal Customers
17707,185,2,152.4,30.48,0.0,5.033048888933156,5.225746673713202,0,-1.4890181525867674,0.4611016450104644,Champions
17708,188,2,267.08,7.630857142857143,0.0,5.591285443429055,5.241747015059643,0,-1.2244348144160164,0.5443195727710841,Champions
17709,170,1,137.45,19.635714285714283,0.0,4.9305092496169705,5.14166355650266,0,-1.5799688454639704,0.3228654475524589,Champions
17711,11,2,385.1,16.743478260869566,0.0,5.956096403270191,2.4849066497880004,2,0.0624409929972374,-1.05871792346001,Potential Loyalists
17712,45,1,522.91,18.031379310344825,0.0,6.261319913844147,3.828641396489095,2,-0.4053052437916083,-0.2880026927205751,Potential Loyalists
17714,321,1,153.0,15.3,0.0,5.0369526024136295,5.7745515455444085,0,-1.7830581460743826,0.7159624754980352,Champions
17715,201,1,326.4,326.4,,5.791182664937034,5.308267697401205,0,-1.2291774165582945,0.5361779961815737,Champions
17716,23,11,5655.99,23.08567346938776,0.0,8.640647227620185,3.1780538303479458,1,1.7619033249211544,0.3796935302809107,Loyal Customers
17718,232,1,139.35,23.225,0.0,4.944139302807892,5.4510384535657,0,-1.697889607508627,0.5099576793964641,Champions
17719,38,15,5396.04,19.693576642335767,0.0,8.593605934116098,3.6635616461296463,1,1.84368505055388,0.961676660849664,Loyal Customers
17720,26,4,1195.94,23.9188,0.0,7.087523578988375,3.295836866004329,2,0.4353417517466614,-0.2750830270413618,Potential Loyalists
17722,96,4,2424.04,21.07860869565217,0.0,7.793603298080906,4.574710978503383,2,0.2633360806741348,0.584011092266182,Potential Loyalists
17723,127,6,3276.4000000000005,327.64000000000004,9.0,8.094805704112124,4.852030263919617,2,0.4479659994187134,0.9385379075357682,Potential Loyalists
17724,71,3,1033.0,25.825,0.0,6.941190055068375,4.276666119016055,2,-0.1055489598321185,0.218713564849521,Potential Loyalists
17725,16,11,3439.08,17.911875,0.0,8.143250005910986,2.833213344056216,1,1.6592313793298354,0.1075479903825665,Loyal Customers
17727,15,1,1060.25,16.064393939393938,0.0,6.967202737625557,2.772588722239781,2,0.3625129693624002,-0.8273955455051173,Potential Loyalists
17728,4,3,2876.01,17.430363636363637,0.0,7.964506839388399,1.6094379124341005,1,1.4649587167960454,-1.2437914429680523,Loyal Customers
17730,3,13,5298.4800000000005,24.304954128440368,0.0,8.575363981519251,1.3862943611198906,1,2.6015071574423687,-0.5533576194661255,Loyal Customers
17731,79,4,1240.11,18.50910447761193,0.0,7.123761419471479,4.382026634673881,2,0.0156920233416027,0.3802501393600212,Potential Loyalists
17732,373,1,303.97,16.887222222222224,0.0,5.720213411113948,5.924255797414532,0,-1.5115976503178203,0.8957513402513355,Champions
17733,39,2,692.19,19.776857142857143,0.0,6.541304131886272,3.688879454113936,2,-0.1380967627821606,-0.2604283063941195,Potential Loyalists
17734,54,3,700.63,16.293720930232556,0.0,6.553406199550886,4.007333185232471,2,-0.185398932994392,0.0062505444676531,Potential Loyalists
17735,2,19,13110.02,19.00002898550725,0.0,9.481208376934894,1.0986122886681098,1,3.607191576225132,-0.1600696011762488,Loyal Customers
17736,9,3,377.44,15.0976,0.0,5.936057539836243,2.302585092994046,2,0.2011203334069526,-1.0962087092184782,Potential Loyalists
17737,9,2,168.24,16.824,0.0,5.131317825851867,2.302585092994046,2,-0.2645964568128283,-1.276709377232132,Potential Loyalists
17738,19,4,1879.05,19.37164948453608,0.0,7.539053651215015,2.995732273553991,2,0.7753663412854723,-0.3952655126205363,Potential Loyalists
17739,12,7,2791.35,59.39042553191489,0.0,7.934638814191774,2.5649493574615367,1,1.3658791823456664,-0.3780431151928592,Loyal Customers
17742,113,2,355.11,23.674,0.0,5.875239671888878,4.736198448394496,0,-0.883067409311393,0.2789859571714864,Champions
17744,4,6,2322.4,17.076470588235296,0.0,7.750786909079374,1.6094379124341005,1,1.5862428222845697,-1.0489306985319549,Loyal Customers
17746,240,1,110.25,18.375,0.0,4.711779921046349,5.484796933490655,0,-1.8242896499907668,0.4995270678475738,Champions
17747,113,1,71.4,71.4,,4.282206299391671,4.736198448394496,0,-1.7315013243535704,-0.0054954726526736,Champions
17749,178,2,674.52,19.272,0.0,6.515482764659955,5.187385805840755,0,-0.7538533845443751,0.6336682242286543,Champions
17750,5,9,1797.57,9.313834196891191,0.0,7.494747183701588,1.791759469228055,1,1.613587508782134,-0.7504540865817211,Loyal Customers
17752,359,1,80.64,80.64,,4.402319337941644,5.886104031450156,0,-2.1360782416196424,0.6990627488657661,Champions
17754,1,5,1772.26,19.26369565217391,0.0,7.480574939429047,0.6931471805599453,1,1.7488903812027428,-1.707719186173501,Loyal Customers
17757,1,30,5605.29,7.564493927125506,0.0,8.631644460675744,0.6931471805599453,1,4.183112790057301,0.3028782027956039,Loyal Customers
17758,19,8,3456.7,8.39004854368932,0.0,8.14835890712986,2.995732273553991,1,1.3712448466078406,-0.0174921343849455,Loyal Customers
17759,17,3,834.99,8.789368421052632,0.0,6.728616651290672,2.8903717578961645,2,0.3492961511195142,-0.6396214100966721,Potential Loyalists
17760,22,2,287.59,11.5036,0.0,5.665006995704794,3.1354942159291497,2,-0.3407756665322261,-0.7074570687437755,Potential Loyalists
17761,33,1,712.78,37.51473684210527,0.0,6.570574791610563,3.5263605246161616,2,-0.1334793047415697,-0.4282555899866805,Potential Loyalists
17763,263,1,15.0,15.0,,2.772588722239781,5.575949103146316,0,-2.8024614378477373,0.298329769091428,Champions
17764,51,2,818.82,10.9176,0.0,6.7090848039668485,3.951243718581428,2,-0.1622532676732926,-0.0811588083767151,Potential Loyalists
17765,159,3,371.88,6.524210526315789,0.0,5.921256652064486,5.075173815233827,0,-0.9221648035505626,0.5624294450062899,Champions
17767,15,1,271.2,12.914285714285716,0.0,5.6065370902173655,2.772588722239781,2,-0.2980911580424778,-1.0068756783959576,Potential Loyalists
17768,8,3,2273.1800000000003,21.64933333333333,0.0,7.72937482685066,2.19722457733622,1,1.1141897720684335,-0.9227628976489844,Loyal Customers
17769,13,10,3997.98,12.896709677419356,0.0,8.293794607584,2.6390573296152584,1,1.7354628580750078,-0.0632309614696023,Loyal Customers
17770,199,5,1143.27,30.086052631578948,0.0,7.042522158078838,5.298317366548036,0,-0.3175853550702496,0.992680057008716,Champions
17771,57,2,245.81,4.552037037037037,0.0,5.508618809848949,4.060443010546419,0,-0.7890382779645286,-0.1741047395144966,Champions
17772,11,2,182.77,3.448490566037736,0.0,5.213684975707333,2.4849066497880004,2,-0.2980002764761015,-1.1566465379822275,Potential Loyalists
17774,97,4,1225.41,7.855192307692308,0.0,7.111846481470871,4.584967478670572,2,-0.0717860634412448,0.5002261325754846,Potential Loyalists
17775,255,1,56.4,18.8,0.0,4.050044303325521,5.545177444479562,0,-2.169868794744764,0.4484038715619422,Champions
17777,25,3,665.86,3.4322680412371134,0.0,6.502580128832101,3.258096538021482,2,0.0915284853250681,-0.449195089594864,Potential Loyalists
17779,21,3,658.57,8.031341463414634,0.0,6.491588107540731,3.091042453358316,2,0.1534390937879625,-0.5506989435574927,Potential Loyalists
17781,159,2,188.02,15.668333333333337,0.0,5.24185282956691,5.075173815233827,0,-1.327030930430776,0.3984613487547676,Champions
17783,72,2,283.47,4.23089552238806,0.0,5.650627799851681,4.290459441148391,0,-0.8126854055202538,-0.0176088180682453,Champions
17785,53,1,131.94,10.149230769230767,0.0,4.889897898613436,3.9889840465642745,0,-1.135677165091478,-0.3728674063837356,Champions
17786,85,2,278.74,3.871388888888889,0.0,5.6338606003511575,4.454347296253507,0,-0.8867985766524391,0.0783370703042148,Champions
17787,153,4,1865.19,13.919328358208956,0.0,7.531654198303087,5.0369526024136295,2,-0.0499147075147413,0.8263094306881441,Potential Loyalists
17788,74,2,1117.9,223.58,0.0,7.020101338813675,4.31748811353631,2,-0.1586853712870294,0.1792214506199231,Potential Loyalists
17789,281,1,225.9,16.135714285714286,0.0,5.424509391785796,5.641907070938114,0,-1.5415033205441526,0.6876386471334179,Champions
17790,27,14,1965.55,10.345,0.0,7.584036017432181,3.332204510175204,1,1.4119101158730976,0.5556974367748111,Loyal Customers
17791,30,1,106.1,10.61,0.0,4.673762977453703,3.4339872044851463,0,-1.017198102331241,-0.7337819693151311,Champions
17793,25,1,323.04,5.5696551724137935,0.0,5.78086696496229,3.258096538021482,2,-0.4088939504209625,-0.6930946178709517,Potential Loyalists
17795,180,2,350.39,7.617173913043478,0.0,5.861896717749893,5.198497031265826,0,-1.075642667898321,0.5541110834124106,Champions
17796,40,4,697.9,8.510975609756096,0.0,6.549507670483084,3.713572066704308,2,0.0059762936610422,-0.0958558865389577,Potential Loyalists
17797,22,3,780.43,7.0309009009009005,0.0,6.661125574512608,3.1354942159291497,2,0.2178556969636865,-0.5017123562755296,Potential Loyalists
17799,22,10,3055.93,7.490024509803921,0.0,8.025166423362391,3.1354942159291497,1,1.4052041444506531,0.1986669816456111,Loyal Customers
17800,37,9,1199.01,11.528942307692308,0.0,7.090085169074703,3.6375861597263857,2,0.6740904727955355,0.3016921036485459,Potential Loyalists
17802,82,3,1285.04,9.178857142857142,0.0,7.159323008512906,4.418840607796598,2,-0.0568772754220999,0.3326394049643728,Potential Loyalists
17805,74,1,512.31,51.231,0.0,6.240879951161022,4.31748811353631,0,-0.6120129961513753,0.0020868061476834,Champions
17806,11,1,546.04,12.698604651162787,0.0,6.304521925890991,2.4849066497880004,2,0.1565867350110422,-1.0871090336956506,Potential Loyalists
17809,16,12,5411.91,88.71983606557377,0.0,8.596542120019182,2.833213344056216,1,1.954320112989963,0.2416905673765087,Loyal Customers
17811,4,39,7837.73,9.210023501762633,0.0,8.966832110426772,1.6094379124341005,1,4.652131720787874,1.565041946657245,Loyal Customers
17812,13,4,732.16,5.192624113475177,0.0,6.597363959103647,2.6390573296152584,2,0.4617540233477952,-0.7331039790748237,Potential Loyalists
17813,14,5,1770.88,4.773261455525606,0.0,7.479796408781624,2.70805020110221,2,0.9374177675269508,-0.5010331653307702,Potential Loyalists
17816,37,4,36.56,2.150588235294118,0.0,3.6259396543400624,3.6375861597263857,0,-1.3828300770388493,-0.5270027612107109,Champions
17817,4,3,387.68,11.747878787878788,0.0,5.9627563829712384,1.6094379124341005,2,0.4931074643868832,-1.5078345887742255,Potential Loyalists
17819,72,7,3704.87,77.18479166666667,0.0,8.217673327978565,4.290459441148391,2,0.8086924707875465,0.6927530638723731,Potential Loyalists
17824,51,1,298.4,22.95384615384615,0.0,5.701780471985528,3.951243718581428,0,-0.726315322190637,-0.288378990200632,Champions
17827,5,5,1995.46,9.070272727272728,0.0,7.599130891241214,1.791759469228055,1,1.3642054964368495,-1.0340875192344077,Loyal Customers
17828,23,4,1820.09,27.1655223880597,0.0,7.507190501900052,3.1780538303479458,2,0.6865036311516276,-0.290270349485129,Potential Loyalists
17829,299,1,889.24,29.64133333333333,0.0,6.791491089295024,5.703782474656201,0,-0.9027405496709332,0.905011028716872,Champions
17830,2,3,398.7,17.33478260869565,0.0,5.990714265717278,1.0986122886681098,2,0.7123127312180821,-1.81009628560375,Potential Loyalists
17831,33,1,35.400000000000006,17.700000000000003,0.0,3.594568774642695,3.5263605246161616,0,-1.5783323160125653,-0.8208090114879556,Champions
17832,50,1,155.37,2.547049180327869,0.0,5.052224993855419,3.9318256327243257,0,-1.0338582566251018,-0.3856894378618327,Champions
17835,3,3,350.64,5.748196721311476,0.0,5.862607924982978,1.3862943611198906,2,0.5343112476802209,-1.6546924663490292,Potential Loyalists
17836,47,1,110.21,4.592083333333334,0.0,4.71142030583075,3.871201010907891,0,-1.174914868129816,-0.466953654047848,Champions
17837,42,8,1593.38,9.42828402366864,0.0,7.374240224916247,3.7612001156935615,2,0.6872723407164796,0.3388596065458175,Potential Loyalists
17838,27,5,2779.3,22.969421487603302,0.0,7.930314114531487,3.332204510175204,2,0.904892529960308,-0.0677814980825333,Potential Loyalists
17839,42,1,338.8,6.05,0.0,5.828357209237832,3.7612001156935615,2,-0.5883606064725684,-0.3855058269526816,Potential Loyalists
17841,2,124,40991.57,5.223852427679368,0.0,10.62114610975201,1.0986122886681098,3,12.037217007257166,7.797105097143069,At-Risk / Lost Customers
17843,303,1,205.48,5.553513513513513,0.0,5.330203555410359,5.717027701406222,0,-1.617528509584031,0.7201912350737838,Champions
17844,107,1,51.56,10.312,0.0,3.961955374176355,4.68213122712422,0,-1.865218736282184,-0.0801210884566968,Champions
17846,85,1,2033.1,2033.1,,7.617808739608441,4.454347296253507,2,0.0013945443571577,0.265681410683526,Potential Loyalists
17848,81,9,901.2,17.67058823529412,0.0,6.804836224974296,4.406719247264253,2,0.2259891318748314,0.7247239879416429,Potential Loyalists
17849,218,4,605.8000000000001,23.300000000000004,0.0,6.408199247474378,5.389071729816501,0,-0.7370976304610265,0.889014048211525,Champions
17850,372,34,5391.21,18.15222222222222,0.0,8.59271059842128,5.921578419643816,1,2.359577623029565,3.7266165824082,Loyal Customers
17852,12,2,114.34,4.764166666666667,0.0,4.747884288187267,2.5649493574615367,2,-0.5563678476500321,-1.17014840963499,Potential Loyalists
17854,185,2,311.26,20.750666666666667,0.0,5.743836174113374,5.225746673713202,0,-1.143930426449666,0.5548588414563846,Champions
17855,373,1,208.97,12.292352941176471,0.0,5.346964663369558,5.924255797414532,0,-1.6928101794783192,0.8465175442970484,Champions
17856,2,4,1418.03,94.53533333333333,0.0,7.25772881858561,1.0986122886681098,1,1.4024642803691687,-1.568618734934887,Loyal Customers
17857,4,23,26879.04,497.76,0.0,10.199139282731217,1.6094379124341005,1,4.050176215728845,0.5379816784086043,Loyal Customers
17858,6,12,5155.66,25.9078391959799,0.0,8.548044362073345,1.9459101490553128,1,2.287956304157208,-0.2961403405710148,Loyal Customers
17859,305,1,148.21,5.9284,0.0,5.00535470965233,5.723585101952381,0,-1.7778825190417973,0.6812691158149141,Champions
17860,369,1,252.8,4.358620689655172,0.0,5.536546555280287,5.91350300563827,0,-1.5964395258957629,0.8650843722423674,Champions
17861,3,8,2100.8,9.463063063063064,0.0,7.650549399431497,1.3862943611198906,1,1.7774335587665684,-1.0470991810554575,Loyal Customers
17862,324,1,330.9,30.08181818181818,0.0,5.804833718725929,5.783825182329737,0,-1.413984406260028,0.822804970353149,Champions
17863,59,6,3160.0,21.35135135135135,0.0,8.058643712215618,4.0943445622221,2,0.7354139860066192,0.479966151141672,Potential Loyalists
17864,13,3,597.5,5.857843137254902,0.0,6.394426524998027,2.6390573296152584,2,0.2882126626516704,-0.8342232403686184,Potential Loyalists
17865,31,20,10526.32,28.449513513513512,0.0,9.261729061813442,3.4657359027997265,1,2.622769071705224,1.3030749953403185,Loyal Customers
17866,143,1,329.65000000000003,36.62777777777778,0.0,5.801060414120672,4.969813299576001,0,-1.0881377129385543,0.3347699609644597,Champions
17867,30,6,1197.1,15.153164556962029,0.0,7.088492247645854,3.4339872044851463,2,0.5302301237783533,-0.0435115347242964,Potential Loyalists
17869,107,5,428.18,10.7045,0.0,6.061876411348347,4.68213122712422,0,-0.5456452223079863,0.4942736412613993,Champions
17870,2,12,1894.35,6.789784946236559,0.0,7.547158797032136,1.0986122886681098,1,2.143103489497865,-0.9356365819934964,Loyal Customers
17871,205,1,155.9,15.59,0.0,5.055608659738987,5.327876168789581,0,-1.5941924583120546,0.4508954090298454,Champions
17873,80,5,1859.16,42.25363636363637,0.0,7.528417784512985,4.394449154672439,2,0.2821674094505629,0.5154176006207201,Potential Loyalists
17874,185,6,683.46,14.857826086956525,0.0,6.528630206205813,5.225746673713202,0,-0.4628519970482475,0.9557802641283152,Champions
17877,170,1,237.61,19.800833333333333,0.0,5.474830419933934,5.14166355650266,0,-1.3157005350012403,0.3946647438526751,Champions
17878,44,1,379.45,14.59423076923077,0.0,5.941354762622532,3.80666248977032,2,-0.5518009904184238,-0.3433719135989743,Potential Loyalists
17879,174,1,178.52,29.75333333333333,0.0,5.190286622334331,5.1647859739235145,0,-1.4631546252075434,0.3709804162804624,Champions
17880,365,1,458.92,17.65076923076923,0.0,6.131052561315036,5.902633333401366,0,-1.303430880565878,0.936993167597736,Champions
17881,304,1,133.35,16.66875,0.0,4.9004483350615,5.720311776607412,0,-1.82749696789462,0.6654708250858299,Champions
17883,3,4,671.77,4.632896551724138,0.0,6.511403517890506,1.3862943611198906,2,0.9243170575984708,-1.4947617830540545,Potential Loyalists
17884,4,4,717.45,6.1320512820512825,0.0,6.577096113675216,1.6094379124341005,2,0.8663849290071417,-1.3524488447440448,Potential Loyalists
17885,12,1,190.19,2.97171875,0.0,5.253267697994312,2.5649493574615367,2,-0.3860189411766211,-1.177835813192864,Potential Loyalists
17886,32,3,899.61,8.253302752293578,0.0,6.803072311514464,3.49650756146648,2,0.1414458348264247,-0.2667664789781106,Potential Loyalists
17887,129,1,111.35,11.135,0.0,4.721618998631338,4.867534450455582,0,-1.5710351597340515,0.1311270110889145,Champions
17888,21,8,726.05,10.836567164179105,0.0,6.588995250959495,3.091042453358316,2,0.5758057999061522,-0.1660974909508858,Potential Loyalists
17889,212,2,203.87,9.708095238095238,0.0,5.322375631641108,5.3612921657094255,0,-1.4031133458845757,0.5804480675740162,Champions
17890,323,2,602.09,6.405212765957447,0.0,6.402066439321299,5.780743515792329,0,-1.0477718891933112,0.9740884880759234,Champions
17891,162,1,203.86,5.995882352941176,0.0,5.3223268190083886,5.093750200806762,0,-1.3704537277950124,0.3458517709709126,Champions
17892,56,3,244.1,8.717857142857143,0.0,5.501666290534067,4.04305126783455,0,-0.7103976305143312,-0.1110877096831661,Champions
17893,225,1,112.25,7.015625,0.0,4.729597764363144,5.420534999272286,0,-1.7897705788208815,0.4633888594299873,Champions
17894,72,8,1119.81,5.802124352331606,0.0,7.021806917181424,4.290459441148391,2,0.3031135824109284,0.6093615304315595,Potential Loyalists
17895,44,1,98.0,6.125,0.0,4.59511985013459,3.80666248977032,0,-1.2053989858848926,-0.5209485441664243,Champions
17896,23,1,256.32,128.16,0.0,5.550320446542799,3.1780538303479458,2,-0.4886034367716023,-0.7714452077676235,Potential Loyalists
17897,173,3,566.6,4.970175438596492,0.0,6.341416945285888,5.159055299214529,0,-0.7519429870561594,0.6680904168917257,Champions
17898,85,2,152.06,5.430714285714286,0.0,5.030830001381775,4.454347296253507,0,-1.179570355957236,-0.0012063592270804,Champions
17899,159,1,155.8,4.86875,0.0,5.054971107916307,5.075173815233827,0,-1.4927772314541496,0.2994599342740915,Champions
17900,190,2,112.2,18.7,0.0,4.729156165769083,5.25227342804663,0,-1.6472365678385834,0.4369040399637359,Champions
17901,29,1,110.38,5.809473684210526,0.0,4.7129477781615225,3.4011973816621555,0,-0.984974385333419,-0.7482521090231595,Champions
17904,21,1,191.67,5.043947368421053,0.0,5.260978880892669,3.091042453358316,2,-0.5940527378318904,-0.8617249794727239,Potential Loyalists
17905,71,4,800.24,23.536470588235293,0.0,6.686160527657778,4.276666119016055,2,-0.1543508805798626,0.2594241788984084,Potential Loyalists
17906,247,1,72.9,6.075,0.0,4.302712827954156,5.513428746164983,0,-2.0344176821621125,0.4627171047876914,Champions
17908,374,1,243.28,4.19448275862069,0.0,5.498315108354934,5.926926025970411,0,-1.6204043265882806,0.8680808787661339,Champions
17911,9,1,366.23,9.39051282051282,0.0,5.9059883547555305,2.302585092994046,2,0.0364915351008931,-1.2488761604132692,Potential Loyalists
17912,310,5,311.01,8.184473684210525,0.0,5.743035238577902,5.739792912179234,0,-1.1262021457258005,1.0856833455377286,Champions
17913,59,2,411.6,6.976271186440679,0.0,6.022478600637151,4.0943445622221,0,-0.5532059813164769,-0.0860187814893138,Champions
17914,4,1,336.43,4.205375,0.0,5.821358081393286,1.6094379124341005,2,0.2744283018355712,-1.6751870323193452,Potential Loyalists
17917,45,3,341.28,3.63063829787234,0.0,5.835629115549854,3.828641396489095,2,-0.4619482374919109,-0.1954527748362535,Potential Loyalists
17919,88,1,1304.04,56.69739130434783,0.0,7.173988970628047,4.48863636973214,2,-0.2278832538576627,0.2276756680249401,Potential Loyalists
17920,4,17,4204.1,6.040373563218392,0.0,8.344053353337122,1.6094379124341005,1,2.6994401306952565,-0.152818942503478,Loyal Customers
17921,64,4,826.52,5.700137931034483,0.0,6.718433276143438,4.174387269895637,2,-0.0975103200145942,0.2024231364355541,Potential Loyalists
17923,282,1,207.50000000000003,207.50000000000003,,5.339939041238856,5.645446897643238,0,-1.5839872343317016,0.6786034133192347,Champions
17924,12,7,2962.5,95.56451612903226,0.0,7.994126281227893,2.5649493574615367,1,1.3947603893694318,-0.3701963539335304,Loyal Customers
17925,373,1,244.08,244.08,,5.501584687857454,5.924255797414532,0,-1.6177420490006305,0.8669128725656302,Champions
17926,133,2,397.29,18.91857142857143,0.0,5.98718038316893,4.897839799950911,0,-0.8937884744654235,0.3905637057588882,Champions
17928,45,2,212.54,9.240869565217391,0.0,5.363824168750156,3.828641396489095,0,-0.7660249644252257,-0.3320373078522248,Champions
17929,11,4,843.0,168.6,77.5,6.738152494595957,2.4849066497880004,2,0.5921599624016496,-0.8068587934555722,Potential Loyalists
17930,36,5,1740.48,44.62769230769231,0.0,7.462490605387541,3.610917912644224,2,0.5655684403180692,0.0374399277227115,Potential Loyalists
17931,134,2,408.36,6.282461538461539,0.0,6.014594964496837,4.90527477843843,0,-0.8834716096881844,0.398632899122311,Champions
17932,29,3,1331.57,14.795222222222222,0.0,7.19486468749322,3.4011973816621555,2,0.3700282050160261,-0.2721709255754102,Potential Loyalists
17934,52,2,704.25,33.535714285714285,0.0,6.558552349882105,3.970291913552122,2,-0.2430046874900474,-0.0896063987379276,Potential Loyalists
17935,138,2,145.79,5.027241379310345,0.0,4.989002993969142,4.934473933130692,0,-1.393151285077875,0.2808393275064231,Champions
17936,5,1,389.84,5.062857142857142,0.0,5.968298269076143,1.791759469228055,2,0.2723747373867947,-1.5466066138739187,Potential Loyalists
17937,9,7,4301.22,100.02837209302326,0.0,8.366886447525236,2.302585092994046,1,1.6813498509119804,-0.4781652045877903,Loyal Customers
17939,160,1,99.14,8.261666666666667,0.0,4.606569206901798,5.081404364984463,0,-1.712984762963896,0.2440446490627293,Champions
17940,49,10,4106.4400000000005,216.1284210526316,0.0,8.320555242379292,3.912023005428146,1,1.2360257222681512,0.7027180614944014,Loyal Customers
17941,131,1,304.56,152.28,0.0,5.722146158673159,4.882801922586371,0,-1.0914244071134975,0.2722468403300815,Champions
17942,8,1,77.50000000000001,38.75000000000001,0.0,4.363098624788363,2.19722457733622,2,-0.6701698759825149,-1.515496488456968,Potential Loyalists
17946,233,2,149.57999999999998,7.478999999999999,0.0,5.014494504421976,5.455321115357702,0,-1.5904409895804097,0.596153552846058,Champions
17947,37,1,176.68,19.63111111111111,0.0,5.179984179586172,3.6375861597263857,0,-0.8533856503826303,-0.5450664821646666,Champions
17948,147,1,358.56000000000006,358.56000000000006,,5.884881061705198,4.997212273764115,0,-1.0584721245252091,0.3622365241115413,Champions
17949,1,45,58510.48,835.864,0.0,10.976978253283772,0.6931471805599453,3,6.44700040222346,1.7275006564030455,At-Risk / Lost Customers
17950,72,3,482.2,6.791549295774648,0.0,6.180430646620605,4.290459441148391,0,-0.4804506574202647,0.1266259931874203,Champions
17951,40,3,1008.54,50.42700000000001,0.0,6.917250060543926,3.713572066704308,2,0.1095003883831202,-0.1216989836445705,Potential Loyalists
17954,5,12,2332.72,4.809731958762886,0.0,7.755218839925959,1.791759469228055,1,1.9650919625548349,-0.4930445674860687,Loyal Customers
17955,199,4,557.3,29.331578947368417,0.0,6.324896452316315,5.298317366548036,0,-0.7410082331186193,0.8236702602477421,Champions
17956,249,1,12.75,12.75,,2.6210388241125804,5.521460917862246,0,-2.8541049245392016,0.2457047234725346,Champions
17957,66,1,111.68,3.6025806451612907,0.0,4.724551943008172,4.204692619390966,0,-1.3027857389292037,-0.2654829102732711,Champions
17958,117,1,508.46,72.63714285714286,0.0,6.233351341239327,4.770684624465665,0,-0.7981013681415506,0.272527363191006,Champions
17960,171,1,73.78,2.837692307692308,0.0,4.314550469548967,5.147494476813453,0,-1.8813644895047537,0.2451090330926214,Champions
17961,21,39,1296.44,5.206586345381527,0.0,7.168148371196248,3.091042453358316,1,3.182452957912393,2.2151640463023434,Loyal Customers
17962,142,1,102.83,2.938,0.0,4.642754946315362,4.962844630259907,0,-1.6476906090174872,0.177808620245059,Champions
17964,32,2,471.7,4.535576923076923,0.0,6.158460937799191,3.49650756146648,2,-0.2465285337354306,-0.4261452381335285,Potential Loyalists
17965,38,14,2622.57,7.971337386018238,0.0,7.872291264684285,3.6635616461296463,1,1.4184711780533303,0.7921802671860236,Loyal Customers
17966,38,5,1098.43,16.15338235294118,0.0,7.0025471426656845,3.6635616461296463,2,0.321073950752902,0.0083005535618862,Potential Loyalists
17967,372,1,123.07,2.5639583333333333,0.0,4.82084592245478,5.921578419643816,0,-1.9471634253396488,0.7755156942715821,Champions
17968,374,1,277.35,3.2629411764705885,0.0,5.628879314629517,5.926926025970411,0,-1.557015312747427,0.8853030972718968,Champions
17969,166,2,228.2,16.3,0.0,5.434594984840585,5.117993812416755,0,-1.250691571335685,0.449531461001109,Champions
17970,211,1,582.59,18.793225806451613,0.0,6.369198681477835,5.356586274672012,0,-0.9680007681732328,0.6413613628522764,Champions
17972,242,1,136.04,4.388387096774193,0.0,4.920272854015864,5.493061443340548,0,-1.7263930442878148,0.5319784372781265,Champions
17973,52,1,337.04,22.46933333333333,0.0,5.823164231676282,3.970291913552122,0,-0.6750512292540867,-0.2609591664939126,Champions
17974,25,3,740.79,4.138491620111732,0.0,6.6090661842420575,3.258096538021482,2,0.1432275400111889,-0.4351489266654144,Potential Loyalists
17975,15,13,4488.81,15.16489864864865,0.0,8.40956566358259,2.772588722239781,1,1.962962309869977,0.255067807881224,Loyal Customers
17976,372,1,353.19,5.433692307692308,0.0,5.869833492313257,5.921578419643816,0,-1.4378792234750033,0.9138835797235754,Champions
17977,29,1,288.14,13.72095238095238,0.0,5.6669109998802965,3.4011973816621555,2,-0.5218245712256899,-0.6224185171093809,Potential Loyalists
17978,365,1,300.92,25.076666666666664,0.0,5.71016208162024,5.902633333401366,0,-1.5077735040468323,0.8814751353963618,Champions
17979,36,4,757.71,5.189794520547945,0.0,6.631619622697395,3.610917912644224,2,0.0871649007897866,-0.1465076146857293,Potential Loyalists
17980,166,3,811.45,27.048333333333336,0.0,6.700054373848785,5.117993812416755,0,-0.5612950553308755,0.690803876031533,Champions
17984,145,1,152.68,3.1808333333333336,0.0,5.034872518460301,4.983606621708336,0,-1.4656749448808153,0.2419663385898494,Champions
17985,22,1,634.95,27.60652173913044,0.0,6.455119943897493,3.1354942159291497,2,-0.0321903692085492,-0.6775869022367718,Potential Loyalists
17986,56,1,20.8,20.8,,3.0819099697950434,4.04305126783455,0,-2.0352212114469848,-0.5789695307655636,Champions
17987,185,1,198.57,15.274615384615384,0.0,5.2961650519798935,5.225746673713202,0,-1.4362901645584765,0.4214577077321553,Champions
17988,12,7,201.12,5.292631578947368,0.0,5.308861580423708,2.5649493574615367,2,0.091062491281974,-0.7243992150592182,Potential Loyalists
17990,237,3,630.84,21.753103448275866,0.0,6.448636197538339,5.472270673671475,0,-0.8259721026851593,0.8698278198737002,Champions
17991,225,2,93.35,18.67,0.0,4.547011271814559,5.420534999272286,0,-1.8034013552667632,0.5136551534865358,Champions
17994,122,4,678.49,8.37641975308642,0.0,6.521342516779448,4.812184355372417,0,-0.4499417908742199,0.5584223679243904,Champions
17995,282,1,76.1,38.05,0.0,4.345103280569283,5.645446897643238,0,-2.066980694804609,0.5473784831759295,Champions
17997,74,8,1970.67,11.871506024096384,0.0,7.586636178360024,4.31748811353631,2,0.5664582546829457,0.7000542904808454,Potential Loyalists
17999,37,2,382.06,4.108172043010753,0.0,5.948191634874515,3.6375861597263857,2,-0.4054052974161828,-0.3693846428309725,Potential Loyalists
18001,12,2,417.23,7.193620689655173,0.0,6.036031520433107,2.5649493574615367,2,0.0690285382642291,-1.0002338998751257,Potential Loyalists
18004,362,1,169.47,4.23675,0.0,5.138559328162834,5.8944028342648505,0,-1.7819738735421946,0.8011477267016238,Champions
18005,4,2,249.72,4.162,0.0,5.524336778607711,1.6094379124341005,2,0.2052393446526761,-1.6400153906395916,Potential Loyalists
18006,23,1,444.68,20.212727272727275,0.0,6.09960120571256,3.1780538303479458,2,-0.2219272424377467,-0.6989917113205311,Potential Loyalists
18008,70,9,2116.19,70.53966666666666,0.0,7.657845016753332,4.262679877041316,2,0.6981082208187773,0.750971368624497,Potential Loyalists
18009,235,1,257.34,8.041875,0.0,5.5542765468038695,5.4638318050256105,0,-1.406817481637994,0.5981008590055845,Champions
18010,257,1,174.8,12.485714285714286,0.0,5.169346985251076,5.552959584921617,0,-1.6295792395568371,0.6007077193451855,Champions
18011,373,1,102.79,3.671071428571428,0.0,4.642369626977198,5.924255797414532,0,-2.034891564480133,0.7535771433934091,Champions
18013,155,2,187.29,6.041612903225806,0.0,5.237983327508337,5.049856007249537,0,-1.3187179502725026,0.3827873072144787,Champions
18014,28,1,166.42,5.200625,0.0,5.12050562523191,3.367295829986474,0,-0.7734577716944503,-0.7147974369855241,Champions
18015,4,1,120.03,2.6093478260869567,0.0,4.7960384487505126,1.6094379124341005,2,-0.2233650998889849,-1.810432971887853,Potential Loyalists
18016,32,5,1483.56,12.061463414634146,0.0,7.302873711036083,3.49650756146648,2,0.5341299531339642,-0.0521384716161581,Potential Loyalists
18017,81,3,523.0,174.33333333333334,114.5,6.261491684321042,4.406719247264253,0,-0.4878955876961234,0.2069500905439474,Champions
18018,108,2,122.14,4.211724137931035,0.0,4.813321919483064,4.691347882229144,0,-1.380574730297619,0.1120500884631034,Champions
18019,52,1,38.45,7.69,0.0,3.675034047291883,3.970291913552122,0,-1.7179699423930423,-0.5443106949862576,Champions
18022,36,1,668.11,3.497958115183246,0.0,6.5059484711262,3.610917912644224,2,-0.198893813304124,-0.3861361215724018,Potential Loyalists
18024,153,2,389.78,18.56095238095238,0.0,5.968144741786365,5.0369526024136295,0,-0.959029834529878,0.4713718154587525,Champions
18027,99,1,115.31,5.490952380952381,0.0,4.756259040350948,4.605170185988092,0,-1.448603256133946,-0.0214419549631828,Champions
18030,4,2,230.65,25.627777777777776,0.0,5.4452276118626575,1.6094379124341005,2,0.1668317886400085,-1.650450374272295,Potential Loyalists
18032,334,1,73.5,14.7,0.0,4.310799125385514,5.814130531825066,0,-2.151538600216629,0.6438834824213425,Champions
18033,65,1,97.97,2.881470588235294,0.0,4.5948167739086,4.189654742026425,0,-1.3597187912466475,-0.2916024308411785,Champions
18034,22,2,422.88,3.775714285714286,0.0,6.049450396306635,3.1354942159291497,2,-0.15412812554749,-0.656746629510995,Potential Loyalists
18035,36,3,730.4,13.781132075471698,0.0,6.594960505715281,3.610917912644224,2,-0.0056482201665042,-0.2256937475059431,Potential Loyalists
18036,32,3,405.62,4.225208333333334,0.0,6.007879088376076,3.49650756146648,2,-0.2446210334672068,-0.3716573356221587,Potential Loyalists
18037,154,6,70.02,3.685263157894737,0.0,4.262961527514942,5.043425116919247,0,-1.48944260295554,0.5477265806305452,Champions
18040,19,2,357.20000000000005,18.8,0.0,5.881091489626612,2.995732273553991,2,-0.1796056403755947,-0.7626620181661904,Potential Loyalists
18041,12,21,4183.39,8.863114406779662,0.0,8.339116213637862,2.5649493574615367,1,2.612464558662676,0.7162179217690365,Loyal Customers
18042,54,1,165.04999999999998,23.578571428571426,0.0,5.112288947822756,4.007333185232471,0,-1.0350925586292767,-0.3325427893050101,Champions
18043,25,3,559.51,4.624049586776859,0.0,6.328847083566265,3.258096538021482,2,0.0071809698367171,-0.4721115423701932,Potential Loyalists
18044,4,10,2088.6,16.445669291338582,0.0,7.644727939082112,1.6094379124341005,1,1.834811493530144,-0.7655182432583154,Loyal Customers
18045,45,1,189.4,4.029787234042553,0.0,5.249127122357265,3.828641396489095,0,-0.896725554916069,-0.4215171215394845,Champions
18048,203,2,172.29000000000002,24.612857142857145,0.0,5.1549664916521545,5.318119993844216,0,-1.4670117411488814,0.5325086067267749,Champions
18050,359,1,74.4,14.88,0.0,4.32280727501391,5.886104031450156,0,-2.1746814040119533,0.688574620758852,Champions
18053,71,1,300.02,15.001,0.0,5.707176707724217,4.276666119016055,0,-0.8546934944406219,-0.0927614954355659,Champions
18055,7,10,6784.1900000000005,18.844972222222225,0.0,8.822497574824572,2.079441541679836,1,2.217420584917347,-0.328663276602166,Loyal Customers
18056,288,1,363.65,19.139473684210525,0.0,5.898937989430242,5.666426688112432,0,-1.3210382194259245,0.7649042539785702,Champions
18058,10,1,170.16,56.72,0.0,5.142598791548616,2.3978952727983707,2,-0.372501530458695,-1.2924876588224536,Potential Loyalists
18059,23,3,306.46,16.129473684210524,0.0,5.728344997484453,3.1780538303479458,2,-0.2521422044317944,-0.5992615375977913,Potential Loyalists
18061,22,10,2119.41,46.0741304347826,0.0,7.659364745193834,3.1354942159291497,1,1.2276071727992584,0.150415499781243,Loyal Customers
18062,173,3,720.52,26.685925925925925,0.0,6.581360097857453,5.159055299214529,0,-0.6354504179718732,0.6997403883537247,Champions
18064,133,2,814.0,116.28571428571428,0.0,6.703188113240863,4.897839799950911,0,-0.5461662186671039,0.485009510860946,Champions
18065,6,14,2392.83,17.465912408759124,0.0,7.780649872736044,1.9459101490553128,1,2.0654159284788527,-0.2486632324504362,Loyal Customers
18066,75,1,318.0,31.8,0.0,5.765191102784844,4.330733340286331,0,-0.8482921020694209,-0.0527264841423926,Champions
18067,40,1,396.33,10.71162162162162,0.0,5.98476716966025,3.713572066704308,2,-0.4932508978505934,-0.3934003298660674,Potential Loyalists
18068,289,1,101.7,101.7,,4.631812116934513,5.66988092298052,0,-1.9376192148223428,0.5998314400958429,Champions
18069,26,5,2036.67,4.333340425531915,0.0,7.619562277217285,3.295836866004329,2,0.7686620073007001,-0.1305532932836642,Potential Loyalists
18071,258,2,453.0,18.12,0.0,6.118097198041348,5.556828061699537,0,-1.0955024975733685,0.8025212064712491,Champions
18072,186,1,247.44,13.746666666666666,0.0,5.515201367691102,5.231108616854587,0,-1.3321063174910373,0.4535613755429485,Champions
18073,114,12,3877.52,53.11671232876713,0.0,8.263208916550349,4.74493212836325,2,1.022928552146086,1.3427103095550343,Potential Loyalists
18074,374,1,489.6,37.66153846153846,0.0,6.195629131824389,5.926926025970411,0,-1.2818578784739538,0.9600608694694628,Champions
18075,23,10,2611.75,18.392605633802816,0.0,7.868158585474613,3.1780538303479458,1,1.3118444527288675,0.2034469761787284,Loyal Customers
18077,8,11,2633.01,11.599162995594714,0.0,7.876262678803233,2.19722457733622,1,1.7856246786777437,-0.3085829242543541,Loyal Customers
18078,217,2,336.13,11.590689655172412,0.0,5.820468612643942,5.384495062789089,0,-1.1706291273417166,0.6600465264998637,Champions
18079,45,4,3651.97,28.75566929133858,0.0,8.20329581433342,3.828641396489095,2,0.7625707014831319,0.1912075353090032,Potential Loyalists
18080,19,2,1231.5,615.75,223.0,7.116799905916845,2.995732273553991,2,0.4203316635647198,-0.5996645094155585,Potential Loyalists
18081,36,3,343.45,20.20294117647059,0.0,5.841948942039205,3.610917912644224,2,-0.3712358631672293,-0.3250205849067091,Potential Loyalists
18082,26,1,703.37,9.635205479452054,0.0,6.557303786277275,3.295836866004329,2,-0.0471256117330183,-0.5680739775312106,Potential Loyalists
18084,16,1,90.48,90.48,,4.516120369154581,2.833213344056216,0,-0.8518935457888571,-1.1143983322162003,Champions
18085,330,2,689.95,23.79137931034483,0.0,6.538067462249494,5.802118375377063,0,-0.9903476982475298,1.0048299308591628,Champions
18086,274,1,101.34,14.477142857142857,0.0,4.628300603376946,5.616771097666572,0,-1.9179448175153764,0.5675591072131262,Champions
18087,98,2,4055.72,2027.86,192.0,8.308130044310031,4.59511985013459,2,0.3548934445447786,0.5154026943598834,Potential Loyalists
18088,61,1,167.67000000000002,4.299230769230769,0.0,5.127944143269923,4.127134385045092,0,-1.0757176512459004,-0.2587250712167216,Champions
18092,2,11,9068.26,101.8905617977528,0.0,9.11264595212913,1.0986122886681098,1,2.828133508814732,-0.8034898084740397,Loyal Customers
18093,93,4,2106.52,58.51444444444444,0.0,7.653267179747945,4.543294782270004,2,0.2078493151359639,0.5466837518962153,Potential Loyalists
18094,82,7,3017.3,43.10428571428572,0.0,8.012449037966114,4.418840607796598,2,0.6573763866871684,0.7425742366176856,Potential Loyalists
18095,313,2,580.05,27.62142857142857,0.0,6.364836811668883,5.749392985908253,0,-1.0532268149347714,0.9504008549873562,Champions
18096,12,3,911.15,4.277699530516432,0.0,6.8158044502342285,2.5649493574615367,2,0.5226239372290014,-0.8230265036153398,Potential Loyalists
18097,8,6,2697.8,24.97962962962963,0.0,7.9005625087532705,2.19722457733622,1,1.4223467936042626,-0.6771304816255054,Loyal Customers
18099,127,1,168.31,8.858421052631579,0.0,5.131731354140141,4.852030263919617,0,-1.3656841480238044,0.1759373983403541,Champions
18101,11,2,223.65,5.454878048780488,0.0,5.414543635516169,2.4849066497880004,2,-0.2004832560769503,-1.1301520505058704,Potential Loyalists
18102,1,60,259657.3,602.45313225058,0.0,12.467121814869785,0.6931471805599453,3,8.295692556632911,3.039318280548416,At-Risk / Lost Customers
18104,37,1,754.64,19.85894736842105,0.0,6.627565072288651,3.6375861597263857,2,-0.1505841103472641,-0.3541216960687035,Potential Loyalists
18105,38,1,113.48000000000002,6.304444444444446,0.0,4.740400135248196,3.6635616461296463,0,-1.0772603857059146,-0.5874927752561933,Champions
18106,330,1,430.7,11.043589743589743,0.0,6.067730902561432,5.802118375377063,0,-1.2937115222069049,0.8684390870970017,Champions
18108,254,1,271.0,15.941176470588236,0.0,5.605802066295998,5.541263545158426,0,-1.4129717769362211,0.6512736921712575,Champions
18109,2,26,8052.97,18.13731981981982,0.0,8.99392041654725,1.0986122886681098,1,3.895718586649015,0.2961081275255378,Loyal Customers
18110,20,1,236.3,5.136956521739131,0.0,5.4693251634417175,3.044522437723423,2,-0.4741739446540728,-0.8621051274077274,Potential Loyalists
18112,12,2,352.69,13.565,0.0,5.868420823264403,2.5649493574615367,2,-0.012346572923272,-1.0223427774374183,Potential Loyalists
18113,369,1,76.32000000000001,76.32000000000001,,4.34795265434013,5.91350300563827,0,-2.1735026995453435,0.7083015566400682,Champions
18114,290,1,220.1,7.860714285714286,0.0,5.3986150878634005,5.673323267171493,0,-1.5667215417536933,0.7030391766562657,Champions
18116,68,8,1418.03,3.751402116402117,0.0,7.25772881858561,4.23410650459726,2,0.4403385779003478,0.6067295303011424,Potential Loyalists
18117,26,1,320.72,4.334054054054054,0.0,5.773681602035868,3.295836866004329,2,-0.427574732515887,-0.6714385432728088,Potential Loyalists
18118,11,26,5653.82,4.420500390930414,0.0,8.640263557804902,2.4849066497880004,1,3.1659682855834146,1.079753862718016,Loyal Customers
18119,368,1,181.12,6.037333333333334,0.0,5.204665810466581,5.910796644040527,0,-1.756478420863949,0.8196863442745411,Champions
18120,214,1,111.15,6.538235294117648,0.0,4.719837260966218,5.3706380281276624,0,-1.7744233976212986,0.4322165258011973,Champions
18121,149,2,673.1,21.034375,0.0,6.513378467859393,5.010635294096256,0,-0.6837245048915294,0.5275292207871444,Champions
18122,8,6,1826.21,5.01706043956044,0.0,7.510545492301356,2.19722457733622,1,1.2329932582099952,-0.7285761149269825,Loyal Customers
18123,24,2,589.4399999999999,16.37333333333333,0.0,6.380868021668796,3.218875824868201,2,-0.026789713059095,-0.5630907499250374,Potential Loyalists
18125,30,4,1142.99,5.831581632653061,0.0,7.042277430642797,3.4339872044851463,2,0.3577626098350051,-0.198308693660698,Potential Loyalists
18126,61,1,206.83,3.693392857142858,0.0,5.336720437830982,4.127134385045092,0,-0.9743566136140324,-0.2311861992214952,Champions
18127,19,3,348.73,7.419787234042554,0.0,5.857161428207895,2.995732273553991,2,-0.1162086080843625,-0.6914679690822286,Potential Loyalists
18129,243,1,112.55,8.039285714285715,0.0,4.732243268551567,5.497168225293202,0,-1.8193347158343465,0.5096358640042612,Champions
18130,15,3,1059.39,15.13414285714286,0.0,6.966392043966783,2.772588722239781,2,0.5121495648536653,-0.6788013394535203,Potential Loyalists
18133,212,1,931.5,931.5,,6.837869151517971,5.3612921657094255,0,-0.7423552715773448,0.7060003743998391,Champions
18135,29,5,681.91,34.0955,0.0,6.52636307929225,3.4011973816621555,2,0.1955003925813001,-0.2116492407198226,Potential Loyalists
18136,63,3,784.33,20.640263157894736,0.0,6.666104011612187,4.158883083359672,2,-0.1916901335200408,0.1118840708204501,Potential Loyalists
18138,295,1,152.65,19.08125,0.0,5.034677288576494,5.69035945432406,0,-1.7502714773601895,0.6652370594814708,Champions
18139,18,6,8438.34,53.07132075471698,0.0,9.040659385480163,2.9444389791664403,1,1.6750751668777348,-0.0792145428143787,Loyal Customers
18142,157,2,1019.52,67.968,0.0,6.928067580294015,5.062595033026967,0,-0.5033089245133192,0.61334957453759,Champions
18143,117,2,1000.16,16.396065573770493,0.0,6.908914606701983,4.770684624465665,2,-0.3950998343989932,0.4359888664464346,Potential Loyalists
18144,8,12,2888.75,67.18023255813954,0.0,7.968925272174377,2.19722457733622,1,1.90562752675185,-0.2220095898804019,Loyal Customers
18145,13,4,2861.55,12.94819004524887,0.0,7.959468114958852,2.6390573296152584,1,1.1230565476139551,-0.553434098109042,Loyal Customers
18146,141,2,160.35,16.035,0.0,5.083575918497971,4.955827057601261,0,-1.3558317155788546,0.3061031325234549,Champions
18147,46,2,179.34,25.62,0.0,5.19484395807176,3.8501476017100575,0,-0.8567222494698027,-0.3414460907464155,Champions
18149,51,3,612.0799999999999,38.255,0.0,6.4184954331307065,3.951243718581428,2,-0.2283195173776263,-0.0451387554776233,Potential Loyalists
18150,32,3,566.58,15.312972972972974,0.0,6.341381708583334,3.49650756146648,2,-0.0827052771394779,-0.3276662973327314,Potential Loyalists
18151,135,2,653.35,17.193421052631578,0.0,6.483642376501489,4.912654885736052,0,-0.6587196071880933,0.4649233037480015,Champions
18154,3,2,399.19,19.009047619047617,0.0,5.991939434331194,1.3862943611198906,2,0.5220866923816334,-1.7119834188733714,Potential Loyalists
18155,75,3,371.62,14.8648,0.0,5.920559133592207,4.330733340286331,0,-0.6228306261663639,0.1164686522518627,Champions
18156,13,2,734.94,5.2495714285714286,0.0,6.601148593666668,2.6390573296152584,2,0.3135612782541248,-0.881305904105936,Potential Loyalists
18158,9,2,453.4,13.335294117647058,0.0,6.118977867406942,2.302585092994046,2,0.2149131869905209,-1.14643096839089,Potential Loyalists
18159,301,1,530.15,23.05,0.0,6.275044467226023,5.71042701737487,0,-1.1561504929694753,0.8408681814219254,Champions
18160,57,2,638.0600000000001,16.36051282051282,0.0,6.459998346683129,4.060443010546419,2,-0.327142844682778,-0.0486119514619151,Potential Loyalists
18161,15,5,1618.69,20.233625,0.0,7.389990051890455,2.772588722239781,2,0.8678368830231672,-0.4742250261846643,Potential Loyalists
18164,37,1,399.65,16.652083333333334,0.0,5.99308822822408,3.6375861597263857,2,-0.4586230637303049,-0.4378130779344706,Potential Loyalists
18165,177,1,302.46,30.246,0.0,5.715249806097095,5.181783550292085,0,-1.2151269665895823,0.450406658025147,Champions
18167,23,3,1384.86,37.428648648648654,0.0,7.234076164546975,3.1780538303479458,2,0.4788913346439988,-0.4006463741467011,Potential Loyalists
18168,176,6,1169.94,8.93083969465649,0.0,7.065562124027093,5.176149732573829,0,-0.1822060378055218,0.9968997067124732,Champions
18169,61,1,202.65,22.516666666666666,0.0,5.316402834094422,4.127134385045092,0,-0.9842208244970764,-0.2338662155984849,Champions
18170,33,3,980.31,25.79763157894737,0.0,6.888888413724063,3.5263605246161616,2,0.1710923701764333,-0.2375669320669062,Potential Loyalists
18171,59,5,1231.31,22.802037037037035,0.0,7.116645735818236,4.0943445622221,2,0.2030582129895806,0.2813602776168941,Potential Loyalists
18172,15,20,7561.68,40.00888888888889,0.0,8.930980903708734,2.772588722239781,1,2.7412154325501628,0.8442996669790278,Loyal Customers
18173,87,4,2106.84,67.9625806451613,0.0,7.653419005452328,4.477336814478207,2,0.2344742568127647,0.5071994797670466,Potential Loyalists
18174,7,1,104.0,104.0,,4.653960350157523,2.079441541679836,2,-0.4815430104436413,-1.547674005380913,Potential Loyalists
18176,358,1,476.35,15.878333333333334,0.0,6.168249974444042,5.883322388488279,0,-1.2775979333349348,0.9303338026920256,Champions
18177,31,6,1341.42,18.127297297297297,0.0,7.202229234290873,3.4657359027997265,2,0.5726691442436902,-0.0094936368006719,Potential Loyalists
18178,129,4,1590.81,16.400103092783503,0.0,7.372627012548272,4.867534450455582,2,-0.0589236254407236,0.7038629176599265,Potential Loyalists
18179,9,6,1793.17,19.92411111111112,0.0,7.492297798441418,2.302585092994046,1,1.1817213536468871,-0.6678793749617125,Loyal Customers
18180,5,6,1843.75,15.493697478991596,0.0,7.520099045938476,1.791759469228055,1,1.4008505739547017,-0.97016173293996,Loyal Customers
18181,24,1,382.8,8.700000000000001,0.0,5.950121583573599,3.218875824868201,2,-0.3109325051812038,-0.6942594141619147,Potential Loyalists
18183,227,2,632.07,17.082972972972975,0.0,6.450581000548326,5.429345628954441,0,-0.8827636140755315,0.7700246228478457,Champions
18184,15,1,49.8,49.8,,3.927896354584436,2.772588722239781,0,-1.1130724140926682,-1.2282986730025032,Champions
18185,249,1,304.25,17.897058823529413,0.0,5.721131112990814,5.521460917862246,0,-1.3490079411105989,0.6546258842599624,Champions
18188,15,3,2001.04,28.183661971830983,0.0,7.601921939695548,2.772588722239781,2,0.8206997755592246,-0.594971053623366,Potential Loyalists
18189,78,2,1090.24,16.032941176470587,0.0,6.995069943308846,4.3694478524670215,2,-0.1917544063267819,0.2070399761107009,Potential Loyalists
18190,192,2,284.46000000000004,18.964,0.0,5.654101914201623,5.262690188904886,0,-1.202368000824532,0.5651489747238193,Champions
18191,262,1,207.8,29.685714285714287,0.0,5.341376856008484,5.572154032177765,0,-1.5537852976544075,0.6348956703941002,Champions
18192,72,1,957.97,21.288222222222224,0.0,6.865859791808101,4.290459441148391,2,-0.2977045138904616,0.0683371541405318,Potential Loyalists
18193,165,1,243.76,15.235,0.0,5.500278138594339,5.111987788356544,0,-1.2913997366252767,0.3802477040525543,Champions
18194,82,1,973.84,139.12,0.0,6.882273354967445,4.418840607796598,2,-0.3414152646208554,0.1473937172381229,Potential Loyalists
18196,95,2,689.13,4.887446808510639,0.0,6.536879985642264,4.564348191467836,0,-0.4926626415422274,0.2633338498027491,Champions
18198,4,17,5425.56,34.12301886792453,0.0,8.599060694675584,1.6094379124341005,1,2.823246374005371,-0.1191819122758479,Loyal Customers
18200,106,1,163.8,5.11875,0.0,5.104732617475372,4.672828834461906,0,-1.3066549250471096,0.0650467341938493,Champions
18202,200,3,1396.99,20.543970588235293,0.0,7.242790769692349,5.303304908059076,0,-0.3723927148283518,0.873382767289676,Champions
18203,157,1,160.42000000000002,8.443157894736842,0.0,5.084009663896226,5.062595033026967,0,-1.4736154319124222,0.2957564698622583,Champions
18204,71,3,1993.7,9.9685,0.0,7.598248942076519,4.276666119016055,2,0.2134535912592743,0.3053836564932408,Potential Loyalists
18205,36,2,517.36,16.1675,0.0,6.2506699815672135,3.610917912644224,2,-0.2478166053497559,-0.3454583471557656,Potential Loyalists
18209,29,1,139.10000000000002,17.387500000000003,0.0,4.942356453342962,3.4011973816621555,0,-0.8735963124203456,-0.7179916996519774,Champions
18210,2,6,2621.38,19.56253731343284,0.0,7.871837581358896,1.0986122886681098,1,1.850644703812842,-1.338912886234109,Loyal Customers
18211,26,5,600.07,14.287380952380952,0.0,6.3987114002985646,3.295836866004329,2,0.1759380491596255,-0.2915910015896317,Potential Loyalists
18212,326,1,248.42,5.7772093023255815,0.0,5.519138222492601,5.7899601708972535,0,-1.55515939604336,0.7887944219051953,Champions
18213,237,1,232.48,15.498666666666669,0.0,5.453096420335591,5.472270673671475,0,-1.4593375515112958,0.5898088841269682,Champions
18215,89,1,299.34000000000003,23.02615384615385,0.0,5.704915166252135,4.499809670330265,0,-0.9456174043939498,0.0405878759551472,Champions
18216,31,1,481.75,18.52884615384616,0.0,6.179498921308624,3.4657359027997265,2,-0.2989426105470806,-0.5161508830231265,Potential Loyalists
18217,29,2,621.75,20.056451612903224,0.0,6.43414515414229,3.4011973816621555,2,-0.0743167565910793,-0.4468650621424744,Potential Loyalists
18218,211,2,662.08,31.527619047619048,0.0,6.496895646556665,5.356586274672012,0,-0.8309887080305927,0.7325559454379549,Champions
18219,3,10,2069.77,18.15587719298245,0.0,7.635675797768084,1.3862943611198906,1,1.9202426025452768,-0.9003599587041632,Loyal Customers
18220,227,1,305.28,152.64,0.0,5.724499716244923,5.429345628954441,0,-1.310291681443806,0.5998994834874045,Champions
18221,22,5,1041.61,16.27515625,0.0,6.949482463694109,3.1354942159291497,2,0.5078833570047505,-0.3149751749127274,Potential Loyalists
18222,93,1,443.0,23.31578947368421,0.0,6.095824562432225,4.543294782270004,0,-0.7733354511023505,0.1181958191611516,Champions
18223,5,14,6484.54,23.840220588235294,0.0,8.777330362366365,1.791759469228055,1,2.611358012355049,-0.2095206557921004,Loyal Customers
18224,264,1,158.95000000000002,15.895,0.0,5.074861266395527,5.579729825986222,0,-1.6862284221822952,0.6042780126244635,Champions
18225,3,12,5509.12,20.328856088560887,0.0,8.614341680494203,1.3862943611198906,1,2.545415763752564,-0.6225667929905178,Loyal Customers
18226,44,11,5228.05,21.603512396694217,0.0,8.561984896200169,3.80666248977032,1,1.4706677190477635,0.7458109597797824,Loyal Customers
18227,218,1,93.75,18.75,0.0,4.551241843962536,5.389071729816501,0,-1.8636970357451887,0.4210182806666032,Champions
18228,57,2,779.9,25.996666666666663,0.0,6.660447100668629,4.060443010546419,2,-0.2298248338487305,-0.022171533074305,Potential Loyalists
18229,12,20,7276.9,44.37134146341463,0.0,8.892597638039238,2.5649493574615367,1,2.8061650850006123,0.7148749409336882,Loyal Customers
18230,9,7,2810.2000000000003,32.67674418604651,0.0,7.941366717432833,2.302585092994046,1,1.47475972311189,-0.5342938632704974,Loyal Customers
18231,192,5,2083.27,16.800564516129032,0.0,7.642173953022541,5.262690188904886,2,-0.012112348016706,1.0504395657354997,Potential Loyalists
18232,82,4,592.97,16.026216216216216,0.0,6.386828813036717,4.418840607796598,2,-0.3569086559283553,0.3050932598545092,Potential Loyalists
18233,326,1,440.0,440.0,,6.089044875446846,5.7899601708972535,0,-1.2784693157916824,0.8639686000748572,Champions
18235,72,3,1796.48,17.273846153846154,0.0,7.494140962968628,4.290459441148391,2,0.1573566237784235,0.2999124303127612,Potential Loyalists
18236,30,6,882.24,18.004897959183673,0.0,6.783596964352348,3.4339872044851463,2,0.3822032496130311,-0.0837290900565303,Potential Loyalists
18237,3,5,987.1,16.181967213114753,0.0,6.895783907200917,1.3862943611198906,1,1.185949100472938,-1.3697090846412336,Loyal Customers
18239,219,5,1561.61,17.745568181818182,0.0,7.354112779132593,5.393627546352362,0,-0.204674786218454,1.090865029094421,Champions
18240,46,1,422.58,70.42999999999999,0.0,6.048742398259456,3.8501476017100575,2,-0.5171690509863452,-0.3031622271628549,Potential Loyalists
18241,10,17,2073.09,19.93355769230769,0.0,7.637277782254905,2.3978952727983707,1,2.038908374184477,0.2261849119000931,Loyal Customers
18242,72,4,2232.49,28.62166666666667,0.0,7.711320663504336,4.290459441148391,2,0.3378126148286235,0.4029103337817354,Potential Loyalists
18245,7,7,2567.06,14.668914285714283,0.0,7.850906029022887,2.079441541679836,1,1.5206669253391685,-0.6798738647008981,Loyal Customers
18246,24,2,596.1,149.025,0.0,6.392084603552947,3.218875824868201,2,-0.0213440546769944,-0.5616112140736083,Potential Loyalists
18248,123,2,804.02,17.1068085106383,0.0,6.690867121830435,4.820281565605037,0,-0.5209271774937928,0.4369322337168916,Champions
18249,17,1,95.34,11.9175,0.0,4.567883601202075,2.8903717578961645,0,-0.8497714500017005,-1.0733364752778585,Champions
18250,310,1,349.27,16.63190476190476,0.0,5.858704285656805,5.739792912179234,0,-1.370105117799132,0.8035385182923188,Champions
18251,87,1,4314.72,269.67,0.0,8.370019449389407,4.477336814478207,2,0.3573389938609536,0.3786717551922939,Potential Loyalists
18252,51,2,526.67,5.374183673469387,0.0,6.268471088312343,3.951243718581428,2,-0.3761715360642089,-0.1392784562048443,Potential Loyalists
18255,89,1,103.3,17.21666666666667,0.0,4.647271362006727,4.499809670330265,0,-1.4591042141326778,-0.0989218198314129,Champions
18257,39,8,2337.63,19.81042372881356,0.0,7.757320566811742,3.688879454113936,2,0.902370633871826,0.3460751339341854,Potential Loyalists
18259,25,3,2338.6,55.68095238095238,0.0,7.757735253568871,3.258096538021482,2,0.7009071798734957,-0.2836324408901793,Potential Loyalists
18260,173,6,2643.2000000000003,19.72537313432836,0.0,7.880123841075997,5.159055299214529,2,0.2201455732234734,1.0941069932023602,Potential Loyalists
18261,43,2,324.24,15.44,0.0,5.784563371339637,3.784189633918261,2,-0.543861829980765,-0.3031627870088847,Potential Loyalists
18262,140,1,149.48,11.498461538461536,0.0,5.013830184992774,4.948759890378168,0,-1.4618635399725377,0.2183199238771291,Champions
18263,26,3,1213.16,19.88786885245901,0.0,7.10180775865179,3.295836866004329,2,0.3672616370889797,-0.3475494270093106,Potential Loyalists
18265,72,2,801.51,17.424130434782608,0.0,6.687744315985722,4.290459441148391,2,-0.3091646085757988,0.1191932026879835,Potential Loyalists
18268,134,1,25.5,25.5,,3.277144732992177,4.90527477843843,0,-2.2875207134963143,-0.0368041238914203,Champions
18269,366,1,168.60000000000002,24.08571428571429,0.0,5.133442723357803,5.905361848054571,0,-1.7888695148892844,0.8070365128066453,Champions
18270,38,2,283.15000000000003,25.740909090909096,0.0,5.649502267743131,3.6635616461296463,2,-0.5608755680060896,-0.3932260650272726,Potential Loyalists
18272,3,6,3078.58,18.54566265060241,0.0,8.03254850303289,1.3862943611198906,1,1.812864204009025,-1.1454123010788533,Loyal Customers
18273,2,3,204.0,68.0,127.5,5.3230099791384085,1.0986122886681098,2,0.3881418311588945,-1.8981705706533,Potential Loyalists
18274,30,1,175.92,15.992727272727272,0.0,5.1756976530001255,3.4339872044851463,0,-0.7735084648474173,-0.6675737112899566,Champions
18276,44,1,335.86,23.99,0.0,5.81966741377024,3.80666248977032,2,-0.6108802837465851,-0.3594232202405032,Potential Loyalists
18277,58,1,110.38,13.7975,0.0,4.7129477781615225,4.07753744390572,0,-1.257233541899673,-0.3431707996561789,Champions
18278,74,1,173.9,19.322222222222223,0.0,5.164214382024556,4.31748811353631,0,-1.134734886103595,-0.1399319769352071,Champions
18280,278,1,180.6,18.06,0.0,5.201806466167193,5.631211781821365,0,-1.6453203829825465,0.6518570225752989,Champions
18281,181,1,80.82,11.545714285714284,0.0,4.404521712501253,5.204006687076795,0,-1.860432249807348,0.2908237290697115,Champions
18282,8,2,178.05,14.8375,0.0,5.187665096444442,2.19722457733622,2,-0.1948271809888965,-1.3323805496686827,Potential Loyalists
18283,4,16,2094.88,2.771005291005291,0.0,7.647728791893583,1.6094379124341005,1,2.2863589731734333,-0.3190189878605117,Loyal Customers
18287,43,3,1837.28,26.24685714285714,0.0,7.516585630812605,3.784189633918261,2,0.3720512872992956,-0.0003478716937986,Potential Loyalists
